train_number,train_name,source,destination,running_days
12221,HOWRAH DURONTO,PUNE JN,HOWRAH JN,1000010
12219,SC DURONTO EXP,LOKMANYATILAK T,SECUNDERABAD JN,10010
12220,LTT DURONTO,SECUNDERABAD JN,LOKMANYATILAK T,100100
12228,MUMBAI DURONTO,INDORE JN BG,MUMBAI CENTRAL,101
12222,HWH PUNE DURONTO,HOWRAH JN,PUNE JN,1010
12224,ERS LTT DURONTO,ERNAKULAM JN,LOKMANYATILAK T,10001
12227,INDORE DURONTO,MUMBAI CENTRAL,INDORE JN BG,1010
12223,LTT ERS DURONTO,LOKMANYATILAK T,ERNAKULAM JN,100010
12214,YPR DURONTO EXP,DELHI S ROHILLA,YESVANTPUR JN,1000000
12240,HSR MMCT DURONTO,HISAR,MUMBAI CENTRAL,101000
12260,SDAH DURONTO,BIKANER JN,SEALDAH,1101100
12259,BKN DURONTO EXP,SEALDAH,BIKANER JN,1011001
12261,HOWRAH DURONTO,C SHIVAJI TERM MUMBAI,HOWRAH JN,111001
12246,DURONTO EXPRESS,SMVT BENGALURU,HOWRAH JN,1101101
12245,HWH SMVB DURONTO,HOWRAH JN,SMVT BENGALURU,110111
12262,HWH CSTM DURONTO,HOWRAH JN,C SHIVAJI TERM MUMBAI,1110100
12263,NZM DURONTO EXP,PUNE JN,H NIZAMUDDIN,100100
12265,DEE JAT DURONTO,DELHI S ROHILLA,JAMMU TAWI,100101
12268,MMCT DURONTO EXP,HAPA,MUMBAI CENTRAL,1111111
12267,RJT DURONTO EXP,MUMBAI CENTRAL,HAPA,1111111
12266,DURONTO EXPRESS,JAMMU TAWI,DELHI S ROHILLA,1010010
12269,DURONTO EXPRESS,CHENNAI CENTRAL,H NIZAMUDDIN,1000100
12264,PUNE DURONTO EXP,H NIZAMUDDIN,PUNE JN,1001000
12270,MAS DURONTO EXP,H NIZAMUDDIN,CHENNAI CENTRAL,100010
12274,HWH DURONTO EXP,NEW DELHI,HOWRAH JN,100010
12273,NDLS DURONTO,HOWRAH JN,NEW DELHI,1000100
12285,NZM DURONTO  EX,SECUNDERABAD JN,H NIZAMUDDIN,1001
12284,NZM ERS DURONTO,H NIZAMUDDIN,ERNAKULAM JN,10
12283,ERS NZM DURONTO,ERNAKULAM JN,H NIZAMUDDIN,100000
12282,BBS DURONTO EXP,NEW DELHI,BHUBANESWAR,1000
12286,NZM SC DURONTO,H NIZAMUDDIN,SECUNDERABAD JN,1000100
12290,NGP CSMT DURONTO,NAGPUR,C SHIVAJI TERM MUMBAI,1111111
12289,CSMT NGP DURONTO,C SHIVAJI TERM MUMBAI,NAGPUR,1111111
12294,ALD LTT DURONTO,PRAYAGRAJ JN,LOKMANYATILAK T,100010
12297,PUNE DURONTO,AHMEDABAD JN,PUNE JN,100101
22201,DURONTO EXPRESS,SEALDAH,PURI,1010100
12298,ADI DURONTO EXP,PUNE JN,AHMEDABAD JN,1001010
22202,DURONTO EXPRESS,PURI,SEALDAH,101010
22209,NZM DURONTO,MUMBAI CENTRAL,H NIZAMUDDIN,1000100
22204,VSKP DURONTO,SECUNDERABAD JN,VISAKHAPATNAM,1010010
22210,MMCT DURONTO,H NIZAMUDDIN,MUMBAI CENTRAL,100010
22214,DURONTO EXPRESS,PATNA JN,SHALIMAR,101010
22213,SHM PNBE DURONTO,SHALIMAR,PATNA JN,1010100
12236,ANVT MDP HUMSFR,ANAND VIHAR TRM,MADHUPUR JN,1000
12235,HUMSAFAR EXP,MADHUPUR JN,ANAND VIHAR TRM,100
12276,NDLS ALD HUMSAFAR,NEW DELHI,PRAYAGRAJ JN,1010110
12275,PRYJ NDLS HUMSAFAR,PRAYAGRAJ JN,NEW DELHI,101101
12349,NDLS HUMSAFAR,GODDA,NEW DELHI,1000000
12350,GODA HUMSAFAR,NEW DELHI,GODDA,100000
12504,AGTL SMVB HUMSAFAR,AGARTALA,SMVT BENGALURU,100010
12595,ANVT HUMSAFAR,GORAKHPUR JN,ANAND VIHAR TRM,1101000
12503,AGTL HUMSAFAR,SMVT BENGALURU,AGARTALA,100100
12751,NED JAT HUMSAFAR,H SAHIB NANDED,JAMMU TAWI,100
12596,GKP HUMSAFAR,ANAND VIHAR TRM,GORAKHPUR JN,110100
12752,JAT NED HUMSAFAR,JAMMU TAWI,H SAHIB NANDED,1
12998,BME BDTS HUMSAFAR,BARMER,BANDRA TERMINUS,1000
12997,BARMER HUMSAFAR,BANDRA TERMINUS,BARMER,10000
13115,SDAH JPE HUMSAFAR,SEALDAH,JALPAIGURI ROAD,100
13116,SDAH HUMSAFAR EXP,JALPAIGURI ROAD,SEALDAH,10
13424,AII BGP EXP,AJMER JN,BHAGALPUR,10
13423,BGP AII EXPRESS,BHAGALPUR,AJMER JN,1000
15706,CHAMPARAN HMSFR,DELHI,KATIHAR JN,100100
15705,CHAMPARAN HUMSFR,KATIHAR JN,DELHI,1001000
16320,KCVL HUMSAFAR,SMVT BENGALURU,TRIVANDRUM NORTH,101
17439,CHE HUMSAFAR EXP,TIRUPATI,SRIKAKULAM ROAD,1
16319,BAND HUMSAFAR,TRIVANDRUM NORTH,SMVT BENGALURU,1010
17440,HUMSAFAR EXPRES,SRIKAKULAM ROAD,TIRUPATI,1000000
19668,UDZ HUMSAFAR EXP,MYSORE JN,UDAIPUR CITY,1000
19667,MYS HUMSAFAR EXP,UDAIPUR CITY,MYSORE JN,1000000
20481,TPJ SF HUMSAFAR,JODHPUR JN,TIRUCHCHIRAPALI,10000
19669,PPTA HUMSAFAR,UDAIPUR CITY,PATLIPUTRA,10000
19670,HUMSAFAR EXPRESS,PATLIPUTRA,UDAIPUR CITY,100
19091,GKP HUMSAFAR,BANDRA TERMINUS,GORAKHPUR JN,1000000
20482,BGKT HUMSAFAR,TIRUCHCHIRAPALI,JODHPUR JN,10
20497,FZR HUMSAFAR,RAMESWARAM,FIROZPUR CANT,100000
20498,FZR RMM HUMSAFAR,FIROZPUR CANT,RAMESWARAM,10
20827,JBP SRC HUMSAFR,JABALPUR,SANTRAGACHI JN,1000
20821,PUNE SRC HUMSAFR,PUNE JN,SANTRAGACHI JN,1000000
20828,HUMSAFAR EXP,SANTRAGACHI JN,JABALPUR,10000
20889,HUMSAFAR  EXP,HOWRAH JN,TIRUPATI,10
20890,HWH HUMSAFAR SF,TIRUPATI,HOWRAH JN,1
20822,PUNE HUMSAFAR,SANTRAGACHI JN,PUNE JN,10
20915,LPI INDB HUMSAFR,CHARLAPALLI,INDORE JN BG,1
20916,INDB LPI HUMSAFR,INDORE JN BG,CHARLAPALLI,10
20923,GIMB HUMSAFAR,TIRUNELVELI JN,GANDHIDHAM BG,1000
20917,PURI HUMSAFAR EX,INDORE JN BG,PURI,100000
20924,TEN HUMSAFAR,GANDHIDHAM BG,TIRUNELVELI JN,1000000
20918,INDB HUMSAFAR EX,PURI,INDORE JN BG,1000
20943,BGKT HUMSAFAR,BANDRA TERMINUS,BHAGAT KI KOTHI,1000
20944,BDTS HUMSAFAR,BHAGAT KI KOTHI,BANDRA TERMINUS,100
21901,BARMER HUMSAFAR,BANDRA TERMINUS,BARMER,100
21902,BDTS HUMSAFAR,BARMER,BANDRA TERMINUS,10
22139,AJNI HUMSAFAR,PUNE JN,AJNI,10
22141,NAGPUR HUMSAFAR,PUNE JN,NAGPUR,1000
22169,HBJ SRC HUMSAFAR,RANI KAMLAPATI,SANTRAGACHI JN,10000
22170,SRC HBJ HUMSAFAR,SANTRAGACHI JN,RANI KAMLAPATI,1000
22140,PUNE HUMSAFAR,AJNI,PUNE JN,1
22171,PUNE HBJ HUMSAFR,PUNE JN,RANI KAMLAPATI,1
22172,HBJ PUNE HUMSAFR,RANI KAMLAPATI,PUNE JN,10
22142,PUNE HUMSAFAR,NAGPUR,PUNE JN,100
22317,HUMSAFAR EXP,SEALDAH,JAMMU TAWI,1000000
22318,SDAH HUMSAFAR,JAMMU TAWI,SEALDAH,10000
22437,ANVT HUMSAFAR,PRAYAGRAJ JN,ANAND VIHAR TRM,1010010
22438,PRYJ HUMSAFAR,ANAND VIHAR TRM,PRAYAGRAJ JN,101001
22353,HUMSAFAR EXP,PATNA JN,SMVT BENGALURU,1000
22354,HUMSAFAR EXP,SMVT BENGALURU,PATNA JN,1
22460,B V DHAM HUMSAFR,ANAND VIHAR TRM,MADHUPUR JN,1000000
22459,HUMSAFAR EXP,MADHUPUR JN,ANAND VIHAR TRM,100000
22497,TPJ HUMSAFAR SUP,SHRI GANGANAGAR,TIRUCHCHIRAPALI,1000000
22498,SGNR HUMSAFAR SF,TIRUCHCHIRAPALI,SHRI GANGANAGAR,100
22705,JAT HUMSAFAR SF,TIRUPATI,JAMMU TAWI,100000
22833,HUMSAFAR EXPRESS,BHUBANESWAR,SMVT BENGALURU,10000
22834,BBS HUMSAFAR,SMVT BENGALURU,BHUBANESWAR,1000
22867,HUMSAFAR EXP,DURG,H NIZAMUDDIN,100100
22868,DURG HUMSAFAR,H NIZAMUDDIN,DURG,10010
22706,TPTY HUMSAFAR,JAMMU TAWI,TIRUPATI,100
22887,SMVB HUMSAFAR EXP,HOWRAH JN,SMVT BENGALURU,100000
22888,HWH HUMSAFAR EXP,SMVT BENGALURU,HOWRAH JN,1000
22913,SHC HUMSAFAR,BANDRA TERMINUS,SAHARSA JN,1
22920,ADI MAS HUMSAFAR,AHMEDABAD JN,CHENNAI CENTRAL,1000000
22914,BDTS HUMSAFAR,SAHARSA JN,BANDRA TERMINUS,100000
22923,JAM HUMSAFAR,BANDRA TERMINUS,JAMNAGAR,1001010
22985,RAJ HUMSAFAR EXP,UDAIPUR CITY,DELHI S ROHILLA,1
22986,RAJ HUMSAFAR EXP,DELHI S ROHILLA,UDAIPUR CITY,1
12113,NAGPUR GARIBRATH,PUNE JN,NAGPUR,1010010
22924,BDTS HUMSAFAR,JAMNAGAR,BANDRA TERMINUS,100101
12114,PUNE GARIBRATH,NAGPUR,PUNE JN,100101
12201,KCVL GARIB RATH,LOKMANYATILAK T,TRIVANDRUM NORTH,1000100
12188,JBP GARIB RATH,C SHIVAJI TERM MUMBAI,JABALPUR,101001
12202,LTT GARIB RATH,TRIVANDRUM NORTH,LOKMANYATILAK T,1001
12187,MUMBAI GARIBRATH,JABALPUR,C SHIVAJI TERM MUMBAI,1010010
12203,GARIB RATH EXP,SAHARSA JN,AMRITSAR JN,1001001
12207,JAMMU GARIB RATH,KATHGODAM,JAMMU TAWI,100000
12204,SHC GARIB RATH,AMRITSAR JN,SAHARSA JN,10011
12208,KGM GARIB RATH,JAMMU TAWI,KATHGODAM,1
12211,ANVT GARIB RATH,MUZAFFARPUR JN,ANAND VIHAR TRM,100
12212,MFP GARIB RATH,ANAND VIHAR TRM,MUZAFFARPUR JN,10000
12215,DEE BDTS G RATH,DELHI S ROHILLA,BANDRA TERMINUS,1101010
12216,DEE GARIBRATH,BANDRA TERMINUS,DELHI S ROHILLA,110101
12257,KOCHUVELI GR,YESVANTPUR JN,TRIVANDRUM NORTH,101001
12435,JYG ANVT G RATH,JAYNAGAR,ANAND VIHAR TRM,1000100
12258,YESVANTPUR EXP,TRIVANDRUM NORTH,YESVANTPUR JN,1010100
12436,JYG GARIB RATH,ANAND VIHAR TRM,JAYNAGAR,100010
12501,AGTL GARIB RATH,KOLKATA,AGARTALA,1
12502,KOAA GARIB RATH,AGARTALA,KOLKATA,10000
12517,GHY GARIB RATH,KOLKATA,GUWAHATI,1000
12518,KOAA GARIB RATH,GUWAHATI,KOLKATA,10
12536,LJN GARIBRATH,RAIPUR JN,LUCKNOW NE,100100
12594,LJN GARIB RATH,BHOPAL JN,LUCKNOW NE,1
12535,LJN R GARIBRATH,LUCKNOW NE,RAIPUR JN,1001000
12593,LJN BPL G RATH,LUCKNOW NE,BHOPAL JN,10
12612,MAS GARIB RATH,H NIZAMUDDIN,CHENNAI CENTRAL,1000000
12611,NZM GARIB RATH,CHENNAI CENTRAL,H NIZAMUDDIN,10
12739,VSKP GARIB RATH,VISAKHAPATNAM,SECUNDERABAD JN,1111111
12740,VSKP GARIB RATH,SECUNDERABAD JN,VISAKHAPATNAM,1111111
12878,NDLS RNC G RATH,NEW DELHI,RANCHI,101001
12909,NZM GARIB RATH,BANDRA TERMINUS,H NIZAMUDDIN,101010
12910,BDTS GARIB RATH,H NIZAMUDDIN,BANDRA TERMINUS,10101
12882,PURI HWH G RATH,PURI,SHALIMAR,1010000
12881,HWH PURI G RATH,SHALIMAR,PURI,101000
12984,CDG AII G RATH,CHANDIGARH,AJMER JN,1010010
12983,AII CDG G RATH,AJMER JN,CHANDIGARH,100101
13127,ARA GARIB RATH,KOLKATA,ARA JN,101010
13128,KOL GARIB RATH,ARA JN,KOLKATA,10101
22406,BGP GARIB RATH,ANAND VIHAR TRM,BHAGALPUR,1010100
22409,ANVT GARIB RATH,GAYA JN,ANAND VIHAR TRM,1
22542,BSBS GARIB RATH,ANAND VIHAR TRM,BANARAS,1000100
22410,GAYA GARIB RATH,ANAND VIHAR TRM,GAYA JN,10
22541,ANVT GARIB RATH,BANARAS,ANAND VIHAR TRM,1001
22883,PURI YPR G RATH,PURI,YESVANTPUR JN,100
22884,PURI GARIB RATH,YESVANTPUR JN,PURI,10
12021,BBN JANSHATABDI,HOWRAH JN,BARABIL,1111111
12035,PURNAGIRI JSHT,TANAKPUR,DELHI,1111111
12022,BBN JANSHATABDI,BARABIL,HOWRAH JN,1111111
12038,SIDDHABALI EXP,DELHI,KOTDWARA,1111111
12037,SIDDHABALI EXP,KOTDWARA,DELHI,1111111
12048,GHY JANSHATABDI,NORTH LAKHIMPUR,GUWAHATI,110000
12047,NLP JANSHATABDI,GUWAHATI,NORTH LAKHIMPUR,110000
12036,PURNAGIRI JSHT,DELHI,TANAKPUR,1111111
12051,MAO JANSHATABDI,C SHIVAJI TERM MUMBAI,MADGAON,1111111
12055,DDN JANSHTBDI,NEW DELHI,DEHRADUN,1111111
12052,CSMT JANSHTABDI,MADGAON,C SHIVAJI TERM MUMBAI,1111111
12057,DLPC JANSHTABDI,NEW DELHI,DAULATPUR CHOWK,1111111
12056,NDLS JANSHATABDI,DEHRADUN,NEW DELHI,1111111
12058,NDLS JANSHTBADI,DAULATPUR CHOWK,NEW DELHI,1111111
12059,NZM JAN SHATABDI,KOTA JN,H NIZAMUDDIN,1111111
12060,KOTA JANSHTBDI,H NIZAMUDDIN,KOTA JN,1111111
12061,JBP JANSHATABDI,RANI KAMLAPATI,JABALPUR,1111111
12062,RKMP JANSHATABDI,JABALPUR,RANI KAMLAPATI,1111111
12063,HW UHL LINK JSHT,HARIDWAR JN,UNA HIMACHAL,100101
12065,DEE JAN SHATABDI,AJMER JN,DELHI S ROHILLA,1110110
12066,AII JAN SHATABDI,DELHI S ROHILLA,AJMER JN,1110110
12064,UHL HW LINK JSHT,UNA HIMACHAL,HARIDWAR JN,1010010
12071,JAN SHATABDI EXP,C SHIVAJI TERM MUMBAI,HINGOLI DECCAN,1111111
12072,JANSHATABDI EXP,HINGOLI DECCAN,C SHIVAJI TERM MUMBAI,1111111
12073,BBS JAN SHATABDI,HOWRAH JN,BHUBANESWAR,1111111
12074,BBS JAN SHATABDI,BHUBANESWAR,HOWRAH JN,1111111
12075,JAN SHATABDI,KOZHIKODE,TRIVANDRUM CNTL,1111111
12081,JAN SHATABDI,KANNUR,TRIVANDRUM CNTL,1101110
12076,JAN SHATABDI,TRIVANDRUM CNTL,KOZHIKODE,1111111
12080,JAN SHATABDI EXP,HUBBALLI JN,KSR BANGALORE CY JN,1111111
12079,JANSHATABDI EXP,KSR BANGALORE CY JN,HUBBALLI JN,1111111
12082,JAN SHATABDI,TRIVANDRUM CNTL,KANNUR,1011101
12090,JANSHATABDI EXP,SHIMOGA TOWN,KSR BANGALORE CY JN,1111111
12092,NAINI DOON JAN S,KATHGODAM,DEHRADUN,110111
12089,JANSHATABDI EXP,KSR BANGALORE CY JN,SHIMOGA TOWN,1111111
12091,NAINI DOON JAN S,DEHRADUN,KATHGODAM,110111
12097,AGTL KGBP JANSHT,AGARTALA,KHONGSANG,1010100
12098,KGBP AGTL JANSHT,KHONGSANG,AGARTALA,1010100
12365,RNC JANSHATABDI,PATNA JN,RANCHI,1111111
12366,PNBE JANSHATABDI,RANCHI,PATNA JN,1111111
20949,JAN SHATABDI EX,AHMEDABAD JN,EKTA NAGAR,1111111
20948,JAN SHATABDI EX,EKTA NAGAR,AHMEDABAD JN,1111111
15126,JANSHATABDI EXP,PATNA JN,BANARAS,1111111
20950,JAN SHATABDI EX,EKTA NAGAR,AHMEDABAD JN,1111111
20947,JAN SHATABDI EX,AHMEDABAD JN,EKTA NAGAR,1111111
15125,PATNA JANSHTBDI,BANARAS,PATNA JN,1111111
12305,KOLKATA RJDHNI,HOWRAH JN,NEW DELHI,1
12309,RJPB RAJDHANI,RJNDR NGR BIHAR,NEW DELHI,1111111
12306,KOLKATA  RJDHNI,NEW DELHI,HOWRAH JN,100
12313,RAJDHANI EXP,SEALDAH,NEW DELHI,1111111
12310,RJPB RAJDHANI,NEW DELHI,RJNDR NGR BIHAR,1111111
12423,DBRT NDLS RAJDHANI,DIBRUGARH,NEW DELHI,1111111
12314,SEALDAH RAJDHNI,NEW DELHI,SEALDAH,1111111
12426,JAMMU RAJDHANI,JAMMU TAWI,NEW DELHI,1111111
12424,DBRT RAJDHANI,NEW DELHI,DIBRUGARH,1111111
12425,JAMMU RAJDHANI,NEW DELHI,JAMMU TAWI,1111111
12432,TRIVNDRM RJDHNI,H NIZAMUDDIN,TRIVANDRUM CNTL,110001
12437,RAJDHANI EXP,SECUNDERABAD JN,H NIZAMUDDIN,10000
12434,CHENNAI RAJDHNI,H NIZAMUDDIN,CHENNAI CENTRAL,10100
12433,RAJDHANI EXP,CHENNAI CENTRAL,H NIZAMUDDIN,101
12431,TVC NZM RAJDHANI,TRIVANDRUM CNTL,H NIZAMUDDIN,101100
12453,RNC NDLS RAJ EXP,RANCHI,NEW DELHI,1
12454,NDLS RNC RJDHNI,NEW DELHI,RANCHI,10
12951,MUMBAI RAJDHANI,MUMBAI CENTRAL,NEW DELHI,1111111
12438,NZM SC RJDHNI,H NIZAMUDDIN,SECUNDERABAD JN,1
12952,MUMBAI RAJDHANI,NEW DELHI,MUMBAI CENTRAL,1111111
12957,SWARNA J RAJ EX,SABARMATI BG,NEW DELHI,1111111
12953,AUG KR RAJ EXP,MUMBAI CENTRAL,H NIZAMUDDIN,1111111
12954,AG KRANTI RJDHN,H NIZAMUDDIN,MUMBAI CENTRAL,1111111
12958,ADI SJ RAJDHANI,NEW DELHI,SABARMATI BG,1111111
20504,NDLS DBRG RJDHN,NEW DELHI,DIBRUGARH,1110110
20408,RNC RAJDHANI,NEW DELHI,RANCHI,10000
20503,DBRG NDLS RAJ,DIBRUGARH,NEW DELHI,111011
20407,RNC NDLS RAJ EX,RANCHI,NEW DELHI,1000
20507,RAJDHANI EXP,SAIRANG,ANAND VIHAR TRM,100
20505,RAJDHANI EXP,DIBRUGARH,NEW DELHI,1000100
20506,DBRG RAJDHANI,NEW DELHI,DIBRUGARH,1001
20508,SANG RAJDHANI EXP,ANAND VIHAR TRM,SAIRANG,1
20817,TEJAS RAJ EXP,BHUBANESWAR,NEW DELHI,10
20839,RNC NDLS RAJ EXP,RANCHI,NEW DELHI,10010
20818,BBS TEJAS RAJDHANI,NEW DELHI,BHUBANESWAR,1
22413,MAO NZM RAJDHANI,MADGAON,H NIZAMUDDIN,1000001
22221,NZM RAJDHANI EXP,C SHIVAJI TERM MUMBAI,H NIZAMUDDIN,1111111
22222,CSMT RAJDHANI,H NIZAMUDDIN,C SHIVAJI TERM MUMBAI,1111111
20840,NDLS RNC RAJ EXP,NEW DELHI,RANCHI,1000100
22414,NZM MAO RAJDANI,H NIZAMUDDIN,MADGAON,110
22812,BUBNESWR RJDHNI,NEW DELHI,BHUBANESWAR,1000100
22691,RAJDHANI EXP,KSR BANGALORE CY JN,H NIZAMUDDIN,1111111
22811,BBS RAJDHANI EXP,BHUBANESWAR,NEW DELHI,10001
22823,BBS RAJDHANI EXP,BHUBANESWAR,NEW DELHI,1101100
22692,BANGLORE RJDHNI,H NIZAMUDDIN,KSR BANGALORE CY JN,1111111
10215,MADGAON ERS EXP,MADGAON,ERNAKULAM JN,1
22824,BUBNESWR RJDHNI,NEW DELHI,BHUBANESWAR,111010
10216,MADGAON EXPRESS,ERNAKULAM JN,MADGAON,1000000
12101,JNANESWARI DELX,LOKMANYATILAK T,SHALIMAR,1100110
12102,JNANESWARI EXP,SHALIMAR,LOKMANYATILAK T,1011001
12103,PUNE LUCKNOW EXP,PUNE JN,LUCKNOW NE,100000
12104,LJN PUNE EXP,LUCKNOW NE,PUNE JN,10000
12105,VIDARBHA EXPRESS,C SHIVAJI TERM MUMBAI,GONDIA JN,1111111
12107,LTT SITAPUR EXP,LOKMANYATILAK T,SITAPUR,1010010
12108,STP LTT SF EXP,SITAPUR,LOKMANYATILAK T,101001
12110,PANCHAVTI EXP,MANMAD JN,C SHIVAJI TERM MUMBAI,1111111
12109,PANCHAVATI EXP,C SHIVAJI TERM MUMBAI,MANMAD JN,1111111
12112,AMI CSMT EXPRESS,AMRAVATI,C SHIVAJI TERM MUMBAI,1111111
12111,CSMT AMI EXPRESS,C SHIVAJI TERM MUMBAI,AMRAVATI,1111111
12117,LTT MANMAD EXP,LOKMANYATILAK T,MANMAD JN,1111111
12116,SIDDHESWAR EXP,SOLAPUR JN,C SHIVAJI TERM MUMBAI,1111111
12115,SIDDHESHWAR EXP,C SHIVAJI TERM MUMBAI,SOLAPUR JN,1111111
12118,MANMAD LTT EXP,MANMAD JN,LOKMANYATILAK T,1111111
12120,AJNI AMI EXP,AJNI,AMRAVATI,1111111
12119,AMI AJNI EXP,AMRAVATI,AJNI,1111111
12123,DECCAN QUEEN,C SHIVAJI TERM MUMBAI,PUNE JN,1111111
12121,M P SMPRK KRNTI,JABALPUR,H NIZAMUDDIN,10101
12122,M P SMPRK KRNTI,H NIZAMUDDIN,JABALPUR,1001010
12125,PRAGATI EXPRESS,C SHIVAJI TERM MUMBAI,PUNE JN,1111111
12124,DECCAN QUEEN,PUNE JN,C SHIVAJI TERM MUMBAI,1111111
12126,PRAGATI EXPRESS,PUNE JN,C SHIVAJI TERM MUMBAI,1111111
12128,INTERCITY EXP,PUNE JN,C SHIVAJI TERM MUMBAI,1111111
12127,INTERCITY EXP,C SHIVAJI TERM MUMBAI,PUNE JN,1111111
12131,DR SAINAGAR EXP,DADAR,SAINAGAR SHIRDI,1010010
12130,AZAD HIND EXP,HOWRAH JN,PUNE JN,1111111
12129,AZAD HIND EXP,PUNE JN,HOWRAH JN,1111111
12132,SAINAGAR DR EXP,SAINAGAR SHIRDI,DADAR,101001
12133,MANGALURU EXP,C SHIVAJI TERM MUMBAI,MANGALORE JN,1111111
12134,MAJN CSMT SF EX,MANGALORE JN,THANE,1111111
12136,NAGPUR PUNE EXP,NAGPUR,PUNE JN,1010010
12135,PUNE NAGPUR EXP,PUNE JN,NAGPUR,101001
12138,PUNJAB MAIL,FIROZPUR CANT,C SHIVAJI TERM MUMBAI,1111111
12139,SEVAGRAM EXP,C SHIVAJI TERM MUMBAI,NAGPUR,1111111
12137,PUNJAB MAIL,C SHIVAJI TERM MUMBAI,FIROZPUR CANT,1111111
12141,LTT PPTA EXPRESS,LOKMANYATILAK T,PATLIPUTRA,1111111
12140,SEVAGRAM EXP,NAGPUR,C SHIVAJI TERM MUMBAI,1111111
12142,PPTA LTT EXP,PATLIPUTRA,LOKMANYATILAK T,1111111
12144,SLN LTT SF EXP,SULTANPUR,LOKMANYATILAK T,100000
12143,LTT SLN SUP EXP,LOKMANYATILAK T,SULTANPUR,1
12147,NIZAMUDDIN EXP,C SHAHUMHARAJ T,H NIZAMUDDIN,100000
12146,PURI LTT SUP EXP,PURI,LOKMANYATILAK T,100000
12151,SAMARSATA EXP,LOKMANYATILAK T,SHALIMAR,11000
12148,NZM KOP EXP,H NIZAMUDDIN,C SHAHUMHARAJ T,1000
12152,SAMARSATA EXP,SHALIMAR,LOKMANYATILAK T,110
12153,LTT RKMP EXP,LOKMANYATILAK T,RANI KAMLAPATI,1000
12154,RKMP LTT SUP EXP,RANI KAMLAPATI,LOKMANYATILAK T,100
12155,BHOPAL EXPRESS,RANI KAMLAPATI,H NIZAMUDDIN,1111111
12158,HUTATMA EXPRESS,SOLAPUR JN,PUNE JN,1111111
12159,AMI JBP SUP EXP,AMRAVATI,JABALPUR,1111111
12156,BHOPAL EXPRESS,H NIZAMUDDIN,RANI KAMLAPATI,1111111
12157,HUTATMA EXPRESS,PUNE JN,SOLAPUR JN,1111111
12161,LASHKAR EXPRESS,LOKMANYATILAK T,AGRA CANTT,100
12162,LASHKAR EXPRESS,AGRA CANTT,LOKMANYATILAK T,10
12160,JBP AMI SUP EXP,JABALPUR,AMRAVATI,1111111
12164,CHENNAI EXP,CHENNAI CENTRAL,LOKMANYATILAK T,1111111
12163,CHENNAI EXPRESS,LOKMANYATILAK T,CHENNAI CENTRAL,1111111
12167,LTT BSBS EXPRESS,LOKMANYATILAK T,BANARAS,1111111
12166,GKP LTT SUP EXP,GORAKHPUR JN,LOKMANYATILAK T,100110
12165,LTT GKP EXPRESS,LOKMANYATILAK T,GORAKHPUR JN,1001100
12169,SUR INTERCITY,PUNE JN,SOLAPUR JN,1111111
12171,LTT HW AC SUP,LOKMANYATILAK T,HARIDWAR JN,1001000
12168,BSBS LTT SUP EXP,BANARAS,LOKMANYATILAK T,1111111
12170,PUNE INTERCITY,SOLAPUR JN,PUNE JN,1111111
12173,UDYOG NAGRI EXP,LOKMANYATILAK T,MA BELHADEVI PRATAPGARH JN,100001
12172,HW LTT AC SF,HARIDWAR JN,LOKMANYATILAK T,100100
12175,CHAMBAL EXP,HOWRAH JN,GWALIOR,10001
12174,UDYOG NAGRI EXP,MA BELHADEVI PRATAPGARH JN,LOKMANYATILAK T,101000
12177,CHAMBAL EXP,HOWRAH JN,MATHURA JN,100
12176,CHAMBAL EXPRESS,GWALIOR,HOWRAH JN,100010
12179,LJN AF INTERCITY,LUCKNOW NE,AGRA FORT,1111111
12178,CHAMBAL EXPRESS,MATHURA JN,HOWRAH JN,1000000
12181,DAYODAI EXPRESS,JABALPUR,AJMER JN,1111111
12183,BPL MBDP SF EXP,BHOPAL JN,MA BELHADEVI PRATAPGARH JN,100101
12182,DAYODAYA EXP,AJMER JN,JABALPUR,1111111
12184,MBDP BPL EXPRESS,MA BELHADEVI PRATAPGARH JN,BHOPAL JN,1010010
12185,REWANCHAL EXP,RANI KAMLAPATI,REWA,1111111
12186,REWANCHAL EXP,REWA,RANI KAMLAPATI,1111111
12190,MAHAKOSHAL EXP,H NIZAMUDDIN,JABALPUR,1111111
12189,MAHAKAUSHAL EXP,JABALPUR,H NIZAMUDDIN,1111111
12191,NZM JBP SUP EXP,H NIZAMUDDIN,JABALPUR,1111111
12192,JBP NZM SF EXP,JABALPUR,H NIZAMUDDIN,1111111
12193,YPR JBP EXP,YESVANTPUR JN,JABALPUR,1
12194,JBP YPR SUP EXP,JABALPUR,YESVANTPUR JN,10
12195,AF AII INTERCITY,AGRA FORT,AJMER JN,1111111
12217,SAMPARK KRANTHI,TRIVANDRUM NORTH,CHANDIGARH,1000010
12196,AII AF INTERCITY,AJMER JN,AGRA FORT,1111111
12218,KERLA S KRANTI,CHANDIGARH,TRIVANDRUM NORTH,10100
12225,KAIFIYAT EXP,AZAMGARH,DELHI,1111111
12230,LUCKNOW MAIL,NEW DELHI,LUCKNOW NR,1111111
12229,LUCKNOW MAIL,LUCKNOW NR,NEW DELHI,1111111
12226,KAIFIYAT EXP,DELHI,AZAMGARH,1111111
12232,CDG LKO EXPRESS,CHANDIGARH,LUCKNOW NR,1111111
12237,BEGAMPURA EXP,VARANASI JN,JAMMU TAWI,1111111
12238,BEGAMPURA EXP,JAMMU TAWI,VARANASI JN,1111111
12247,BDTS NZM YUVA EX,BANDRA TERMINUS,H NIZAMUDDIN,100
12248,NZM BDTS YUVA,H NIZAMUDDIN,BANDRA TERMINUS,10
12250,JSM SSB SF EXP,JAISALMER,SHAKURBASTI,1111111
12249,SSB JSM SF EXP,SHAKURBASTI,JAISALMER,1111111
12254,ANGA EXPRESS,BHAGALPUR,SMVT BENGALURU,10000
12279,TAJ EXPRESS,V LAKSHMIBAI JHANSI,NEW DELHI,1111111
12291,YPR CHENNAI EXP,YESVANTPUR JN,CHENNAI CENTRAL,100
12280,TAJ EXPRESS,NEW DELHI,V LAKSHMIBAI JHANSI,1111111
12295,SANGHAMITRA EXP,SMVT BENGALURU,DANAPUR,1111111
12292,YESVANTPUR EXP,CHENNAI CENTRAL,YESVANTPUR JN,10
12303,POORVA EXPRESS,HOWRAH JN,NEW DELHI,1100110
12304,POORVA EXPRESS,NEW DELHI,HOWRAH JN,11011
12296,SANGHA MITRA EX,DANAPUR,SMVT BENGALURU,1111111
12307,HWH JU EXPRESS,HOWRAH JN,JODHPUR JN,110011
12308,JU HWH EXPRESS,JODHPUR JN,HOWRAH JN,1101100
12311,NETAJI EXPRESS,HOWRAH JN,KALKA,1111111
12315,ANANYA EXPRESS,KOLKATA,UDAIPUR CITY,1000
12320,GWL KOAA SF EXP,GWALIOR,KOLKATA,1000
12318,AKAL TAKHT EXP,AMRITSAR JN,KOLKATA,100100
12319,KOAA GWL EXPRESS,KOLKATA,GWALIOR,10000
12316,ANANYA EXP,UDAIPUR CITY,KOLKATA,1000000
12321,HWH MUMBAI MAIL,HOWRAH JN,C SHIVAJI TERM MUMBAI,1111111
12317,AKAL TAKHT EXP,KOLKATA,AMRITSAR JN,10001
12324,BME HWH EXP,BARMER,HOWRAH JN,10010
12322,KOLKATA MAIL,C SHIVAJI TERM MUMBAI,HOWRAH JN,1111111
12323,HWH BME EXPRESS,HOWRAH JN,BARMER,100100
12329,W B SMPRK KRNTI,SEALDAH,ANAND VIHAR TRM,100000
12330,W B SMPRK KRNTI,ANAND VIHAR TRM,SEALDAH,10000
12326,NLDM KOAA EXP,NANGAL DAM,KOLKATA,10
12325,KOAA NLDM EXP,KOLKATA,NANGAL DAM,1000
12335,BGP LTT EXPRESS,BHAGALPUR,LOKMANYATILAK T,100100
12336,BHAGALPUR EXP,LOKMANYATILAK T,BHAGALPUR,100001
12337,SANTINIKATAN EXP,HOWRAH JN,BOLPUR S NIKTN,1111111
12339,COAL FIELD EXP,HOWRAH JN,DHANBAD JN,1111111
12338,SANTINIKETAN EXP,BOLPUR S NIKTN,HOWRAH JN,1111111
12342,AGNIBINA EXPRES,ASANSOL JN,HOWRAH JN,1111111
12341,AGNIBINA EXPRES,HOWRAH JN,ASANSOL JN,1111111
12344,DARJEELING MAIL,HALDIBARI,SEALDAH,1111111
12343,DARJEELING MAIL,SEALDAH,HALDIBARI,1111111
12345,SARAIGHAT EXPRESS,HOWRAH JN,GUWAHATI,1111111
12348,RAMPURHAT EXP,RAMPUR HAT,HOWRAH JN,1111111
12346,SARAIGHAT EXP,GUWAHATI,HOWRAH JN,1111111
12347,RAMPURHAT EXP,HOWRAH JN,RAMPUR HAT,1111111
12354,LKU HWH EXP,LAL KUAN,HOWRAH JN,10
12353,HWH LKU EXP,HOWRAH JN,LAL KUAN,100
12352,RJPB HWH EXPRESS,RJNDR NGR BIHAR,HOWRAH JN,1111111
12355,ARCHNA EXPRESS,PATNA JN,JAMMU TAWI,100010
12356,ARCHANA EXPRESS,JAMMU TAWI,PATNA JN,10001
12357,DURGIANA EXP,KOLKATA,AMRITSAR JN,100010
12362,CSMT ASANSOL EXP,C SHIVAJI TERM MUMBAI,ASANSOL JN,10000
12363,KOAA HDB SUPF EX,KOLKATA,HALDIBARI,101010
12358,ASR KOAA SUP EXP,AMRITSAR JN,KOLKATA,1001000
12361,ASN CSTM EXPRESS,ASANSOL JN,C SHIVAJI TERM MUMBAI,1
12364,HDB KOAA SF EXP,HALDIBARI,KOLKATA,10101
12368,VIKRAMSHILA EXP,ANAND VIHAR TRM,BHAGALPUR,1111111
12367,VIKRAMSHILA EXPRESS,BHAGALPUR,ANAND VIHAR TRM,1111111
12371,HWH BKN SF EXP,HOWRAH JN,BIKANER JN,1000000
12375,TBM JSME EXP,TAMBARAM,JASIDIH JN,10
12377,PADATIK EXPRESS,SEALDAH,NEW ALIPURDAUR,1111111
12373,SDAH RPH INTRCTY,SEALDAH,RAMPUR HAT,10101
12374,RPH SDAH INTRCTY,RAMPUR HAT,SEALDAH,1001010
12372,BKN HWH SF EXP,BIKANER JN,HOWRAH JN,1000
12376,JSME TBM EXP,JASIDIH JN,TAMBARAM,10000
12379,JALIANWALA B EXP,SEALDAH,AMRITSAR JN,100
12378,PADATIK EXPRESS,NEW ALIPURDAUR,SEALDAH,1111111
12380,JALIANWALA B EX,AMRITSAR JN,SEALDAH,1
12382,POORVA EXPRESS,NEW DELHI,HOWRAH JN,1100100
12389,GAYA MS EXPRESS,GAYA JN,CHENNAI CENTRAL,1
12381,POORVA EXPRESS,HOWRAH JN,NEW DELHI,11001
12390,MS GAYA EXPRESS,CHENNAI CENTRAL,GAYA JN,100000
12391,SHRAMJEEVI EXP,RAJGIR,NEW DELHI,1111111
12393,S KRANTI SUP EX,RJNDR NGR BIHAR,NEW DELHI,1111111
12392,SHRAMJEVI N EXP,NEW DELHI,RAJGIR,1111111
12394,SAMPOORN K EXP,NEW DELHI,RJNDR NGR BIHAR,1111111
12396,ZIYARAT EXPRESS,AJMER JN,RJNDR NGR BIHAR,100
12398,MAHABODHI EXP,NEW DELHI,GAYA JN,1111111
12397,MAHABODHI EXP,GAYA JN,NEW DELHI,1111111
12395,ZIYARAT EXPRESS,RJNDR NGR BIHAR,AJMER JN,10000
12402,NANDA DEVI EXP,DEHRADUN,KOTA JN,1111111
12403,PRYJ BKN SF EXP,PRAYAGRAJ JN,LALGARH JN,1101010
12401,NANDA DEVI EXP,KOTA JN,DEHRADUN,1111111
12404,BKN PRYJ SF EXP,LALGARH JN,PRAYAGRAJ JN,110101
12405,GONDWANA EXPRES,BHUSAVAL JN,H NIZAMUDDIN,100001
12407,KARMABHOOMI EXP,NEW JALPAIGURI,AMRITSAR JN,10000
12406,GONDWANA EXPRESS,H NIZAMUDDIN,BHUSAVAL JN,101
12408,KARAMABHOOMI EXP,AMRITSAR JN,NEW JALPAIGURI,100
12409,GONDWANA EXPRES,RAIGARH,H NIZAMUDDIN,1011110
12410,GONDWANA EXPRES,H NIZAMUDDIN,RAIGARH,1111010
12412,INTERCITY EXP,AMRITSAR JN,CHANDIGARH,1111111
12411,INTERCITY EXP,CHANDIGARH,AMRITSAR JN,1111111
12415,INDB NDLS EXP,INDORE JN BG,NEW DELHI,1111111
12414,GALTADHAM POOJA,JAMMU TAWI,AJMER JN,1111111
12416,NDLS INDB EXP,NEW DELHI,INDORE JN BG,1111111
12413,GALTADHAM POOJA,AJMER JN,JAMMU TAWI,1111111
12417,PRAYAG RAJ EXP,PRAYAGRAJ JN,NEW DELHI,1111111
12420,GOMTI EXPRESS,NEW DELHI,LUCKNOW NR,1111111
12418,PRAYAG RAJ EXP,NEW DELHI,PRAYAGRAJ JN,1111111
12428,ANVT REWA EXP,ANAND VIHAR TRM,REWA,1111111
12427,REWA ANVT EXP,REWA,ANAND VIHAR TRM,1111111
12429,LKO NDLS AC SF,LUCKNOW NR,NEW DELHI,1111111
12430,NDLS LKO AC SF,NEW DELHI,LUCKNOW NR,1111111
12439,NED SGNR EXP,H SAHIB NANDED,SHRI GANGANAGAR,1
12440,SGNR NED EXP,SHRI GANGANAGAR,H SAHIB NANDED,100
12443,HLZ ANVT WKLY SF,HALDIA,ANAND VIHAR TRM,1000
12444,ANVT HLZ S F EXP,ANAND VIHAR TRM,HALDIA,100000
12446,UTTAR S KRANTI,MATA VAISHNO DEVI KATRA,NEW DELHI,1111111
12445,UTTAR S KRANTI,NEW DELHI,MATA VAISHNO DEVI KATRA,1111111
12447,U P SMPRK KRNTI,MANIKPUR JN,H NIZAMUDDIN,1111111
12450,GOA SMPRK K EXP,CHANDIGARH,MADGAON,1000010
12456,BKN DEE SF EXP,BIKANER JN,DELHI S ROHILLA,1111111
12451,SHRAM SHKTI EXP,KANPUR CENTRAL,NEW DELHI,1111111
12457,DEE BKN SF EXP,DELHI S ROHILLA,BIKANER JN,1111111
12455,DEE BKN SF EXP,DELHI S ROHILLA,BIKANER JN,1111111
12463,RAJSTHN S KRANTI,DELHI S ROHILLA,JODHPUR JN,10000
12452,SHRAM SHKTI EXP,NEW DELHI,KANPUR CENTRAL,1111111
12458,BKN DEE SF EXP,BIKANER JN,DELHI S ROHILLA,1111111
12464,RJSTHN S KRNTI,JODHPUR JN,DELHI S ROHILLA,1000
12466,RANTHAMBORE EXP,BHAGAT KI KOTHI,INDORE JN BG,1111111
12465,RANTHAMBHORE EXP,INDORE JN BG,BHAGAT KI KOTHI,1111111
12467,LEELAN EXP,JAISALMER,JAIPUR,1111111
12468,LEELAN EXP,JAIPUR,JAISALMER,1111111
12469,CNB JAT EXPRESS,KANPUR CENTRAL,JAMMU TAWI,10100
12470,JAT CNB EXPRESS,JAMMU TAWI,KANPUR CENTRAL,101000
12471,SWARAJ EXPRESS,BANDRA TERMINUS,MATA VAISHNO DEVI KATRA,1001101
12472,SWARAJ EXPRESS,MATA VAISHNO DEVI KATRA,BANDRA TERMINUS,110110
12474,SARVODAYA EXP,MATA VAISHNO DEVI KATRA,GANDHIDHAM BG,1000
12478,SVDK JAM EXP,MATA VAISHNO DEVI KATRA,JAMNAGAR,1
12477,JAM SVDK EXP,JAMNAGAR,MATA VAISHNO DEVI KATRA,10000
12473,SARVODAYA EXP,GANDHIDHAM BG,MATA VAISHNO DEVI KATRA,10
12475,HAPA SVDK EXP,HAPA,MATA VAISHNO DEVI KATRA,100000
12479,SURYA NAGRI EXP,JODHPUR JN,BANDRA TERMINUS,1111111
12476,SVDK HAPA EXP,MATA VAISHNO DEVI KATRA,HAPA,1000000
12480,SURYANAGARI EXP,BANDRA TERMINUS,JODHPUR JN,1111111
12482,INTERCITY EXP,SHRI GANGANAGAR,DELHI,1111111
12483,AMRITSAR EXP,TRIVANDRUM NORTH,AMRITSAR JN,10000
12485,NED SGNR EXPRES,H SAHIB NANDED,SHRI GANGANAGAR,1001000
12486,SGNR NED EXPRESS,SHRI GANGANAGAR,H SAHIB NANDED,100010
12484,ASR KCVL EXPRESS,AMRITSAR JN,TRIVANDRUM NORTH,1
12487,SEEMANCHAL EXP,JOGBANI,ANAND VIHAR TRM,1111111
12488,SEEMANCHAL EXP,ANAND VIHAR TRM,JOGBANI,1111111
12493,DARSHAN EXPRESS,MIRAJ JN,H NIZAMUDDIN,1
12496,PRATAP EXPRESS,KOLKATA,BIKANER JN,100
12495,BKN KOAA SUP EX,BIKANER JN,KOLKATA,1000
12494,DARSHAN EXPRESS,H NIZAMUDDIN,MIRAJ JN,100
12497,SHANE PUNJAB,NEW DELHI,AMRITSAR JN,1111111
12505,NORTH EAST EXP,KAMAKHYA,ANAND VIHAR TRM,1111111
12498,SHANE PUNJAB,AMRITSAR JN,NEW DELHI,1111111
12506,NORTH EAST EXP,ANAND VIHAR TRM,KAMAKHYA,1111111
12509,GUWAHATI EXP,SMVT BENGALURU,GUWAHATI,11100
12521,RAPTI SAGAR EXP,BARAUNI JN,ERNAKULAM JN,1000000
12511,RAPTI SAGAR EXP,GORAKHPUR JN,TRIVANDRUM NORTH,1101
12525,KOAA DBRG EXP,KOLKATA,DIBRUGARH,10000
12526,DBRG KOAA EXP,DIBRUGARH,KOLKATA,100000
12527,CPR ANVT SF EXP,CHHAPRA,ANAND VIHAR TRM,1
12534,PUSHPAK EXPRESS,C SHIVAJI TERM MUMBAI,GOMATI NAGAR,1111111
12533,PUSHPAK EXPRESS,GOMATI NAGAR,C SHIVAJI TERM MUMBAI,1111111
12528,ANVT CPR SF EXP,ANAND VIHAR TRM,CHHAPRA,1000000
12540,LKO YPR SUP EXP,LUCKNOW NR,YESVANTPUR JN,100
12545,KARMBHOOMI EXP,RAXAUL JN,LOKMANYATILAK T,1000
12546,KARMABHOOMI EX,LOKMANYATILAK T,RAXAUL JN,10
12548,ADI AGC SF EXP,SABARMATI BG,AGRA CANTT,1011001
12547,AGC ADI SF EXP,AGRA CANTT,SABARMATI BG,1101100
12550,UHP DURG SF EXP,MTYR C TUSHAR MAHAJAN,DURG,1000
12552,KYQ SMVB AC EXP,KAMAKHYA,SMVT BENGALURU,10000
12551,SMVB KYQ AC EXP,SMVT BENGALURU,KAMAKHYA,10
12556,GORAKDAM EXPRES,BHATINDA JN,GORAKHPUR JN,1111111
12555,GORAKDAM EXPRES,GORAKHPUR JN,BHATINDA JN,1111111
12557,SAPT KRANTI EXP,MUZAFFARPUR JN,ANAND VIHAR TRM,1111111
12559,SHIV GANGA EXP,BANARAS,NEW DELHI,1111111
12558,SAPT KRANTI EXP,ANAND VIHAR TRM,MUZAFFARPUR JN,1111111
12561,SWATANTRA S EXP,JAYNAGAR,NEW DELHI,1111111
12565,BIHAR S KRANTI,DARBHANGA JN,NEW DELHI,1111111
12560,SHIV GANGA EXP,NEW DELHI,BANARAS,1111111
12562,SWATANTRTA S EXP,NEW DELHI,JAYNAGAR,1111111
12567,RAJYA RANI EXP,SAHARSA JN,PATNA JN,1111111
12566,BIHAR S KRANTI,NEW DELHI,DARBHANGA JN,1111111
12577,BAGMATI EXPRESS,DARBHANGA JN,MYSORE JN,100000
12568,RAJYA RANI EXP,PATNA JN,SAHARSA JN,1111111
12578,BAGMATI EXPRESS,MYSORE JN,DARBHANGA JN,100
12584,LJN DOUBLE DKR,ANAND VIHAR TRM,LUCKNOW NE,101101
12583,ANVT DOUBLE DKR,LUCKNOW NE,ANAND VIHAR TRM,101101
12581,BSBS NDLS SF EXP,BANARAS,NEW DELHI,1001111
12582,BSBS SF EXPRESS,NEW DELHI,BANARAS,11111
12588,GKP SF EXP,JAMMU TAWI,GORAKHPUR JN,10
12589,GKP SC EXPRESS,GORAKHPUR JN,CHARLAPALLI,10000
12592,GORAKHPUR EXP,YESVANTPUR JN,GORAKHPUR JN,1000000
12590,GORAKHPUR EXP,CHARLAPALLI,GORAKHPUR JN,1000
12597,GKP CSTM JANSADHARAN,GORAKHPUR JN,C SHIVAJI TERM MUMBAI,100000
12591,GKP YPR EXPRESS,GORAKHPUR JN,YESVANTPUR JN,10
12601,MANGALORE MAIL,CHENNAI CENTRAL,MANGALORE CNTL,1111111
12598,CSTM GKP JANSADHARAN,C SHIVAJI TERM MUMBAI,GORAKHPUR JN,10000
12602,CHENNAI MAIL,MANGALORE CNTL,CHENNAI CENTRAL,1111111
12603,MAS CHZ SF EXP,CHENNAI CENTRAL,CHARLAPALLI,1111111
12605,PALLAVAN EXP,CHENNAI EGMORE,KARAIKKUDI JN,1111111
12604,CHENNAI SF EXP,CHARLAPALLI,CHENNAI CENTRAL,1111111
12608,LALBAGH SF EXP,KSR BANGALORE CY JN,CHENNAI CENTRAL,1111111
12607,LALBAGH EXPRESS,CHENNAI CENTRAL,KSR BANGALORE CY JN,1111111
12613,WODEYAR EXPRESS,MYSORE JN,KSR BANGALORE CY JN,1111111
12606,PALLAVAN EXP,KARAIKKUDI JN,CHENNAI EGMORE,1111111
12614,WODEYAR EXPRESS,KSR BANGALORE CY JN,MYSORE JN,1111111
12615,GRAND TRUNK EXP,CHENNAI CENTRAL,NEW DELHI,1111111
12616,GRAND TRUNK EXP,NEW DELHI,CHENNAI CENTRAL,1111111
12617,MANGLADWEEP EXP,ERNAKULAM JN,H NIZAMUDDIN,1111111
12619,MATSYAGANDHA EXP,LOKMANYATILAK T,MANGALORE CNTL,1111111
12620,MATSYAGANDA EXP,MANGALORE CNTL,LOKMANYATILAK T,1111111
12618,MNGLA LKSDP EXP,H NIZAMUDDIN,ERNAKULAM JN,1111111
12621,TAMIL NADU EXP,CHENNAI CENTRAL,NEW DELHI,1111111
12622,TAMIL NADU EXP,NEW DELHI,CHENNAI CENTRAL,1111111
12623,TRIVANDRUM MAIL,CHENNAI CENTRAL,TRIVANDRUM CNTL,1111111
12624,CHENNAI MAIL,TRIVANDRUM CNTL,CHENNAI CENTRAL,1111111
12627,KARNATAKA EXP,KSR BANGALORE CY JN,NEW DELHI,1111111
12628,KARNATAKA EXP,NEW DELHI,KSR BANGALORE CY JN,1111111
12625,KERALA EXPRESS,TRIVANDRUM CNTL,NEW DELHI,1111111
12630,YPR S KRNTI EXP,H NIZAMUDDIN,YESVANTPUR JN,10100
12626,KERALA EXPRESS,NEW DELHI,TRIVANDRUM CNTL,1111111
12631,NELLAI EXPRESS,CHENNAI EGMORE,TIRUNELVELI JN,1111111
12629,SAMPARK KRANTI,YESVANTPUR JN,H NIZAMUDDIN,101000
12634,KANYAKUMARI EXP,KANYAKUMARI,CHENNAI EGMORE,1111111
12633,KANYAKUMARI EXP,CHENNAI EGMORE,KANYAKUMARI,1111111
12632,NELLAI EXPRESS,TIRUNELVELI JN,CHENNAI EGMORE,1111111
12637,PANDIAN EXP,CHENNAI EGMORE,MADURAI JN,1111111
12635,VAIGAI EXP,CHENNAI EGMORE,MADURAI JN,1111111
12636,VAIGAI EXP,MADURAI JN,CHENNAI EGMORE,1111111
12638,PANDIAN EXP,MADURAI JN,CHENNAI EGMORE,1111111
12639,BRINDAVAN EXP,CHENNAI CENTRAL,KSR BANGALORE CY JN,1111111
12640,BRINDAVAN EXP,KSR BANGALORE CY JN,CHENNAI CENTRAL,1111111
12643,NIZAMUDDIN EXP,TRIVANDRUM CNTL,H NIZAMUDDIN,100000
12641,TIRUKKURAL EXP,KANYAKUMARI,H NIZAMUDDIN,10100
12642,THIRUKKURAL EXP,H NIZAMUDDIN,KANYAKUMARI,1000010
12646,ERS MILLENUM EX,H NIZAMUDDIN,ERNAKULAM JN,100000
12644,SWARNA JAYANTI,H NIZAMUDDIN,TRIVANDRUM CNTL,100
12645,NIZAMUDDIN EXP,ERNAKULAM JN,H NIZAMUDDIN,10
12647,KONGU EXPRESS,COIMBATORE JN,H NIZAMUDDIN,1
12648,KONGU EXPRESS,H NIZAMUDDIN,COIMBATORE JN,10000
12650,KTK SMPRK K EXP,H NIZAMUDDIN,YESVANTPUR JN,1101011
12654,ROCKFORT EXP,TIRUCHCHIRAPALI,CHENNAI EGMORE,1111111
12649,SAMPARK KRANTI,YESVANTPUR JN,H NIZAMUDDIN,1010111
12651,SAMPARK KRANTI,MADURAI JN,H NIZAMUDDIN,100001
12653,ROCKFORT EXP,CHENNAI EGMORE,TIRUCHCHIRAPALI,1111111
12656,NAVAJIVAN SF EXP,CHENNAI CENTRAL,AHMEDABAD JN,1111111
12652,T N SMPRK KRNTI,H NIZAMUDDIN,MADURAI JN,101000
12655,NAVJEEVAN EXP,AHMEDABAD JN,CHENNAI CENTRAL,1111111
12657,BANGALORE MAIL,CHENNAI CENTRAL,KSR BANGALORE CY JN,1111111
12658,CHENNAI MAIL,KSR BANGALORE CY JN,CHENNAI CENTRAL,1111111
12659,GURUDEV EXPRESS,NAGERCOIL JN,SHALIMAR,1
12663,HWH TPJ EXPRESS,HOWRAH JN,TIRUCHCHIRAPALI,1001
12664,HOWRAH EXPRESS,TIRUCHCHIRAPALI,HOWRAH JN,100100
12665,KANNYAKUMARI EXP,HOWRAH JN,KANYAKUMARI,1000000
12672,NILAGIRI EXP,METUPALAIYAM,CHENNAI CENTRAL,1111111
12670,GANGAKAVERI EXP,CHHAPRA,CHENNAI CENTRAL,1010000
12666,CAPE HOWRAH EXP,KANYAKUMARI,HOWRAH JN,10
12674,CHERAN EXPRESS,COIMBATORE JN,CHENNAI CENTRAL,1111111
12671,NILAGIRI EXP,CHENNAI CENTRAL,METUPALAIYAM,1111111
12673,CHERAN EXPRESS,CHENNAI CENTRAL,COIMBATORE JN,1111111
12680,CHENNAI EXPRESS,COIMBATORE JN,CHENNAI CENTRAL,1111111
12676,KOVAI EXP,COIMBATORE JN,CHENNAI CENTRAL,1111111
12684,ERNAKULAM SF EXP,SMVT BENGALURU,ERNAKULAM JN,1101000
12681,COIMBATORE EXP,CHENNAI CENTRAL,COIMBATORE JN,10
12682,CHENNAI EXP,COIMBATORE JN,CHENNAI CENTRAL,100
12675,KOVAI EXPRESS,CHENNAI CENTRAL,COIMBATORE JN,1111111
12683,ERS SMVB EXP,ERNAKULAM JN,SMVT BENGALURU,1010001
12685,MANGALORE EXP,CHENNAI CENTRAL,MANGALORE CNTL,1111111
12686,CHENNAI EXP,MANGALORE CNTL,CHENNAI CENTRAL,1111111
12689,NAGERCOIL EXP,CHENNAI CENTRAL,NAGERCOIL JN,100
12693,PEARL CITY EXP,CHENNAI EGMORE,TUTICORIN,1111111
12690,NCJ CHENNAI EXP,NAGERCOIL JN,CHENNAI CENTRAL,1
12691,MAS SMET SF EXP,CHENNAI CENTRAL,SHIMOGA TOWN,100
12692,SMET MAS SF EXP,SHIMOGA TOWN,CHENNAI CENTRAL,10
12694,PEARL CITY EXP,TUTICORIN,CHENNAI EGMORE,1111111
12697,TRIVANDRUM EXP,CHENNAI CENTRAL,TRIVANDRUM CNTL,1
12698,TVC CHENNAI EXP,TRIVANDRUM CNTL,CHENNAI CENTRAL,10
12696,TVC CHENNAI EXP,TRIVANDRUM CNTL,CHENNAI CENTRAL,1111111
12701,HUSAINSAGAR EXP,C SHIVAJI TERM MUMBAI,HYDERABAD DECAN,1111111
12702,HUSSAINSAGAR EX,HYDERABAD DECAN,C SHIVAJI TERM MUMBAI,1111111
12704,FALAKNUMA EXP,SECUNDERABAD JN,HOWRAH JN,1111111
12706,SC GNT EXP,SECUNDERABAD JN,GUNTUR JN,1111111
12707,A P SMPRK KRNTI,TIRUPATI,H NIZAMUDDIN,1010100
12710,SIMHAPURI EXP,SECUNDERABAD JN,GUDUR JN,1111111
12711,PINAKINI EXP,VIJAYAWADA JN,CHENNAI CENTRAL,1111111
12709,SIMHAPURI EXP,GUDUR JN,SECUNDERABAD JN,1111111
12712,PINAKINI EXP,CHENNAI CENTRAL,VIJAYAWADA JN,1111111
12705,GNT SC EXP,GUNTUR JN,SECUNDERABAD JN,1111111
12708,AP SMPRK KRANTI,H NIZAMUDDIN,TIRUPATI,10101
12713,SATAVAHANA EXP,VIJAYAWADA JN,SECUNDERABAD JN,1111111
12717,RATNACHALAM EXP,VISAKHAPATNAM,VIJAYAWADA JN,1111111
12718,RATNACHAL EXP,VIJAYAWADA JN,VISAKHAPATNAM,1111111
12719,JP HYB SF EXP,JAIPUR,HYDERABAD DECAN,10100
12714,SATAVAHANA EXP,SECUNDERABAD JN,VIJAYAWADA JN,1111111
12716,SACHKHAND EXP,AMRITSAR JN,H SAHIB NANDED,1111111
12715,SACHKHAND EXP,H SAHIB NANDED,AMRITSAR JN,1111111
12721,DAKSHIN EXP,HYDERABAD DECAN,H NIZAMUDDIN,1111111
12723,TELANGANA  EXP,HYDERABAD DECAN,NEW DELHI,1111111
12724,TELANGANA EXP,NEW DELHI,HYDERABAD DECAN,1111111
12727,GODAVARI EXP,VISAKHAPATNAM,HYDERABAD DECAN,1111111
12728,GODAVARI EXP,HYDERABAD DECAN,VISAKHAPATNAM,1111111
12726,SIDDHAGANGA SF EXP,DHARWAR,KSR BANGALORE CY JN,1111111
12725,SIDDHAGANGA SF EXP,KSR BANGALORE CY JN,DHARWAR,1111111
12722,DAKSHIN EXPRESS,H NIZAMUDDIN,HYDERABAD DECAN,1111111
12731,TPTY SC EXP,TIRUPATI,SECUNDERABAD JN,1001
12738,GOUTAMI EXP,LINGAMPALLI,KAKINADA PORT,1111111
12741,VSG PATNA EXP,VASCO DA GAMA,PATNA JN,10000
12737,GOUTAMI EXP,KAKINADA PORT,LINGAMPALLI,1111111
12733,NARAYANADRI EXP,TIRUPATI,LINGAMPALLI,1111111
12742,PNBE VSG EXPRES,PATNA JN,VASCO DA GAMA,10
12743,GDR BZA INTERCITY,GUDUR JN,VIJAYAWADA JN,1111111
12744,GDR INTERCITY,VIJAYAWADA JN,GUDUR JN,1111111
12734,NARAYANADRI EXP,LINGAMPALLI,TIRUPATI,1111111
12745,SC MUGR EXPRESS,SECUNDERABAD JN,MANUGURU,1111111
12746,MUGR SC EXPRESS,MANUGURU,SECUNDERABAD JN,1111111
12749,MTM BIDR SF EXP,MACHILIPATNAM,BIDAR,1111111
12747,PALNADU EXP,GUNTUR JN,VIKARABAD JN,1111111
12748,PANLNADU EXP,VIKARABAD JN,GUNTUR JN,1111111
12754,MARATHWADA S K,H NIZAMUDDIN,H SAHIB NANDED,10000
12750,BIDR MTM SF EXP,BIDAR,MACHILIPATNAM,1111111
12753,MARATHWADA SMPK,H SAHIB NANDED,H NIZAMUDDIN,100000
12755,COA BVC SF EXP,KAKINADA PORT,BHAVNAGAR TRMUS,1000
12757,KAGHAZNAGAR  EXP,SECUNDERABAD JN,SIRPUR KAGAZNGR,1111111
12758,KAGHAZNAGAR  EXP,SIRPUR KAGAZNGR,SECUNDERABAD JN,1111111
12759,CHARMINAR SF EXP,CHENNAI BEACH,HYDERABAD DECAN,1111111
12760,CHARMINAR EXP,HYDERABAD DECAN,CHENNAI BEACH,1111111
12756,BVC KAKINADA EX,BHAVNAGAR TRMUS,KAKINADA PORT,10
12763,PADMAVATI SF EXP,TIRUPATI,SECUNDERABAD JN,1110110
12761,TPTY KRMR  EXP,TIRUPATI,KARIMNAGAR,10010
12762,KRMR TPTY EXP,KARIMNAGAR,TIRUPATI,1001
12764,PADMAVATI EXP,SECUNDERABAD JN,TIRUPATI,1101101
12767,NED SRC SF EXP,H SAHIB NANDED,SANTRAGACHI JN,1000000
12768,SRC NED SF EXP,SANTRAGACHI JN,H SAHIB NANDED,10000
12770,SEVEN HILLS EXP,SECUNDERABAD JN,TIRUPATI,100100
12769,SEVEN HILLS EXP,TIRUPATI,SECUNDERABAD JN,1000100
12773,SHM SC SUF EXP,SHALIMAR,SECUNDERABAD JN,10000
12771,RAIPUR SF EXP,SECUNDERABAD JN,RAIPUR JN,1010100
12772,RAIPUR SC EXP,RAIPUR JN,SECUNDERABAD JN,101010
12776,COCANADA EXP,LINGAMPALLI,KAKINADA TOWN,1111111
12777,UBL KCVL SF EXP,HUBBALLI JN,TRIVANDRUM NORTH,10000
12775,COCANADA EXP,KAKINADA TOWN,LINGAMPALLI,1111111
12778,KCVL UBL SF EXP,TRIVANDRUM NORTH,HUBBALLI JN,1000
12780,GOA EXPRESS,H NIZAMUDDIN,VASCO DA GAMA,1111111
12781,SWARNA JAYANTHI,MYSORE JN,H NIZAMUDDIN,100
12779,GOA EXPRESS,VASCO DA GAMA,H NIZAMUDDIN,1111111
12782,SWARNA JAYANTHI,H NIZAMUDDIN,MYSORE JN,1000000
12784,SC  VSKP AC EXP,SECUNDERABAD JN,VISAKHAPATNAM,10
12785,KCG AP SF EXP,KACHEGUDA,ASHOKAPURAM,1111111
12783,VSKP SC AC EXP,VISAKHAPATNAM,SECUNDERABAD JN,1
12787,NS NSL EXP,NARASAPUR,NAGARSOL,1111010
12786,KACHEGUDA EXP,ASHOKAPURAM,KACHEGUDA,1111111
12789,KCG KT SF EXP,KACHEGUDA,KUMTA,100100
12788,NSL NS EXP,NAGARSOL,NARASAPUR,111101
12790,KUMTA KCG EXP,KUMTA,KACHEGUDA,10010
12792,SECUNDERABAD EXP,DANAPUR,SECUNDERABAD JN,1111111
12791,SC DNR EXPRESS,SECUNDERABAD JN,DANAPUR,1111111
12794,RAYALASEEMA EXP,NIZAMABAD,TIRUPATI,1111111
12795,LPI INTERCITY,VIJAYAWADA JN,LINGAMPALLI,1111111
12793,RAYALASEEMA EXP,TIRUPATI,NIZAMABAD,1111111
12796,BZA INTERCITY,LINGAMPALLI,VIJAYAWADA JN,1111111
12797,VENKATADRI EXP,KACHEGUDA,CHITTOOR,1111111
12801,PURUSHOTTAM EXP,PURI,ANAND VIHAR TRM,1111111
12805,JANMABHOOMI EXP,VISAKHAPATNAM,LINGAMPALLI,1111111
12802,PURSHOTTAM EXP,ANAND VIHAR TRM,PURI,1111111
12803,SWARNAJAYANTI EX,VISAKHAPATNAM,H NIZAMUDDIN,1000100
12798,VENKATADRI EXP,CHITTOOR,KACHEGUDA,1111111
12804,VSKP SWRN J EXP,H NIZAMUDDIN,VISAKHAPATNAM,10001
12806,JANMABHOOMI EXP,LINGAMPALLI,VISAKHAPATNAM,1111111
12807,SAMTA EXPRESS,VISAKHAPATNAM,H NIZAMUDDIN,111011
12808,SAMTA EXPRESS,H NIZAMUDDIN,VISAKHAPATNAM,1101110
12812,HTE LTT SUPER,HATIA,LOKMANYATILAK T,110
12813,STEEL EXPRESS,HOWRAH JN,TATANAGAR JN,1111111
12811,HATIA EXPRESS,LOKMANYATILAK T,HATIA,1000001
12809,HOWRAH MAIL,C SHIVAJI TERM MUMBAI,HOWRAH JN,1111111
12814,STEEL EXP,TATANAGAR JN,HOWRAH JN,1111111
12816,NANDAN KANAN EX,ANAND VIHAR TRM,PURI,1011010
12818,JHARKHAND EXPRE,ANAND VIHAR TRM,HATIA,1001010
12821,DHAULI EXP,HOWRAH JN,PURI,1111111
12820,ORISSA S KRNTI,ANAND VIHAR TRM,BHUBANESWAR,100100
12815,NANDAN KANAN EXP,PURI,ANAND VIHAR TRM,1011010
12823,C G  SMPRK KRNTI,DURG,H NIZAMUDDIN,1001010
12824,CHTSGRH S KRNTI,H NIZAMUDDIN,DURG,100101
12828,PRR HWH EXP,PURULIA JN,HOWRAH JN,1111111
12822,DHAULI EXPRESS,PURI,HOWRAH JN,1111111
12826,JHRKHND S KRNTI,ANAND VIHAR TRM,RANCHI,10010
12827,HWH PRR EXP,HOWRAH JN,PURULIA JN,1111111
12833,HOWRAH EXPRESS,AHMEDABAD JN,HOWRAH JN,1111111
12837,HWH PURI EXP,HOWRAH JN,PURI,1111111
12838,PURI HWH EXPRESS,PURI,HOWRAH JN,1111111
12841,COROMANDAL EXP,HOWRAH JN,CHENNAI CENTRAL,1111111
12840,HOWRAH MAIL,CHENNAI CENTRAL,HOWRAH JN,1111111
12842,COROMANDEL EXP,CHENNAI CENTRAL,HOWRAH JN,1111111
12843,PURI ADI EXP,PURI,AHMEDABAD JN,101110
12844,ADI PURI SF EXP,AHMEDABAD JN,PURI,1001011
12845,BBS SMVB SUP EXP,BHUBANESWAR,SMVT BENGALURU,1
12855,NAGPUR INTERCIT,BILASPUR JN,NSC BOSE ITWARI,1111111
12857,TAMRALIPTA EXP,HOWRAH JN,DIGHA FLAG STN,1111111
12854,AMARKANTAK EXP,BHOPAL JN,DURG,1111111
12853,AMARKANTAK EXP,DURG,BHOPAL JN,1111111
12858,TAMRALIPTA EXP,DIGHA FLAG STN,HOWRAH JN,1111111
12860,GITANJALI EXP,HOWRAH JN,C SHIVAJI TERM MUMBAI,1111111
12859,GITANJALI EXP,C SHIVAJI TERM MUMBAI,HOWRAH JN,1111111
12864,SMVB HOWRAH EXP,SMVT BENGALURU,HOWRAH JN,1111111
12865,LALMATI EXPRESS,HOWRAH JN,PURULIA JN,100010
12866,LALMATI EXPRESS,PURULIA JN,HOWRAH JN,1000100
12867,HWH PDY EXP,HOWRAH JN,PUDUCHERRY,1
12870,HWH CSMT EXPRES,HOWRAH JN,C SHIVAJI TERM MUMBAI,100
12869,CSMT HOWRAH EXP,C SHIVAJI TERM MUMBAI,HOWRAH JN,1
12868,PDY HOWRAH EXP,PUDUCHERRY,HOWRAH JN,10000
12873,JHARKHAND S J EX,HATIA,ANAND VIHAR TRM,1101000
12874,JHARKHAND EXP,ANAND VIHAR TRM,HATIA,110100
12875,NEELACHAL EXP,PURI,ANAND VIHAR TRM,100101
12880,BBS LTT SF EXP,BHUBANESWAR,LOKMANYATILAK T,1001000
12876,NEELACHAL EXP,ANAND VIHAR TRM,PURI,100101
12879,LTT BBS SUP EXP,LOKMANYATILAK T,BHUBANESWAR,10010
12883,RUPASIBANGLA EXP,SANTRAGACHI JN,PURULIA JN,1111111
12884,RUPASIBANGLA EXP,PURULIA JN,HOWRAH JN,1111111
12888,PURI SHM EXPRES,PURI,SHALIMAR,1
12889,TATA YPR EXP,TATANAGAR JN,SMVT BENGALURU,100
12890,SMVB TATA EXP,SMVT BENGALURU,TATANAGAR JN,1000000
12896,PURI HWH EXPRESS,PURI,SHALIMAR,1000
12904,GOLDN TEMPLE ML,AMRITSAR JN,BANDRA TERMINUS,1111111
12903,GOLDEN TEMPLE ML,BANDRA TERMINUS,AMRITSAR JN,1111111
12905,PBR SHALIMAR EXP,PORBANDAR,SHALIMAR,11000
12906,SHM PBR EXP,SHALIMAR,PORBANDAR,110
12907,BDTS SMPRK K EXP,BANDRA TERMINUS,H NIZAMUDDIN,10001
12911,BL HARIDWAR EXP,VALSAD,HARIDWAR JN,100000
12914,TRISHATABDI EXP,NAGPUR,INDORE JN BG,1000000
12915,ASHRAM EXPRESS,SABARMATI BG,DELHI,1111111
12913,TRISHATABDI EXP,INDORE JN BG,NAGPUR,1
12912,HW BL SUP EXP,HARIDWAR JN,VALSAD,10000
12908,MHRST SMPRK K EXP,H NIZAMUDDIN,BANDRA TERMINUS,1001000
12917,GUJARAT SMPRK K,AHMEDABAD JN,H NIZAMUDDIN,1000000
12916,ASHRAM EXPRESS,DELHI,SABARMATI BG,1111111
12918,GUJRAT S KRANTI,H NIZAMUDDIN,AHMEDABAD JN,100000
12921,FLYING RANEE,MUMBAI CENTRAL,SURAT,1111111
12919,MALWA EXPRESS,DR AMBEDKAR NGR,MATA VAISHNO DEVI KATRA,1111111
12920,MALWA EXPRESS,MATA VAISHNO DEVI KATRA,DR AMBEDKAR NGR,1111111
12924,NGP DADN EXP,NAGPUR,DR AMBEDKAR NGR,10000
12922,FLYING RANEE,SURAT,MUMBAI CENTRAL,1111111
12927,VADODARA EXP,DADAR,EKTA NAGAR,1111111
12928,EKNR DDR SF EXP,EKTA NAGAR,DADAR,1111111
12923,DADN NAGPUR EXP,DR AMBEDKAR NGR,NAGPUR,100000
12930,BRC BL SF EXP,VADODARA JN,VALSAD,1111111
12933,KARNAVATI EXP,BANDRA TERMINUS,VATVA,1111111
12934,KARNAVATI EXP,AHMEDABAD JN,BANDRA TERMINUS,1111111
12935,BDTS SURAT EXP,BANDRA TERMINUS,SURAT,1111111
12936,SURAT BDTS EXP,SURAT,BANDRA TERMINUS,1111111
12937,GARBHA EXPRESS,GANDHIDHAM BG,HOWRAH JN,10
12925,PASCHIM EXPRESS,BANDRA TERMINUS,AMRITSAR JN,1111111
12938,GARBHA EXPRESS,HOWRAH JN,GANDHIDHAM BG,1000000
12926,PASCHIM EXPRESS,AMRITSAR JN,BANDRA TERMINUS,1111111
12939,PUNE JAIPUR EXP,PUNE JN,JAIPUR,10001
12929,BL BRC SF EXP,VALSAD,VADODARA JN,1111111
12941,BVC ASANSOL EXP,BHAVNAGAR TRMUS,ASANSOL JN,100000
12942,PARASNATH EXP,ASANSOL JN,BHAVNAGAR TRMUS,1000
12944,UDHYOGKARMI EXP,KANPUR CENTRAL,VALSAD,100
12943,UDYOGKARMI EXP,VALSAD,KANPUR CENTRAL,10000
12945,BANARAS SF EXP,VERAVAL,BANARAS,1000000
12947,AZIMABAD EXPRESS,AHMEDABAD JN,RAJGIR,1010000
12949,KAVIGURU EXPRESS,PORBANDAR,SANTRAGACHI JN,100
12956,JP MMCT SUPFAST,JAIPUR,MUMBAI CENTRAL,1111111
12948,AZIMABAD EXPRESS,RAJGIR,AHMEDABAD JN,10100
12955,MMCT JP SF EXP,MUMBAI CENTRAL,JAIPUR,1111111
12959,BDTS BHUJ EXP,BANDRA TERMINUS,BHUJ,10
12960,BHUJ BDTS EXP,BHUJ,BANDRA TERMINUS,1000000
12961,AVANTIKA EXP,MUMBAI CENTRAL,INDORE JN BG,1111111
12964,MEWAR EXPRESS,UDAIPUR CITY,H NIZAMUDDIN,1111111
12962,AVANTIKA EXP,INDORE JN BG,MUMBAI CENTRAL,1111111
12963,MEWAR EXPRESS,H NIZAMUDDIN,UDAIPUR CITY,1111111
12966,BHUJ BDTS SFAST,BHUJ,BANDRA TERMINUS,100
12965,BDTS GIMB SFAST,BANDRA TERMINUS,BHUJ,100000
12969,CBE JAIPUR EXP,COIMBATORE JN,JAIPUR,100
12971,BHAVNAGAR EXP,BANDRA TERMINUS,BHAVNAGAR TRMUS,1111111
12972,BVC BDTS EXPRES,BHAVNAGAR TRMUS,BANDRA TERMINUS,1111111
12976,JP MYSORE EXP,JAIPUR,MYSORE JN,1010000
12975,JAIPUR EXPRESS,MYSORE JN,JAIPUR,1010
12979,JAIPUR SUP FAST,BANDRA TERMINUS,JAIPUR,101010
12977,MARU SAGAR EXP,ERNAKULAM JN,AJMER JN,1
12980,JP BDTS SUP EXP,JAIPUR,BANDRA TERMINUS,1010100
12982,ASV JP SF EXP,ASARVA JN,JAIPUR,1111111
12986,JP DOUBLE DCKER,DELHI S ROHILLA,JAIPUR,1111111
12981,JP ASV SUPERFAST,JAIPUR,ASARVA JN,1111111
12985,DEE DOUBLE DCKER,JAIPUR,DELHI S ROHILLA,1111111
12988,AII SDAH EXPRES,AJMER JN,SEALDAH,1111111
12989,AJMER EXPRESS,DADAR,AJMER JN,1001010
12990,AII DDR EXPRESS,AJMER JN,DADAR,10101
12991,UDZ JP EXP,UDAIPUR CITY,JAIPUR,1111111
12987,SDAH AJMER EXP,SEALDAH,AJMER JN,1111111
12995,BDTS AII EXP,BANDRA TERMINUS,AJMER JN,10101
14037,NDLS S KRANTI EXP,SILCHAR,NEW DELHI,1000000
12996,AII BDTS SF EXP,AJMER JN,BANDRA TERMINUS,101010
14038,SCL S KRANTI EXP,NEW DELHI,SILCHAR,1000
14111,MFP PRYJ EXP,MUZAFFARPUR JN,PRAYAGRAJ JN,1010000
14112,BAPUDHAM EXPRESS,PRAYAGRAJ JN,MUZAFFARPUR JN,1010000
15646,SCL SC EXPRESS,SILCHAR,CHARLAPALLI,10000
17305,NZM LINK EXP,HUBBALLI JN,H NIZAMUDDIN,1111111
18401,BGY PURI EXPRESS,BANGRIPOSI,PURI,1111111
16215,CHAMUNDI EXP,MYSORE JN,KSR BANGALORE CY JN,1111111
20103,LTT AMH SF EXP,LOKMANYATILAK T,BHATNI JN,1111111
18402,PURI BGY EXPRESS,PURI,BANGRIPOSI,1111111
19256,MAHUVA SURAT EX,MAHUVA JN,SURAT,1110101
19803,KOTA SVDK EXP,KOTA JN,MATA VAISHNO DEVI KATRA,10
20104,AMH LTT SF EXP,BHATNI JN,LOKMANYATILAK T,1111111
20111,KONKAN KANYA EXP,C SHIVAJI TERM MUMBAI,MADGAON,1111111
20151,HDP REWA SFAST,HADAPSAR,REWA,1000
20112,KONKAN KANYA EXP,MADGAON,C SHIVAJI TERM MUMBAI,1111111
20154,REWA CSMT SF,REWA,C SHIVAJI TERM MUMBAI,1000
20152,REWA HDP SF EXP,REWA,HADAPSAR,10000
20155,DADN NDLS SF EXP,DR AMBEDKAR NGR,NEW DELHI,1111111
20153,CSMT REWA SF,C SHIVAJI TERM MUMBAI,REWA,100
20156,NDLS DADN SF EXP,NEW DELHI,DR AMBEDKAR NGR,1111111
20161,PUNE JBP SF,PUNE JN,JABALPUR,1000000
20162,JBP PUNE EXP,JABALPUR,PUNE JN,1
20163,BDTS JBP SF EXP,BANDRA TERMINUS,JABALPUR,10
20402,LKO BSB SF EXP,LUCKNOW NR,VARANASI JN,1111111
20177,ASV AGC SF EXP,ASARVA JN,AGRA CANTT,1001111
20164,JBP BDTS SF EXP,JABALPUR,BANDRA TERMINUS,100
20401,BSB LKO SF EXP,VARANASI JN,LUCKNOW NR,1111111
20178,AGC ASV SF EXP,AGRA CANTT,ASARVA JN,11111
20404,LGH PRYJ SF EXP,LALGARH JN,PRAYAGRAJ JN,1001010
20403,PRYJ LGH SF EXP,PRAYAGRAJ JN,LALGARH JN,10101
20409,DLI BTI SF EXP,DELHI CANTT,BHATINDA JN,1111111
20410,BTI DLI SF EXP,BHATINDA JN,DELHI CANTT,1111111
20411,DLI SRE SF EXP,DELHI,SAHARANPUR,1111111
20413,KASHI MAHAKAL EX,VARANASI JN,INDORE JN BG,101000
20412,SRE DLI SF EXP,SAHARANPUR,DELHI,1111111
20416,MAHAKAL SF EXP,INDORE JN BG,VARANASI JN,1000000
20415,MAHAKAL SF EXP,VARANASI JN,INDORE JN BG,1
20423,PATALKOT SF EXP,SEONI,FIROZPUR CANT,1111111
20414,KASHI MAHAKAL EX,INDORE JN BG,VARANASI JN,10100
20433,JAMMU MAIL,SUBEDARGANJ,MATA VAISHNO DEVI KATRA,1111111
20434,JAMMU MAIL,MATA VAISHNO DEVI KATRA,SUBEDARGANJ,1111111
20473,CHETAK EXP,DELHI S ROHILLA,UDAIPUR CITY,1111111
20451,SGAC NDLS SF EXP,SOGARIA,NEW DELHI,1111111
20452,NDLS SGAC SF EXP,NEW DELHI,SOGARIA,1111111
20424,PATALKOT EXP,FIROZPUR CANT,SEONI,1111111
20471,SGNR PURI EXP,SHRI GANGANAGAR,PURI,1
20472,PURI SGNR EXPRESS,PURI,SHRI GANGANAGAR,10000
20474,CHETAK EXP,UDAIPUR CITY,DELHI S ROHILLA,1111111
20475,BKN MRJ SF EXP,BIKANER JN,MIRAJ JN,1000000
20483,BGKT DDR EXP,BHAGAT KI KOTHI,DADAR,1001000
20484,DDR BGKT EXP,DADAR,BHAGAT KI KOTHI,100100
20485,JSM SBIB SF EXP,JAISALMER,SABARMATI BG,1111111
20486,SBIB JSM EXP,SABARMATI BG,JAISALMER,1111111
20476,MRJ BKN SF EXP,MIRAJ JN,BIKANER JN,100000
20487,BME DLI SF EXP,BARMER,DELHI S ROHILLA,1001000
20488,DLI BME SF EXP,DELHI S ROHILLA,BARMER,100100
20490,MTJ BME SF EXP,MATHURA JN,BARMER,1011011
20489,BME MTJ SUPERFAST,BARMER,MATHURA JN,110111
20491,JSM SBIB SF EXP,JAISALMER,SABARMATI BG,1111111
20493,MDU CDG EXP,MADURAI JN,CHANDIGARH,10001
20494,CDG MDU SF EXP,CHANDIGARH,MADURAI JN,1000100
20495,JU HDP SF EXP,JODHPUR JN,HADAPSAR,1111111
20624,MALGUDI EXP,KSR BANGALORE CY JN,ASHOKAPURAM,1111111
20623,MALGUDI EXP,ASHOKAPURAM,KSR BANGALORE CY JN,1111111
20606,TCN MS SF EXP,TIRUCHENDUR,CHENNAI EGMORE,1111111
20605,MS TCN SF EXP,CHENNAI EGMORE,TIRUCHENDUR,1111111
20629,SABARI SF EXPRES,SECUNDERABAD JN,TRIVANDRUM CNTL,1111111
20625,MAS BGKT SF EXP,CHENNAI CENTRAL,BHAGAT KI KOTHI,1101101
20626,BGKT MAS SF EXP,BHAGAT KI KOTHI,CHENNAI CENTRAL,1011101
20630,SABARI SF EXPRES,TRIVANDRUM CNTL,SECUNDERABAD JN,1111111
20635,ANANTAPURI EXP,CHENNAI EGMORE,KOLLAM JN,1111111
20654,BGM SBC EXP,BELAGAVI,KSR BANGALORE CY JN,1111111
20658,NZM UBL SF EXP,H NIZAMUDDIN,HUBBALLI JN,1
20656,UBL YPR EXP,HUBBALLI JN,YESVANTPUR JN,10
20655,YPR UBL EXP,YESVANTPUR JN,HUBBALLI JN,10
20657,UBL NZM EXP,HUBBALLI JN,H NIZAMUDDIN,100
20653,SBC BGM EXP,KSR BANGALORE CY JN,BELAGAVI,1111111
20659,RAJYA RANI EXP,MYSORE JN,KSR BANGALORE CY JN,1111111
20660,RAJYARANI EXP,KSR BANGALORE CY JN,MYSORE JN,1111111
20667,YPR JP EXP,YESVANTPUR JN,JAIPUR,1000
20675,VISHWAMANAV EXP,BELAGAVI,MYSORE JN,1111111
20668,JP YPR SF EXP,JAIPUR,YESVANTPUR JN,10
20681,SILAMBU EXPRESS,TAMBARAM,SENGOTTAI,10110
20679,MAS UBL SF EXP,CHENNAI CENTRAL,HUBBALLI JN,100
20676,VISHWAMANAV EXP,MYSORE JN,BELAGAVI,1111111
20683,TBM SCT SF EXP,TAMBARAM,SENGOTTAI,101001
20682,SILAMBU EXPRESS,SENGOTTAI,TAMBARAM,1011
20686,GANDHIDHAM EXP,KSR BANGALORE CY JN,GANDHIDHAM BG,10
20684,SCT TBM SF EXP,SENGOTTAI,TAMBARAM,1010100
20687,UBL SBC SF EXP,HUBBALLI JN,KSR BANGALORE CY JN,1111111
20688,SBC UBL SF EXP,KSR BANGALORE CY JN,HUBBALLI JN,1111111
20694,JODHPUR EXP,KSR BANGALORE CY JN,JODHPUR JN,1010000
20693,JU SBC SUPERFAST,JODHPUR JN,KSR BANGALORE CY JN,1010
20801,MAGADH EXPRESS,ISLAMPUR,NEW DELHI,1111111
20802,MAGADH EXPRESS,NEW DELHI,ISLAMPUR,1111111
20804,GIMB VSKP EXP,GANDHIDHAM BG,VISAKHAPATNAM,1
20807,HIRAKUD EXP,VISAKHAPATNAM,AMRITSAR JN,100110
20806,NDLS VSKP AP EXP,NEW DELHI,VISAKHAPATNAM,1111111
20805,VSKP NDLS AP EXP,VISAKHAPATNAM,NEW DELHI,1111111
20808,HIRAKUD EXP,AMRITSAR JN,VISAKHAPATNAM,10011
20809,NAGAVALI EXPRESS,SAMBALPUR,H SAHIB NANDED,1000101
20810,NAGAWALI SF EXP,H SAHIB NANDED,SAMBALPUR,1100010
20811,VSKP NED SF EXP,VISAKHAPATNAM,H SAHIB NANDED,110010
20812,NED VSKP SF EXP,H SAHIB NANDED,VISAKHAPATNAM,11001
20813,PURI JU EXPRESS,PURI,JODHPUR JN,10000
20815,ADTP VSKP SF EXP,ADITYAPUR,VISAKHAPATNAM,1000000
20814,JU PURI EXPRESS,JODHPUR JN,PURI,10
20816,VSKP ADTP EXP,VISAKHAPATNAM,ADITYAPUR,1
20819,PURI OKHA EXP,PURI,OKHA,1
20820,OKHA PURI EXP,OKHA,PURI,10000
20823,PURI AJMER EXP,PURI,AJMER JN,1001000
20824,AII PURI EXP,AJMER JN,PURI,101000
20831,SHM SBP SUF EXP,SHALIMAR,SAMBALPUR,1010100
20832,SBP SHM S FAST,SAMBALPUR,SHALIMAR,101001
20837,BBS JNRD EXP,BHUBANESWAR,JUNAGARH ROAD,1111111
20847,DURG JAT EXPRESS,DURG,MTYR C TUSHAR MAHAJAN,10000
20848,JAT DURG EXP,MTYR C TUSHAR MAHAJAN,DURG,100
20849,BBS RMM SF EXP,BHUBANESWAR,RAMESWARAM,100
20838,JNRD BBS EXP,JUNAGARH ROAD,BHUBANESWAR,1111111
20851,BBS PDY SF EXP,BHUBANESWAR,PUDUCHERRY,100000
20852,PDY BBS SF EXP,PUDUCHERRY,BHUBANESWAR,10000
20850,RMM BBS SF EXP,RAMESWARAM,BHUBANESWAR,1
20854,BHUBANESWAR EXP,CHENNAI CENTRAL,BHUBANESWAR,100
20858,SNSI PURI EXP,SAINAGAR SHIRDI,PURI,1
20861,PURI ADI EXP,PURI,AHMEDABAD JN,10000
20853,BBS CHENNAI EXP,BHUBANESWAR,CHENNAI CENTRAL,1000
20857,PURI SNSI EXP,PURI,SAINAGAR SHIRDI,100
20862,ADI PURI EXP,AHMEDABAD JN,PURI,100
20904,MAHAMANA EXPRESS,VARANASI JN,EKTA NAGAR,1000
20905,REWA MAHAMANA,EKTA NAGAR,REWA,100
20903,MAHAMANA EXPRESS,EKTA NAGAR,VARANASI JN,100000
20906,MAHAMANA EXPRESS,REWA,EKTA NAGAR,10
20908,SAYAJI NAGARI EXP,BHUJ,DADAR,1111111
20907,SAYAJI NAGARI EXP,DADAR,BHUJ,1111111
20910,KOCHUVELI EXP,PORBANDAR,TRIVANDRUM NORTH,1000
20909,PORBANDAR EXP,TRIVANDRUM NORTH,PORBANDAR,1
20914,DEE RJT EXP,DELHI S ROHILLA,RAJKOT JN,100
20913,RJT DEE EXPRESS,RAJKOT JN,DELHI S ROHILLA,1000
20919,MAS EKNR SF EXP,CHENNAI CENTRAL,EKTA NAGAR,100
20920,EKNR MAS EXPRESS,EKTA NAGAR,CHENNAI CENTRAL,10000
20925,SURAT AMI SF EXP,SURAT,AMRAVATI,1101
20921,BDTS LJN EXPRESS,BANDRA TERMINUS,LUCKNOW NE,10
20927,PNU BHUJ EXP,PALANPUR JN,BHUJ,1111111
20930,BSBS UDN EXP,BANARAS,UDHNA JN,1
20922,LJN BDTS EXP,LUCKNOW NE,BANDRA TERMINUS,1
20931,KCVL INDORE EXP,TRIVANDRUM NORTH,INDORE JN BG,100
20929,UDN BANARAS EXP,UDHNA JN,BANARAS,100
20932,INDB KCVL EXP,INDORE JN BG,TRIVANDRUM NORTH,100000
20933,DANAPUR EXPRESS,UDHNA JN,DANAPUR,100010
20935,GIMB INDB SFAST,GANDHIDHAM BG,INDORE JN BG,1000000
20937,PBR DEE EXPRESS,PORBANDAR,DELHI S ROHILLA,100010
20939,SULTANPUR EXP,SABARMATI BG,SULTANPUR,100000
20936,INDB GIMB SFAST,INDORE JN BG,GANDHIDHAM BG,1
20940,SLN SBIB SF EXP,SULTANPUR,SABARMATI BG,10000
20938,DEE PBR EXPRESS,DELHI S ROHILLA,PORBANDAR,1001000
20941,BDTS GCT EXP,BANDRA TERMINUS,GHAZIPUR CITY,101
20945,EKNR NZM S KARNTI,EKTA NAGAR,H NIZAMUDDIN,1010
20942,GCT BDTS SF EXP,GHAZIPUR CITY,BANDRA TERMINUS,100001
20953,MAS ADI EXPRESS,CHENNAI CENTRAL,AHMEDABAD JN,1
20954,ADI CHENNAI EXP,AHMEDABAD JN,CHENNAI CENTRAL,10
20951,OKHA JAIPUR SF EXP,OKHA,KHATIPURA,1000000
20952,JP OKHA SF EXP,KHATIPURA,OKHA,100000
20946,NZM EKNR S KARNTI,H NIZAMUDDIN,EKTA NAGAR,101
20957,INDB HSR SUP,INDORE JN BG,HISAR,10101
20958,HSR INDB SUP,HISAR,INDORE JN BG,1001010
20962,BSBS UDN SF EXP,BANARAS,UDHNA JN,10000
20963,SBIB BSB S FAST,SABARMATI BG,VARANASI JN,1000
20961,UDN BSBS SFAST,UDHNA JN,BANARAS,100000
20959,BL VADNAGAR SUP,VALSAD,VADNAGAR,1111111
20960,VDG VALSAD SUP,VADNAGAR,VALSAD,1111111
20964,BSB SBIB EXPRESS,VARANASI JN,SABARMATI BG,10
20966,SABARMATI INCITY,BHAVNAGAR TRMUS,GANDHIGRAM,1111111
20965,BVC INTERCITY,GANDHIGRAM,BHAVNAGAR TRMUS,1111111
20967,SC PBR SF EXP,SECUNDERABAD JN,PORBANDAR,10000
20968,PBR SC SF EXP,PORBANDAR,SECUNDERABAD JN,100000
20976,CHAMBAL EXP,AGRA CANTT,HOWRAH JN,1000
20972,SHM UDZ EXPRESS,SHALIMAR,UDAIPUR CITY,1
20975,CHAMBAL EXP,HOWRAH JN,AGRA CANTT,100000
20983,BHUJ DEE SF EXP,BHUJ,DELHI S ROHILLA,100100
20971,UDZ SHM EXP,UDAIPUR CITY,SHALIMAR,10
20984,DEE BHUJ SF EXP,DELHI S ROHILLA,BHUJ,10010
20986,UHP KOTA EXP,MTYR C TUSHAR MAHAJAN,KOTA JN,1000
20987,UDZ ASV SF EXP,UDAIPUR CITY,ASARVA JN,1111111
20992,DD AJMER SF,DAUND JN,AJMER JN,100
20988,ASV UDZ SF EXP,ASARVA JN,UDAIPUR CITY,1111111
20990,CDG UDZ SF EXP,CHANDIGARH,UDAIPUR CITY,1001
20989,UDZ CDG SF EXP,UDAIPUR CITY,CHANDIGARH,10010
20996,BDTS AII SF,BANDRA TERMINUS,AJMER JN,1
21125,INDORE BHIND EXP,RATLAM JN,BHIND,100110
21126,BIX RTM EXP,BHIND,RATLAM JN,10011
21903,BDTS BKN SUP EXP,BANDRA TERMINUS,BIKANER JN,1000000
21904,BKN BDTS SF,BIKANER JN,BANDRA TERMINUS,10000
21908,KGM MMCT EXP,KATHGODAM,MUMBAI CENTRAL,1000
21907,MMCT KGM SF EXP,MUMBAI CENTRAL,KATHGODAM,10000
22102,MDU LTT SF EXP,MADURAI JN,LOKMANYATILAK T,100
22101,LTT MDU SF EXP,LOKMANYATILAK T,MADURAI JN,10000
22103,LTT AYODHYA SF EXP,LOKMANYATILAK T,AYODHYA CANT,1000000
22105,INDRAYANI EXP,C SHIVAJI TERM MUMBAI,PUNE JN,1111111
22104,AYC LTT SF EXP,AYODHYA CANT,LOKMANYATILAK T,100000
22106,INDRAYANI EXP,PUNE JN,C SHIVAJI TERM MUMBAI,1111111
22107,CSMT LATUR EXP,C SHIVAJI TERM MUMBAI,LATUR,1101001
22108,LATUR CSMT EXP,LATUR,C SHIVAJI TERM MUMBAI,1110100
22110,BPQ LTT EXPRESS,BALHARSHAH,LOKMANYATILAK T,10000
22109,LTT BPQ EXPRESS,LOKMANYATILAK T,BALHARSHAH,100000
22114,KCVL LTT SF EXP,TRIVANDRUM NORTH,LOKMANYATILAK T,1001000
22113,LTT KCVL EXPRESS,LOKMANYATILAK T,TRIVANDRUM NORTH,100010
22116,KRMI LTT AC EXP,KARMALI,LOKMANYATILAK T,1000
22115,LTT KRMI AC SUP,LOKMANYATILAK T,KARMALI,1000
22118,AMI PUNE  SF EXP,AMRAVATI,PUNE JN,1000
22117,PUNE AMI AC SF,PUNE JN,AMRAVATI,10000
22122,LKO LTT AC EXP,LUCKNOW NR,LOKMANYATILAK T,1
22123,PUNE AJNI AC EXP,PUNE JN,AJNI,100
22121,LKO AC SUP EXP,LOKMANYATILAK T,LUCKNOW NR,10
22125,NGP ASR AC EXP,NAGPUR,AMRITSAR JN,10
22126,ASR NGP AC EXP,AMRITSAR JN,NAGPUR,1000000
22124,AJNI PUNE AC EXP,AJNI,PUNE JN,100000
22127,ANANDWAN EXPRESS,LOKMANYATILAK T,KAZIPET JN,1000000
22129,TULSI EXPRESS,LOKMANYATILAK T,AYODHYA CANT,100001
22130,TULSI EXPRESS,AYODHYA CANT,LOKMANYATILAK T,1010000
22128,ANANDWAN EXP,KAZIPET JN,LOKMANYATILAK T,100000
22133,SUR KOP SF EXP,SOLAPUR JN,C SHAHUMHARAJ T,1111111
22131,GYAN GANGA EXP,PUNE JN,BANARAS,1000000
22132,GYAN GANGA SF,BANARAS,PUNE JN,10000
22134,KOP SUR SF EXP,C SHAHUMHARAJ T,SOLAPUR JN,1111111
22135,MYS RU EXP,MYSORE JN,RENIGUNTA JN,100
22136,RU MYS SF EXP,RENIGUNTA JN,MYSORE JN,10
22137,PRERANA EXPRESS,NAGPUR,AHMEDABAD JN,10011
22144,BIDR CSMT EXP,BIDAR,C SHIVAJI TERM MUMBAI,1011
22145,BPL REWA SF EXP,BHOPAL JN,REWA,101
22143,CSMT BIDAR EXP,C SHIVAJI TERM MUMBAI,BIDAR,10110
22138,PRERANA EXPRESS,AHMEDABAD JN,NAGPUR,1001001
22146,REWA BPL SF EXP,REWA,BHOPAL JN,1000010
22150,PUNE ERS SUP EXP,PUNE JN,ERNAKULAM JN,10001
22147,DR SNSI SF EXP,DADAR,SAINAGAR SHIRDI,100
22148,SNSI DR SF EXP,SAINAGAR SHIRDI,DADAR,10
22152,KZJ PUNE SF EXP,KAZIPET JN,PUNE JN,1
22153,MS SALEM EXP,CHENNAI EGMORE,SALEM JN,1111111
22154,SA CHENNAI EXP,SALEM JN,CHENNAI EGMORE,1111111
22151,PA KAZIPET SF EX,PUNE JN,KAZIPET JN,100
22149,ERS PUNE EXPRESS,ERNAKULAM JN,PUNE JN,100100
22156,KOP KLBG SUP EXP,C SHAHUMHARAJ T,KALABURAGI JN,1111111
22155,KLBG KOP SUP EXP,KALABURAGI JN,C SHAHUMHARAJ T,1111111
22157,CHENNAI MAIL,C SHIVAJI TERM MUMBAI,CHENNAI EGMORE,1111111
22159,CSMT CHENNAI EX,C SHIVAJI TERM MUMBAI,CHENNAI CENTRAL,1111111
22158,MUMBAI MAIL,CHENNAI EGMORE,C SHIVAJI TERM MUMBAI,1111111
22160,MUMBAI EXPRESS,CHENNAI CENTRAL,C SHIVAJI TERM MUMBAI,1111111
22161,RAJYA RANI EXP,BHOPAL JN,DAMOH,1111111
22163,MAHAMANA EXPRESS,BHOPAL JN,KHAJURAHO,1111111
22162,RAJYA RANI EXP,DAMOH,BHOPAL JN,1111111
22164,MAHAMANA EXP,KHAJURAHO,BHOPAL JN,1111111
22165,BPL SGRL SUP EXP,BHOPAL JN,SINGRAULI,110010
22166,SGRL BPL SF EXP,SINGRAULI,BHOPAL JN,101100
22167,SGRL NZM SF EXP,SINGRAULI,H NIZAMUDDIN,10001
22174,JBP CAF SUF EXP,JABALPUR,CHANDA FORT,101100
22168,NZM SGRL SF EXP,H NIZAMUDDIN,SINGRAULI,1001000
22175,NGP JAIPUR SF EXP,NAGPUR,JAIPUR,1000
22176,JAIPUR NGP SF EXP,JAIPUR,NAGPUR,100
22178,MAHANAGARI EXP,VARANASI JN,C SHIVAJI TERM MUMBAI,1111111
22179,LTT CHENNAI  EXP,LOKMANYATILAK T,CHENNAI CENTRAL,1000000
22177,MAHANAGARI EXP,C SHIVAJI TERM MUMBAI,VARANASI JN,1111111
22181,JBP  NZM SUP EXP,JABALPUR,H NIZAMUDDIN,1111111
22180,CHENNAI LTT EXP,CHENNAI CENTRAL,LOKMANYATILAK T,100000
22184,SAKET EXPRESS,AYODHYA CANT,LOKMANYATILAK T,1001
22182,NZM JBP SF EXP,H NIZAMUDDIN,JABALPUR,1111111
22183,SAKET EXPRESS,LOKMANYATILAK T,AYODHYA CANT,10010
22185,AHIMSA EXPRESS,AHMEDABAD JN,PUNE JN,1000
22188,INTERCITY EXPRES,ADHARTAL,RANI KAMLAPATI,1111111
22187,INTERCITY EXPRES,RANI KAMLAPATI,ADHARTAL,1111111
22190,INTERCITY EXP,REWA,JABALPUR,1111111
22186,AHIMSA EXPRESS,PUNE JN,AHMEDABAD JN,10000
22189,INTERCITY EXP,JABALPUR,REWA,1111111
22191,INDB JBP EXP,INDORE JN BG,JABALPUR,1111111
22192,JBP INDB EXP,JABALPUR,INDORE JN BG,1111111
22193,DAUND GWALIOR EXP,DAUND JN,GWALIOR,1
22195,JHS BDTS EXP,V LAKSHMIBAI JHANSI,BANDRA TERMINUS,1000001
22194,GWL DAUND EXP,GWALIOR,DAUND JN,10
22196,BDTS JHANSI EXP,BANDRA TERMINUS,V LAKSHMIBAI JHANSI,110000
22198,PRATHAM S SNGRM,V LAKSHMIBAI JHANSI,KOLKATA,100
22199,GD SUSHASAN EXP,GWALIOR,BALRAMPUR,10000
22197,PRATHAM S S EXP,KOLKATA,V LAKSHMIBAI JHANSI,1
22200,GWL SUSHASAN EXP,BALRAMPUR,GWALIOR,1000
22306,JSME SMVT EXP,JASIDIH JN,SMVT BENGALURU,100
22307,HWH BKN EXPRESS,HOWRAH JN,BIKANER JN,1001100
22305,SMVB JSME EXP,SMVT BENGALURU,JASIDIH JN,1
22308,BKN HWH SF EXP,BIKANER JN,HOWRAH JN,10011
22311,GODA LTT EXP,GODDA,LOKMANYATILAK T,1
22312,LTT GODDA EXP,LOKMANYATILAK T,GODDA,1000
22323,SHABD BHEDI EXP,KOLKATA,GHAZIPUR CITY,1000
22324,SHABD BHEDI SF,GHAZIPUR CITY,KOLKATA,100
22356,CDG PPTA SF EXP,CHANDIGARH,PATLIPUTRA,1001000
22352,SMVB SHC EXP,SMVT BENGALURU,SAHARSA JN,1000000
22355,PPTA CDG SF EXP,PATLIPUTRA,CHANDIGARH,10001
22351,SHC SMVB EXP,SAHARSA JN,SMVT BENGALURU,100
22357,LTT GAYA SF EXP,LOKMANYATILAK T,GAYA JN,100
22358,GAYA LTT SUP EXP,GAYA JN,LOKMANYATILAK T,10000
22362,AMRIT BHARAT EXP,NEW DELHI,RJNDR NGR BIHAR,1111111
22402,UHP DEE AC SUP,MTYR C TUSHAR MAHAJAN,DELHI S ROHILLA,101001
22360,CSMT PNBE SF EXP,C SHIVAJI TERM MUMBAI,PATNA JN,100100
22401,DEE UHP AC SUP,DELHI S ROHILLA,MTYR C TUSHAR MAHAJAN,1010010
22361,AMRIT BHARAT EXP,RJNDR NGR BIHAR,NEW DELHI,1111111
22359,PNBE CSMT SF EXP,PATNA JN,C SHIVAJI TERM MUMBAI,10001
22387,BLACKDIAMOND EXP,HOWRAH JN,DHANBAD JN,1111111
22388,BLACKDIAMOND EXP,DHANBAD JN,HOWRAH JN,1111111
22403,PDY NDLS SF EXP,PUDUCHERRY,NEW DELHI,10000
22412,ARUNACHAL EXP,ANAND VIHAR TRM,NAHARLAGUN,1001
22417,MAHAMANA EXP,VARANASI JN,NEW DELHI,101010
22407,ABKP NZM SF EXP,AMBIKAPUR,H NIZAMUDDIN,1000
22404,NDLS PDY SF EXP,NEW DELHI,PUDUCHERRY,1
22408,NZM ABKP SF EXP,H NIZAMUDDIN,AMBIKAPUR,100000
22418,MAHAMANA EXP,NEW DELHI,VARANASI JN,1010100
22419,SUHAILDEV SF EXP,GHAZIPUR CITY,ANAND VIHAR TRM,1010101
22411,ARUNACHAL EXP,NAHARLAGUN,ANAND VIHAR TRM,100010
22420,SUHAILDEV SF EXP,ANAND VIHAR TRM,GHAZIPUR CITY,101011
22424,ASR GKP JANSADHARAN,AMRITSAR JN,GORAKHPUR JN,1
22422,SALASAR SUP FAST,JODHPUR JN,DELHI S ROHILLA,1111111
22421,SALASAR SUP FAST,DELHI S ROHILLA,JODHPUR JN,1111111
22427,BHRIGU SF EXP,BALLIA,ANAND VIHAR TRM,1
22428,BHRIGU SF EXP,ANAND VIHAR TRM,BALLIA,10
22423,GKP ASR JANSADHARAN,GORAKHPUR JN,AMRITSAR JN,1000000
22431,ALD UHP EXP,SUBEDARGANJ,MTYR C TUSHAR MAHAJAN,100010
22432,UHP ALD EXP,MTYR C TUSHAR MAHAJAN,SUBEDARGANJ,10001
22433,GCT ANVT SF EXP,GHAZIPUR CITY,ANAND VIHAR TRM,100010
22434,SUHAILDEV EXP,ANAND VIHAR TRM,GHAZIPUR CITY,1000100
22441,CKTD CNB INTERCITY,CHITRAKOOTDHAM,KANPUR CENTRAL,1111111
22442,CNB CKTD INTERCITY,KANPUR CENTRAL,CHITRAKOOTDHAM,1111111
22443,CNB BDTS EXP,KANPUR CENTRAL,BANDRA TERMINUS,10000
22445,CNB ASR SF EXP,KANPUR CENTRAL,AMRITSAR JN,1000000
22444,BDTS KANPUR EXP,BANDRA TERMINUS,KANPUR CENTRAL,100
22446,ASR CNB SF EXP,AMRITSAR JN,KANPUR CENTRAL,100000
22450,PORVOTR S KRNTI,NEW DELHI,GUWAHATI,10001
22449,PORVOTR S KRNTI,GUWAHATI,NEW DELHI,10010
22451,BDTS CDG SF EXP,BANDRA TERMINUS,CHANDIGARH,1001000
22452,CDG BDTS SF EXP,CHANDIGARH,BANDRA TERMINUS,10001
22453,RAJYA RANI EXP,LUCKNOW NE,MEERUT CITY,1111111
22456,KLK SNSI SF EXP,KALKA,SAINAGAR SHIRDI,1001
22454,RAJYA RANI EXP,MEERUT CITY,LUCKNOW NE,1111111
22461,SHRI SHAKTI EXP,NEW DELHI,MATA VAISHNO DEVI KATRA,1111111
22462,SHRI SHAKTI EXP,MATA VAISHNO DEVI KATRA,NEW DELHI,1111111
22463,RJSTHN S KRANTI,DELHI S ROHILLA,BIKANER JN,101
22455,SNSI KLK SUP EXP,SAINAGAR SHIRDI,KALKA,100010
22465,MDP ANVT SF EXP,MADHUPUR JN,ANAND VIHAR TRM,1000
22466,BABA V DHAM D SF,ANAND VIHAR TRM,MADHUPUR JN,10000
22468,GNC BSB EXP,GANDHINAGAR CAP,VARANASI JN,1000
22464,RJSTHN S KRNTI,BIKANER JN,DELHI S ROHILLA,100010
22473,BKN BDTS SF EXP,BIKANER JN,BANDRA TERMINUS,1000000
22471,DEE INTERCITY,LALGARH JN,DELHI S ROHILLA,1111111
22467,BSB GNC EXP,VARANASI JN,GANDHINAGAR CAP,10000
22472,BKN INTERCITY,DELHI S ROHILLA,LALGARH JN,1111111
22474,BDTS BKN SUP EXP,BANDRA TERMINUS,BIKANER JN,100000
22481,JU DEE SUP,JODHPUR JN,DELHI S ROHILLA,1111111
22476,CBE HSR AC EXP,COIMBATORE JN,HISAR,10
22484,JODHPUR EXPRESS,GANDHIDHAM BG,BHAGAT KI KOTHI,1111111
22483,JU GIMB SF EXP,BHAGAT KI KOTHI,GANDHIDHAM BG,1111111
22482,DEE JU SUP,DELHI S ROHILLA,JODHPUR JN,1111111
22485,FZR INTERCITY,NEW DELHI,FIROZPUR CANT,1000100
22486,N DELHI INTRCTY,FIROZPUR CANT,NEW DELHI,1000100
22491,MANDORE EXPRESS,JODHPUR JN,DELHI,1111111
22503,DBRG VIVEK EXP,KANYAKUMARI,DIBRUGARH,1111111
22492,MANDORE EXPRESS,DELHI,JODHPUR JN,1111111
22502,NTSK SMVB EXPRESS,NEW TINSUKIA JN,SMVT BENGALURU,100
22504,VIVEK EXPRESS,DIBRUGARH,KANYAKUMARI,1111111
22501,NEW TINSUKIA EXP,SMVT BENGALURU,NEW TINSUKIA JN,100000
22511,KARMABHOOMI EXP,LOKMANYATILAK T,KAMAKHYA,100000
22512,KARMABHOOMI EXP,KAMAKHYA,LOKMANYATILAK T,10
22533,GKP YPR EXPRESS,GORAKHPUR JN,YESVANTPUR JN,1000000
22534,YPR GORAKPUR EXP,YESVANTPUR JN,GORAKHPUR JN,10000
22538,KUSHINAGAR SF EXP,LOKMANYATILAK T,GORAKHPUR JN,1111111
22539,MAU ANVT SF EXP,MAU JN,ANAND VIHAR TRM,100100
22536,BSBS RMM EXP,BANARAS,RAMESWARAM,1
22535,RMM BSBS SF EXP,RAMESWARAM,BANARAS,10000
22540,ANVT MAU SF EXP,ANAND VIHAR TRM,MAU JN,10010
22543,BDTS LKU SF EXP,BANDRA TERMINUS,LAL KUAN,100000
22544,LKU BDTS SUP EXP,LAL KUAN,BANDRA TERMINUS,1000000
22548,ADI GWL SF EXP,SABARMATI BG,GWALIOR,100110
22547,GWL ADI SF EXP,GWALIOR,SABARMATI BG,10011
22582,NDLS BUI SF EXP,NEW DELHI,BALLIA,1100000
22583,JANSADHARAN EXP,CHHAPRA,LOKMANYATILAK T,100000
22581,BUI NDLS SF EXP,BALLIA,NEW DELHI,110000
22584,JANSADHARAN EXP,LOKMANYATILAK T,CHHAPRA,1000
22585,BNRS GNC EXP,BANARAS,GANDHINAGAR CAP,10000
22601,SHIRDI EXPRESS,CHENNAI CENTRAL,SAINAGAR SHIRDI,10000
22586,GNC BNRS EXP,GANDHINAGAR CAP,BANARAS,1000
22602,SNSI CHENNAI EXP,SAINAGAR SHIRDI,CHENNAI CENTRAL,100
22604,KHARAGPUR EXP,VILLUPURAM JN,KHARAGPUR JN,100000
22606,PURULIA EXPRESS,TIRUNELVELI JN,PURULIA JN,10010
22610,INTERCITY EXP,COIMBATORE JN,MANGALORE CNTL,1111111
22609,INTERCITY EXP,MANGALORE CNTL,COIMBATORE JN,1111111
22614,SHRADDHA SETHU,AYODHYA CANT,RAMESWARAM,10000
22612,NJP MAS EXPRESS,NEW JALPAIGURI,CHENNAI CENTRAL,100
22613,SHRADDHA SETHU,RAMESWARAM,AYODHYA CANT,1
22616,TIRUPATI SF EXP,COIMBATORE JN,TIRUPATI,101101
22618,TIRUPATHI EXP,SMVT BENGALURU,TIRUPATI,1010010
22622,CAPE RMM SF EXP,KANYAKUMARI,RAMESWARAM,101001
22617,TPTY SMVB SF EX,TIRUPATI,SMVT BENGALURU,100101
22623,MADURAI EXPRESS,TAMBARAM,MADURAI JN,101
22624,CHENNAI EXPRESS,MADURAI JN,TAMBARAM,1010
22627,TVC EXPRESS,TIRUCHCHIRAPALI,TRIVANDRUM CNTL,1111111
22628,TPJ EXPRESS,TRIVANDRUM CNTL,TIRUCHCHIRAPALI,1111111
22633,NIZAMUDDIN EXP,TRIVANDRUM CNTL,H NIZAMUDDIN,10000
22631,ANUVRAT EXPRESS,MADURAI JN,BIKANER JN,1000
22632,ANUVRAT EXP,BIKANER JN,MADURAI JN,1
22629,LTT TEN EXP,LOKMANYATILAK T,TIRUNELVELI JN,1000
22634,NZM TVC SF EXP,H NIZAMUDDIN,TRIVANDRUM CNTL,100
22636,MADGAON EXP,MANGALORE CNTL,MADGAON,1111111
22638,WEST COAST EXP,MANGALORE CNTL,CHENNAI CENTRAL,1111111
22635,MAQ INTERCITY EX,MADGAON,MANGALORE CNTL,1111111
22637,WEST COAST EXP,CHENNAI CENTRAL,MANGALORE CNTL,1111111
22639,ALLEPPEY EXP,CHENNAI CENTRAL,ALLEPPEY,1111111
22640,CHENNAI EXPRESS,ALLEPPEY,CHENNAI CENTRAL,1111111
22641,SHALIMAR EXP,TRIVANDRUM CNTL,SHALIMAR,1010
22644,PNBE ERS EXPRESS,PATNA JN,ERNAKULAM JN,1100
22643,PATNA EXPRESS,ERNAKULAM JN,PATNA JN,1100000
22646,AHILYANAGARI EX,TRIVANDRUM NORTH,INDORE JN BG,10
22650,YERCAUD EXP,ERODE JN,CHENNAI CENTRAL,1111111
22645,AHILYANAGARI EX,INDORE JN BG,TRIVANDRUM NORTH,1000000
22649,YERCAUD EXPRESS,CHENNAI CENTRAL,ERODE JN,1111111
22648,KORBA EXPRESS,TRIVANDRUM NORTH,KORBA,1001000
22647,KRBA KCVL EXPRES,KORBA,TRIVANDRUM NORTH,10010
22651,PALAKKAD EXP,CHENNAI CENTRAL,PALAKKAD JN,1111111
22652,PGT MAS EXPRESS,PALAKKAD JN,CHENNAI CENTRAL,1111111
22656,NZM ERS SF EXP,H NIZAMUDDIN,ERNAKULAM JN,100
22654,NZM TVC SF EXP,H NIZAMUDDIN,TRIVANDRUM CNTL,1000000
22657,TBM NCJ EXPRESS,TAMBARAM,NAGERCOIL JN,1010001
22655,ERS NZM SF EXP,ERNAKULAM JN,H NIZAMUDDIN,10000
22653,NIZAMUDDIN  EXP,TRIVANDRUM CNTL,H NIZAMUDDIN,100
22658,NCJ TBM EXPRESS,NAGERCOIL JN,TAMBARAM,1101000
22659,KCVL RISHIKESH EXP,TRIVANDRUM NORTH,YOGNAGARI RISHIKESH,100
22660,YNRK KCVL SF EXP,YOGNAGARI RISHIKESH,TRIVANDRUM NORTH,1000000
22661,RAMESWARAM EXP,CHENNAI EGMORE,RAMESWARAM,1111111
22663,MS JODHPUR EXP,TAMBARAM,JODHPUR JN,10
22662,RMM CHENNAI EXP,RAMESWARAM,TAMBARAM,1111111
22666,CBE SBC UDAY EXP,COIMBATORE JN,KSR BANGALORE CY JN,1111111
22665,SBC CBE UDAY EXP,KSR BANGALORE CY JN,COIMBATORE JN,1111111
22664,JU MS SF EXPRESS,JODHPUR JN,TAMBARAM,100000
22667,COIMBATORE EXP,NAGERCOIL JN,COIMBATORE JN,1111111
22669,ERS PATNA EXP,ERNAKULAM JN,PATNA JN,10
22668,NAGERCOIL EXP,COIMBATORE JN,NAGERCOIL JN,1111111
22673,BGKT MQ EXPRESS,JODHPUR JN,MANNARGUDI,1000
22676,CHOZHAN EXPRESS,TIRUCHCHIRAPALI,CHENNAI EGMORE,1111111
22674,MQ BGKT EXP,MANNARGUDI,JODHPUR JN,1000000
22675,CHOZHAN EXPRESS,CHENNAI EGMORE,TIRUCHCHIRAPALI,1111111
22679,INTERCITY EXP,YESVANTPUR JN,HASSAN,1111111
22670,PNBE ERS EXPRES,PATNA JN,ERNAKULAM JN,100000
22680,INTERCITY EXP,HASSAN,YESVANTPUR JN,1111111
22681,CHENNAI EXPRESS,MYSORE JN,CHENNAI CENTRAL,10000
22685,YPR  SKRANTIEXP,YESVANTPUR JN,CHANDIGARH,10010
22682,MYSORE EXPRESS,CHENNAI CENTRAL,MYSORE JN,1000
22686,KARNTK S KRANTI,CHANDIGARH,YESVANTPUR JN,100010
22684,LKO YPR SUP,LUCKNOW NR,YESVANTPUR JN,1000
22683,YPR LKO EXP,YESVANTPUR JN,LUCKNOW NR,1000000
22687,MYS BSB EXP,MYSORE JN,VARANASI JN,101000
22689,ADI YPR SUP FAST,AHMEDABAD JN,YESVANTPUR JN,100000
22688,BSB MYS EXPRESS,VARANASI JN,MYSORE JN,1010
22697,UBL MAS SF EXP,HUBBALLI JN,CHENNAI CENTRAL,10
22707,TPTY DOUBLE DECK,VISAKHAPATNAM,TIRUPATI,1001010
22690,AHMEDABAD EXP,YESVANTPUR JN,AHMEDABAD JN,1
22698,MAS UBL SF EXP,CHENNAI CENTRAL,HUBBALLI JN,1
22708,VSKP DOUBLE DECK,TIRUPATI,VISAKHAPATNAM,10101
22709,NED AADR SF EXP,H SAHIB NANDED,AMBANDAURA,100000
22715,KCG MDU SF EXP,KACHEGUDA,MADURAI JN,10
22710,AADR NED SF EXP,AMBANDAURA,H SAHIB NANDED,1000
22723,NED SGNR EXP,H SAHIB NANDED,SHRI GANGANAGAR,1000
22716,MDU KCG SF EXP,MADURAI JN,KACHEGUDA,1
22718,RAJKOT EXPRESS,SECUNDERABAD JN,RAJKOT JN,1100010
22717,RJT SC EXPRESS,RAJKOT JN,SECUNDERABAD JN,1011000
22731,MUMBAI EXP,HYDERABAD DECAN,C SHIVAJI TERM MUMBAI,1111111
22732,HYDERABAD EXP,C SHIVAJI TERM MUMBAI,HYDERABAD DECAN,1111111
22737,SC HSR EXP,SECUNDERABAD JN,HISAR,110000
22724,SGNR NED EXP,SHRI GANGANAGAR,H SAHIB NANDED,10
22738,HSR SC EXPRESS,HISAR,SECUNDERABAD JN,101
22801,VSKP MAS SF EXP,VISAKHAPATNAM,CHENNAI CENTRAL,100
22804,SBP SHM SUP EXP,SAMBALPUR,SHALIMAR,100
22805,BBS ANVT SUP EXP,BHUBANESWAR,ANAND VIHAR TRM,10
22802,MAS VSKP  EXP,CHENNAI CENTRAL,VISAKHAPATNAM,10
22806,ANVT BBS SUP,ANAND VIHAR TRM,BHUBANESWAR,1000000
22807,SRC  MAS AC EXP,SANTRAGACHI JN,CHENNAI CENTRAL,100100
22808,MAS SRC AC EXP,CHENNAI CENTRAL,SANTRAGACHI JN,1001
22810,PRDP SF EXP,VISAKHAPATNAM,PARADIP,1
22809,VSKP SF EXP,PARADIP,VISAKHAPATNAM,1000000
22813,SRC  PRDP SF EXP,SANTRAGACHI JN,PARADIP,100000
22819,INTERCITY SF EXP,BHUBANESHWAR NEW,VISAKHAPATNAM,1111111
22814,PRDP SRC SF EXP,PARADIP,SANTRAGACHI JN,1000000
22820,INTERCITY SF EX,VISAKHAPATNAM,BHUBANESHWAR NEW,1111111
22821,JGM PRR EXPRESS,JHARGRAM,PURULIA JN,1000100
22825,SHM MAS SF EXP,SHALIMAR,CHENNAI CENTRAL,100000
22822,PRR JGM EXPRESS,PURULIA JN,JHARGRAM,100010
22828,SURAT PURI EXP,SURAT,PURI,100000
22829,BHUJ SHM EXP,BHUJ,SHALIMAR,100000
22831,HWH YPR SF EXP,HOWRAH JN,YESVANTPUR JN,10000
22832,YPR HWH SF EXP,YESVANTPUR JN,HOWRAH JN,100
22836,PURI SHM SF EXP,PURI,SHALIMAR,100000
22840,BBS ROU SF INT E,BHUBANESWAR,ROURKELA,1111111
22838,DHARTI AABA EXP,ERNAKULAM JN,HATIA,10000
22842,TBM SRC ANTYODAYA,TAMBARAM,SANTRAGACHI JN,10000
22837,DHARTI AABA EXP,HATIA,ERNAKULAM JN,1000000
22839,ROU BBS SF INT E,ROURKELA,BHUBANESWAR,1111111
22845,PUNE HATIA EXP,PUNE JN,HATIA,10001
22846,HTE PUNE SF EXP,HATIA,PUNE JN,1000100
22848,LTT VSKP SUP EXP,LOKMANYATILAK T,VISAKHAPATNAM,100000
22852,SRC VIVEK EXP,MANGALORE CNTL,SANTRAGACHI JN,10
22854,VSKP SHM SF EXP,VISAKHAPATNAM,SHALIMAR,10000
22855,SRC TPTY SF EXP,SANTRAGACHI JN,TIRUPATI,1
22857,SRC ANVT SF EXP,SANTRAGACHI JN,ANAND VIHAR TRM,1000000
22856,TPTY SRC SF EXP,TIRUPATI,SANTRAGACHI JN,1000000
22859,PURI CHENNAI EXP,PURI,CHENNAI CENTRAL,1
22858,ANVT SRC SF EXP,ANAND VIHAR TRM,SANTRAGACHI JN,100000
22863,HWH SMVB AC EXP,HOWRAH JN,SMVT BENGALURU,1000000
22860,MAS PURI EXPRESS,CHENNAI CENTRAL,PURI,1000000
22864,SMVB HWH AC EXP,SMVT BENGALURU,HOWRAH JN,10000
22866,PURI LTT SF EXP,PURI,LOKMANYATILAK T,100000
22870,VISAKAPATNAM EXP,CHENNAI CENTRAL,VISAKHAPATNAM,100000
22872,TPTY BBS EXP,TIRUPATI,BHUBANESWAR,1000000
22874,VSKP DIGHA EXP,VISAKHAPATNAM,DIGHA FLAG STN,1000
22875,UDAY EXPRESS,VISAKHAPATNAM,GUNTUR JN,1110110
22881,PUNE BBS EXPRESS,PUNE JN,BHUBANESWAR,1000
22877,HWH ERS ANTYODAYA,HOWRAH JN,ERNAKULAM JN,10
22876,VSKP UDAY DD EXP,GUNTUR JN,VISAKHAPATNAM,1110110
22882,BBS PUNE EXP,BHUBANESWAR,PUNE JN,100000
22889,DGHA PURI SUP EX,DIGHA FLAG STN,PURI,1
22892,RNC HWH INT EXP,RANCHI,HOWRAH JN,11010
22891,HWH RNC INT EXP,HOWRAH JN,RANCHI,11010
22890,PURI DGHA SUP EX,PURI,DIGHA FLAG STN,10
22897,KANDARI EXPRESS,HOWRAH JN,DIGHA FLAG STN,1111111
22894,HWH SNSI EXPRESS,HOWRAH JN,SAINAGAR SHIRDI,1000
22893,SNSI HWH SUP EXP,SAINAGAR SHIRDI,HOWRAH JN,10
22898,KANDARI EXPRESS,DIGHA FLAG STN,HOWRAH JN,1111111
22903,BHUJ AC SF EXP,BANDRA TERMINUS,BHUJ,10101
22901,BDTS UDZ SF EXP,BANDRA TERMINUS,UDAIPUR CITY,101010
22905,OKHA SHALIMAR EXP,OKHA,SHALIMAR,1
22902,UDZ BDTS SF EXP,UDAIPUR CITY,BANDRA TERMINUS,10101
22904,BDTS AC SF EXP,BHUJ,BANDRA TERMINUS,1001010
22906,SHM PBR OKHA EXP,SHALIMAR,OKHA,100000
22907,MAO HAPA SUP EXP,MADGAON,HAPA,100
22910,PURI VALSAD EXP,PURI,VALSAD,1
22912,SHIPRA EXP,HOWRAH JN,INDORE JN BG,1001010
22916,HSR BDTS S F EXP,HISAR,BANDRA TERMINUS,100000
22917,HARIDWAR EXP,BANDRA TERMINUS,HARIDWAR JN,10000
22918,HW BDTS SF EXP,HARIDWAR JN,BANDRA TERMINUS,1000
22915,BDTS HSR SF EXP,BANDRA TERMINUS,HISAR,1000000
22911,SHIPRA EXPRESS,INDORE JN BG,HOWRAH JN,101010
22921,BDTS GKP ANTODAYA,BANDRA TERMINUS,GORAKHPUR JN,1
22922,GKP BDTS ANTODAYA EXP,GORAKHPUR JN,BANDRA TERMINUS,100000
22929,DRD BRC EXP,DAHANU ROAD,VADODARA JN,1111111
22932,JSM BDTS SF EXP,JAISALMER,BANDRA TERMINUS,10
22927,LOK SHAKTI EXP,BANDRA TERMINUS,AHMEDABAD JN,1111111
22928,LOK SHAKTI EXP,AHMEDABAD JN,BANDRA TERMINUS,1111111
22930,BRC DRD EXP,VADODARA JN,DAHANU ROAD,1111111
22931,BDTS JSM EXP,BANDRA TERMINUS,JAISALMER,100
22933,BDTS JP SF EXP,BANDRA TERMINUS,JAIPUR,1000000
22934,JP BDTS SF EXP,JAIPUR,BANDRA TERMINUS,100000
22936,PIT BDTS SF EXP,PALITANA,BANDRA TERMINUS,10000
22937,RAJKOT REWA EXP,RAJKOT JN,REWA,1
22938,REWA RJT SUP EXP,REWA,RAJKOT JN,1000000
22935,BDTS PIT SF EXP,BANDRA TERMINUS,PALITANA,100000
22943,PUNE INDORE EXP,DAUND JN,INDORE JN BG,1111111
22941,INBD UHP SF EXP,INDORE JN BG,MTYR C TUSHAR MAHAJAN,1000000
22942,UHP INDB SF EXP,MTYR C TUSHAR MAHAJAN,INDORE JN BG,10000
22944,INDB DAUND EXPRES,INDORE JN BG,DAUND JN,1111111
22946,SAURASHTRA MAIL,OKHA,MUMBAI CENTRAL,1111111
22945,SAURASHTRA MAIL,MUMBAI CENTRAL,OKHA,1111111
22948,BGP SURAT SF EXP,BHAGALPUR,SURAT,1001000
22949,BDTS DEE EXPRESS,BANDRA TERMINUS,DELHI S ROHILLA,10000
22947,ST BHAGALPUR EX,UDHNA JN,BHAGALPUR,100010
22950,DEE BDTS SF EXP,DELHI S ROHILLA,BANDRA TERMINUS,1000
22952,BANDRA T EXP,GANDHIDHAM BG,BANDRA TERMINUS,1000
22951,GANDHIDHAM EXP,BANDRA TERMINUS,GANDHIDHAM BG,100
22954,GUJARAT EXPRESS,AHMEDABAD JN,MUMBAI CENTRAL,1111111
22953,GUJARAT EXPRESS,MUMBAI CENTRAL,AHMEDABAD JN,1111111
22955,KUTCH EXPRESS,BANDRA TERMINUS,BHUJ,1111111
22957,SOMNATH EXPRESS,GANDHINAGAR CAP,VERAVAL,1111111
22956,KUTCH EXPRESS,BHUJ,BANDRA TERMINUS,1111111
22958,SOMNATH EXPRESS,VERAVAL,GANDHINAGAR CAP,1111111
22964,BVC BDTS SF EXP,BHAVNAGAR TRMUS,BANDRA TERMINUS,1
22960,BRC INTERCITY,JAMNAGAR,VADODARA JN,1111111
22959,JAMNAGAR INTCITY,VADODARA JN,JAMNAGAR,1111111
22963,BDTS BVC SF EXP,BANDRA TERMINUS,BHAVNAGAR TRMUS,1000000
22965,BDTS BGKT EXP,BANDRA TERMINUS,BHAGAT KI KOTHI,100
22966,BGKT BDTS SF EXP,BHAGAT KI KOTHI,BANDRA TERMINUS,10
22967,ADI PRYJ EXPRESS,AHMEDABAD JN,PRAYAGRAJ JN,1000
22971,BDTS PNBE S FAST,BANDRA TERMINUS,PATNA JN,1000000
22970,BSB OKHA SF EXP,BANARAS,OKHA,10
22972,PNBE BDTS SF EXP,PATNA JN,BANDRA TERMINUS,10000
22968,PRYJ ADI SF EXP,PRAYAGRAJ JN,AHMEDABAD JN,100
22969,OKHA BSBS SF EXP,OKHA,BANARAS,1000
22973,GIMB PURI S FAST,GANDHIDHAM BG,PURI,10000
22974,PURI GIMB EXP,PURI,GANDHIDHAM BG,10
22975,RAMNAGAR EXPRESS,BANDRA TERMINUS,RAMNAGAR,1000
22976,RMR BDTS EXP,RAMNAGAR,BANDRA TERMINUS,100
22977,JP JU SF EXP,JAIPUR,JODHPUR JN,1111111
22981,KOTA SGNR SF EXP,KOTA JN,SHRI GANGANAGAR,1100110
22978,JU JP SF EXP,JODHPUR JN,JAIPUR,1111111
22982,SGNR KOTA SF,SHRI GANGANAGAR,KOTA JN,1001101
22983,KOTA INDB SF EXP,KOTA JN,INDORE JN BG,1111111
22984,INDB KOTA SF EXP,INDORE JN BG,KOTA JN,1111111
22991,BL BGKT SUP,VALSAD,BHAGAT KI KOTHI,100000
22987,AII AF SUPERFAST,AJMER JN,AGRA FORT,1111111
22988,AF AII SUPERFAST,AGRA FORT,AJMER JN,1111111
22990,MHV BDTS SF EXP,MAHUVA JN,BANDRA TERMINUS,1010
22989,BDTS MHV SF EXP,BANDRA TERMINUS,MAHUVA JN,10100
22992,JU BL EXP,BHAGAT KI KOTHI,VALSAD,10000
22998,SGNR JLWC SUP,SHRI GANGANAGAR,JHALAWAR CITY,110010
22997,JLWC SGNR SF EXP,JHALAWAR CITY,SHRI GANGANAGAR,11001
24203,LKO INTERCITY,VARANASI JN,LUCKNOW NR,1111111
12002,BHOPAL SHTBDI,NEW DELHI,RANI KAMLAPATI,1111111
12001,NDLS SHATABDI,RANI KAMLAPATI,NEW DELHI,1111111
24204,BSB INTERCITY,LUCKNOW NR,VARANASI JN,1111111
12004,LJN SWARNA SHATABDI,NEW DELHI,LUCKNOW NE,1111111
12003,NDLS SWARNA SHATABDI,LUCKNOW NE,NEW DELHI,1111111
12005,KALKA SHTBDI,NEW DELHI,KALKA,1111111
12006,KALKA SHTBDI,KALKA,NEW DELHI,1111111
12012,KALKA SHTBDI,KALKA,NEW DELHI,1111111
12011,KALKA SHTBDI,NEW DELHI,KALKA,1111111
12013,AMRITSAR SHTBDI,NEW DELHI,AMRITSAR JN,1111111
12015,AJMER SHTBDI,NEW DELHI,DAURAI,1111111
12014,NDLS SHATABDI,AMRITSAR JN,NEW DELHI,1111111
12017,DEHRADUN SHTBDI,NEW DELHI,DEHRADUN,1111111
12016,AJMER SHTBDI,DAURAI,NEW DELHI,1111111
12018,DEHRADUN SHTBDI,DEHRADUN,NEW DELHI,1111111
12031,AMRITSAR SHTBDI,NEW DELHI,AMRITSAR JN,1000
12039,KGM NDLS SHT,KATHGODAM,NEW DELHI,1111111
12032,AMRITSAR SHTBDI,AMRITSAR JN,NEW DELHI,1000
12040,NDLS KGM SHT,NEW DELHI,KATHGODAM,1111111
12085,SHATABDI EXP,GUWAHATI,DIBRUGARH,101010
12088,SHATABDI EXP,GUWAHATI,NAHARLAGUN,1001001
12087,SHATABDI EXP,NAHARLAGUN,GUWAHATI,1100100
12086,SHATABDI EXP,DIBRUGARH,GUWAHATI,1010100
12277,SATABDI EXPRESS,HOWRAH JN,PURI,1111111
12278,SATABDI EXPRESS,PURI,HOWRAH JN,1111111
12847,DGHA SUP AC EXP,HOWRAH JN,DIGHA FLAG STN,1111111
12848,HWH SUP AC EXP,DIGHA FLAG STN,HOWRAH JN,1111111
52459,HIM DARSHAN EXP,KALKA,SHIMLA,1111111
52460,HIM DARSHAN EXP,SHIMLA,KALKA,1111111
11031,APDJ AMRITBHARAT,PANVEL,ALIPUR DUAR JN,1000000
11754,REWA NITR EXP,REWA,NSC BOSE ITWARI,1010010
12571,ANVT HUMSAFAR,GORAKHPUR JN,ANAND VIHAR TRM,10111
11032,PNVL AMRITBHARAT,ALIPUR DUAR JN,PANVEL,1000
13066,AMRIT BHARAT EXP,ANAND VIHAR TRM,HOWRAH JN,10
12572,GKP HUMSFAR,ANAND VIHAR TRM,GORAKHPUR JN,1001011
13065,AMRIT BHARAT EXP,HOWRAH JN,ANAND VIHAR TRM,1000
14627,AMRIT BHARAT EXP,SAHARSA JN,CHHEHARTA,1000000
15133,AMRIT BHARAT EXP,CHHAPRA,ANAND VIHAR TRM,1001000
14628,AMRIT BHARAT EXP,CHHEHARTA,SAHARSA JN,10
15293,AMRIT BHARAT EXP,MUZAFFARPUR JN,CHARLAPALLI,100000
15134,AMRIT BHARA EXP,ANAND VIHAR TRM,CHHAPRA,10010
15671,AMRIT BHARAT EXP,KAMAKHYA,ROHTAK JN,100
15294,MFP AMRITBHARAT,CHARLAPALLI,MUZAFFARPUR JN,1000
15672,AMRIT BHARAT EXP,ROHTAK JN,KAMAKHYA,1
15673,KYQ AMRITBHARAT,CHARLAPALLI,KAMAKHYA,10000
15778,APDJ NJP TOURIST,ALIPUR DUAR JN,NEW JALPAIGURI,1111111
15674,CHZ AMRIT BHARAT,KAMAKHYA,CHARLAPALLI,1
15950,AMRIT BHARAT EXP,GOMATI NAGAR,DIBRUGARH,1
16107,SRC AMRIT BHARAT,TAMBARAM,SANTRAGACHI JN,100
15949,AMRIT BHARAT EXP,DIBRUGARH,GOMATI NAGAR,100
16108,TBM AMRIT BHARAT,SANTRAGACHI JN,TAMBARAM,10
16121,TVC AMRIT BHARAT,TAMBARAM,TRIVANDRUM CNTL,10000
16330,NCJ AMRIT BHARAT,MANGALORE JN,NAGERCOIL JN,10000
16358,NCJ AMRITBHARAT,CHARLAPALLI,NAGERCOIL JN,10
16329,MAJN AMRITBHARAT,NAGERCOIL JN,MANGALORE JN,100000
16122,TBM AMRIT BHARAT,TRIVANDRUM CNTL,TAMBARAM,1000
16357,CHZ AMRIT BHARAT,NAGERCOIL JN,CHARLAPALLI,1000
16597,APDJ AMRITBHARAT,SMVT BENGALURU,ALIPUR DUAR JN,10
16598,AMRIT BHARAT EXP,ALIPUR DUAR JN,SMVT BENGALURU,1000000
16601,JBN AMRIT BHARAT,ERODE JN,JOGBANI,1000
16619,DHN AMRIT BHARAT,PODANUR JN,DHANBAD JN,10
16602,AMRIT BHARAT,JOGBANI,ERODE JN,1
17041,TVCN AMRITBHART,CHARLAPALLI,TRIVANDRUM NORTH,100000
17042,CHZ AMRIT BHARAT,TRIVANDRUM NORTH,CHARLAPALLI,10000
16620,AMRIT BHARAT EXP,DHANBAD JN,PODANUR JN,1000000
17065,SHM AMRITBHARAT,CHARLAPALLI,SHALIMAR,100000
17321,VSG JSME EXP,VASCO DA GAMA,JASIDIH JN,100
17066,CHZ AMRITBHARAT,SHALIMAR,CHARLAPALLI,10000
17322,JSME VSG EXP,JASIDIH JN,VASCO DA GAMA,1000000
17664,NED RC EXPRESS,H SAHIB NANDED,RAICHUR,1111111
18044,BAGHA JATIN EXP,BHADRAKH,HOWRAH JN,1111111
19022,AMRIT BHARAT EXP,BRAHMAPUR,UDHNA JN,1111111
17663,RC PBN EXPRESS,RAICHUR,PARBHANI JN,1111111
19021,BAM AMRIT BHARAT,UDHNA JN,BRAHMAPUR,1111111
19435,ADI ASN EXP,AHMEDABAD JN,ASANSOL JN,1000
19624,AMRIT BHARAT EXP,DARBHANGA JN,MADAR JN,1
19623,AMRIT BHARAT EXP,MADAR JN,DARBHANGA JN,100
19436,ASN ADI EXP,ASANSOL JN,AHMEDABAD JN,10
20502,TEJAS EXP,ANAND VIHAR TRM,AGARTALA,10000
20501,TEJAS EXPRESS,AGARTALA,ANAND VIHAR TRM,1000000
20604,NJP AMRIT BHARAT,NAGERCOIL JN,NEW JALPAIGURI,1
20603,AMRIT BHARAT EXP,NEW JALPAIGURI,NAGERCOIL JN,10000
20610,NJP AMRIT BHARAT,TIRUCHCHIRAPALI,NEW JALPAIGURI,10000
20609,AMRIT BHARAT EXP,NEW JALPAIGURI,TIRUCHCHIRAPALI,100
20669,UBL PUNE VB EXP,HUBBALLI JN,PUNE JN,10101
20673,PUNE VANDEBHARAT,C SHAHUMHARAJ T,PUNE JN,1001010
20674,KOP VANDEBHARAT,PUNE JN,C SHAHUMHARAJ T,10101
20670,UBL VANDEBHARAT,PUNE JN,HUBBALLI JN,1001010
20894,VANDE BHARAT EXP,PATNA JN,TATANAGAR JN,11110
20893,VANDE BHARAT EXP,TATANAGAR JN,PATNA JN,11110
20926,AMI SURAT SF EXP,AMRAVATI,SURAT,1000110
20993,JP UDZ SF EXP,JAIPUR,UDAIPUR CITY,1111111
20994,UDZ JP SF EXP,UDAIPUR CITY,JAIPUR,1111111
21893,VANDE BHARAT EXP,TATANAGAR JN,PATNA JN,1
21894,VANDE BHARAT EXP,PATNA JN,TATANAGAR JN,1000000
22112,AMRIT BHARAT EXP,AYODHYA CANT,LOKMANYATILAK T,10000
22111,AYC AMRIT BHARAT,LOKMANYATILAK T,AYODHYA CANT,100000
21895,VANDE BHARAT EXP,TATANAGAR JN,PATNA JN,1000000
21896,VANDE BHARAT EXP,PATNA JN,TATANAGAR JN,1
22119,TEJAS EXPRESS,C SHIVAJI TERM MUMBAI,MADGAON,101010
22120,TEJAS EXPRESS,MADGAON,DADAR,10101
22229,MAO VANDE BHARAT,C SHIVAJI TERM MUMBAI,MADGAON,1010100
22230,CSMT VANDEBHARAT,MADGAON,C SHIVAJI TERM MUMBAI,101010
22537,KUSHINAGAR SF EXP,GORAKHPUR JN,LOKMANYATILAK T,1111111
22588,AMRIT BHARAT EXP,BANARAS,SEALDAH,100101
22587,AMRIT BHARAT EXP,SEALDAH,BANARAS,1010010
22919,MAS ADI HUMSAFAR,CHENNAI CENTRAL,AHMEDABAD JN,10000
52451,SHIVALK DLX EXP,KALKA,SHIMLA,1111111
52556,STEAM JUNGLE TEA,SILIGURI JN,SILIGURI,1111111
56136,MTP UAM PASS,METUPALAIYAM,UDAGAMANDALAM,1111111
56138,ONR UAM PASS,COONOOR,UDAGAMANDALAM,1111111
14663,AMRIT BHARAT EXP,NEW JALPAIGURI,AMRITSAR JN,10
22590,BNRS AMRITBHARAT,HADAPSAR,BANARAS,1111111
14664,AMRIT BHARAT EXP,AMRITSAR JN,NEW JALPAIGURI,1000
22589,AMRIT BHARAT EXP,BANARAS,HADAPSAR,1111111
12239,HISAR DURONTO,MUMBAI CENTRAL,HISAR,100001
12281,BBS DURONTO EXP,BHUBANESWAR,NEW DELHI,10000
12293,ALD DURONTO EXP,LOKMANYATILAK T,PRAYAGRAJ JN,1000100
22203,SC DURONTO EXP,VISAKHAPATNAM,SECUNDERABAD JN,101001
12209,KGM GARIB RATH,KANPUR CENTRAL,KATHGODAM,100000
12210,CNB GARIB RATH,KATHGODAM,KANPUR CENTRAL,1000000
12736,SC GARIB RATH,YESVANTPUR JN,CHARLAPALLI,1001010
12735,YPR GARIB RATH,CHARLAPALLI,YESVANTPUR JN,10101
12877,RNC GARIB RATH,RANCHI,NEW DELHI,1100100
22405,BGP GARIB RATH,BHAGALPUR,ANAND VIHAR TRM,101010
12023,JANSHATABDI EXP,HOWRAH JN,PATNA JN,1111110
12024,JANSHATABDI EXP,PATNA JN,HOWRAH JN,1111110
12053,HW ASR JNSHTBDI,HARIDWAR JN,AMRITSAR JN,1110111
12054,ASR HW JNSHTBDI,AMRITSAR JN,HARIDWAR JN,1110111
12068,JAN SHATABDI EX,JORHAT TOWN,GUWAHATI,1111110
12067,JAN SHATABDI EX,GUWAHATI,JORHAT TOWN,1111110
12069,JANSHATABDI EXP,RAIGARH,GONDIA JN,1111110
12070,JANSHATABDI EXP,GONDIA JN,RAIGARH,1111101
12078,JAN SHATABDI,VIJAYAWADA JN,CHENNAI CENTRAL,1011111
12077,JAN SHATABDI,CHENNAI CENTRAL,VIJAYAWADA JN,1011111
12083,JAN SHATABDI EX,MAYILADUTURAI J,COIMBATORE JN,1011111
12084,JAN SHATABDI EXP,COIMBATORE JN,MAYILADUTURAI J,1011111
12302,KOLKATA RJDHNI,NEW DELHI,HOWRAH JN,1111011
12106,VIDARBHA EXPRES,GONDIA JN,C SHIVAJI TERM MUMBAI,1111111
12145,LTT PURI EXPRESS,LOKMANYATILAK T,PURI,1
12180,LJN  INTERCITY,AGRA FORT,LUCKNOW NE,1111111
12231,LKO CDG EXPRESS,LUCKNOW NR,CHANDIGARH,1111111
12251,WAINGANGA EXP,YESVANTPUR JN,KORBA,100100
12253,ANGA EXPRESS,SMVT BENGALURU,BHAGALPUR,10
12252,WAINGANGA EXP,KORBA,YESVANTPUR JN,1001
12351,HWH-RJPB EXPRES,HOWRAH JN,RJNDR NGR BIHAR,1111111
12383,INTERCITY  EXP,SEALDAH,ASANSOL JN,1111110
12384,INTERCITY  EXP,ASANSOL JN,SEALDAH,1111110
12419,GOMTI EXP,LUCKNOW NR,NEW DELHI,1111111
12422,ASR NED SF EXP,AMRITSAR JN,H SAHIB NANDED,1000000
12421,NED ASR SUP EXP,H SAHIB NANDED,AMRITSAR JN,10000
12448,U P SMPRK KRNTI,H NIZAMUDDIN,MANIKPUR JN,1111111
12449,GOA SMPRK K EXP,MADGAON,CHANDIGARH,110000
12481,INTERCITY EXP,DELHI,SHRI GANGANAGAR,1111111
12489,SGNR DDR SF EXP,SHRI GANGANAGAR,DADAR,100010
12490,DDR SGNR SF EXP,DADAR,SHRI GANGANAGAR,10001
12512,RAPTISAGAR EXP,TRIVANDRUM NORTH,GORAKHPUR JN,110001
12510,GHY SMVB EXPRESS,GUWAHATI,SMVT BENGALURU,1100001
12522,RAPTISAGAR EXP,ERNAKULAM JN,BARAUNI JN,100
12539,YPR LUCKNOW EXP,YESVANTPUR JN,LUCKNOW NR,10000
12549,DURG UHP SF EXP,DURG,MTYR C TUSHAR MAHAJAN,100000
12587,AMAR NATH EXP,GORAKHPUR JN,JAMMU TAWI,1000000
12660,GURUDEV EXPRESS,SHALIMAR,NAGERCOIL JN,10000
12661,POTHIGAI  EXP,CHENNAI EGMORE,SENGOTTAI,1111111
12662,POTHIGAI EXP,SENGOTTAI,CHENNAI EGMORE,1111111
12669,GANGAKAVERI EXP,CHENNAI CENTRAL,CHHAPRA,1000010
12679,COIMBATORE EXP,CHENNAI CENTRAL,COIMBATORE JN,1111111
12695,TRIVANDRUM EXP,CHENNAI CENTRAL,TRIVANDRUM CNTL,1111111
12703,FALAKNUMA EXP,HOWRAH JN,SECUNDERABAD JN,1111111
12720,HYB JP SUP EXP,HYDERABAD DECAN,JAIPUR,1010000
12732,SC TPTY SF EXP,SECUNDERABAD JN,TIRUPATI,10010
12765,TPTY AMI SUP EXP,TIRUPATI,AMRAVATI,100010
12766,AMI TPTY SUP EXP,AMRAVATI,TIRUPATI,1001000
12774,SC SHM AC EXP,SECUNDERABAD JN,SHALIMAR,100000
12810,HWH MUMBAI MAIL,HOWRAH JN,C SHIVAJI TERM MUMBAI,1111111
12817,JHARKHAND SJ EXP,HATIA,ANAND VIHAR TRM,10101
12819,ORISSA S KRANTI,BHUBANESWAR,ANAND VIHAR TRM,10001
12825,JHRKHND S KRANTI,RANCHI,ANAND VIHAR TRM,1001000
12834,HWH ADI SUF EXP,HOWRAH JN,AHMEDABAD JN,1111111
12836,SMVB HATIA EXP,SMVT BENGALURU,HATIA,101000
12835,HTE SMVB SUF EXP,HATIA,SMVT BENGALURU,100001
12839,HWH MAS EXP,HOWRAH JN,CHENNAI CENTRAL,1111111
12846,BHUBANESHWAR EXP,SMVT BENGALURU,BHUBANESWAR,1000000
12861,VSKP MBNR SF,VISAKHAPATNAM,MAHBUBNAGAR,1111111
12863,HWH SMVB EXPRESS,HOWRAH JN,SMVT BENGALURU,1111111
12886,ARANYAK EXPRESS,BHOJUDIH JN,SHALIMAR,1111110
12885,ARANYAK EXPRESS,SHALIMAR,BHOJUDIH JN,1111110
12887,SHM PURI EXPRESS,SHALIMAR,PURI,1000000
12895,HWH PURI EXPRES,SHALIMAR,PURI,100
12931,ADI DOUBLE DECKER,MUMBAI CENTRAL,AHMEDABAD JN,1111110
12932,MMCT DOUBLE DECKER,AHMEDABAD JN,MUMBAI CENTRAL,1111110
12940,JP PUNE SF EXP,JAIPUR,PUNE JN,100010
12950,PBR KAVIGURU EXP,SANTRAGACHI JN,PORBANDAR,1
12967,JAIPUR EXP,CHENNAI CENTRAL,JAIPUR,100001
12968,JP CHENNAI EXP,JAIPUR,CHENNAI CENTRAL,101
12970,JP CBE SUP EXP,JAIPUR,COIMBATORE JN,100000
12973,INDB JP EXPRESS,INDORE JN BG,JAIPUR,1000010
12974,JP INDB EXPRESS,JAIPUR,INDORE JN BG,101
12978,MARU SAGAR EXP,AJMER JN,ERNAKULAM JN,100
12993,GIMB PURI EXP,GANDHIDHAM BG,PURI,100
12992,JP UDZ EXP,JAIPUR,UDAIPUR CITY,1111111
12994,PURI GIMB  EXP,PURI,GANDHIDHAM BG,1000000
15645,CHZ  SCL  EXP,CHARLAPALLI,SILCHAR,10
20601,MAS BDNK SF EXP,CHENNAI CENTRAL,BODINAYAKKANUR,1111101
20602,BDNK MAS SF EXP,BODINAYAKKANUR,CHENNAI CENTRAL,1111101
20803,VSKP GIMB EXP,VISAKHAPATNAM,GANDHIDHAM BG,1000
20934,DNR UDHNA EXP,DANAPUR,UDHNA JN,10001
22207,TVC AC SF EXP,CHENNAI CENTRAL,TRIVANDRUM CNTL,100100
22208,MAS SF AC EXP,TRIVANDRUM CNTL,CHENNAI CENTRAL,10001
22329,HLZ ASN EXP,HALDIA,ASANSOL JN,1111110
22330,ASN HLZ EXP,ASANSOL JN,HALDIA,1111110
22429,DLI PTK SF EXP,DELHI,PATHANKOT,1110111
22430,PTK DLI SF EXP,PATHANKOT,DELHI,1111011
22475,HSR CBE AC EXP,HISAR,COIMBATORE JN,10000
22603,KGP VM SF EXP,KHARAGPUR JN,VILLUPURAM JN,1000
22605,PRR TEN EXPRESS,PURULIA JN,TIRUNELVELI JN,1000100
22611,MAS NJP EXPRESS,CHENNAI CENTRAL,NEW JALPAIGURI,10000
22615,TPTY CBE EXP,TIRUPATI,COIMBATORE JN,1011010
22621,RMM CAPE SF EXP,RAMESWARAM,KANYAKUMARI,1010010
22642,SHM TVC  EXPRESS,SHALIMAR,TRIVANDRUM CNTL,100001
22803,SHM SBP SUP EXP,SHALIMAR,SAMBALPUR,10
22817,HWH MYS EXPRESS,HOWRAH JN,MYSORE JN,100
22818,MYS HOWRAH EXP,MYSORE JN,HOWRAH JN,1
22826,MAS SHM EXPRESS,CHENNAI CENTRAL,SHALIMAR,10000
22830,SHM BHUJ SF EXP,SHALIMAR,BHUJ,10
22827,PURI SURAT EXP,PURI,SURAT,1
22835,SHM PURI SF EXP,SHALIMAR,PURI,10000
22847,VSKP LTT EXPRESS,VISAKHAPATNAM,LOKMANYATILAK T,1
22850,SC SHM WKLY EXP,SECUNDERABAD JN,SHALIMAR,100
22849,SHM SC WKLY EXP,SHALIMAR,SECUNDERABAD JN,10000
22851,MAQ VIVEK SF EXP,SANTRAGACHI JN,MANGALORE CNTL,1000
22853,SHM VSKP SF EXP,SHALIMAR,VISAKHAPATNAM,100000
22865,LTT PURI EXPRESS,LOKMANYATILAK T,PURI,1000
22869,VSKP MAS SF EXP,VISAKHAPATNAM,CHENNAI CENTRAL,1000000
22871,BBS TPTY EXPRESS,BHUBANESWAR,TIRUPATI,1
22873,DGHA VSKP EXP,DIGHA FLAG STN,VISAKHAPATNAM,100
22908,HAPA MADGAON EXP,HAPA,MADGAON,10000
22909,BL PURI SF EXP,VALSAD,PURI,1000
12008,SHATABDI EXP,MYSORE JN,CHENNAI CENTRAL,1110111
12007,SHATABDI EXP,CHENNAI CENTRAL,MYSORE JN,1110111
12009,SHATABDI EXP,MUMBAI CENTRAL,AHMEDABAD JN,1111110
12010,SHATABDI EXP,AHMEDABAD JN,MUMBAI CENTRAL,1111110
12019,SHATABDI EXPRESS,HOWRAH JN,RANCHI,1111110
12025,SHATABDI EXP,PUNE JN,HYDERABAD DECAN,1011111
12020,SHATABDI EXPRES,RANCHI,HOWRAH JN,1111110
12026,PUNE SHATABDI,HYDERABAD DECAN,PUNE JN,1011111
12027,SHATABDI EXP,CHENNAI CENTRAL,KSR BANGALORE CY JN,1011111
12028,SHATABDI EXP,KSR BANGALORE CY JN,CHENNAI CENTRAL,1011111
12030,SWARNA SHTBDI,AMRITSAR JN,NEW DELHI,1110111
12029,SWARNA SHTBDI,NEW DELHI,AMRITSAR JN,1110111
12034,NDLS CNB SHT,NEW DELHI,KANPUR CENTRAL,1111110
12033,CNB NDLS SHT,KANPUR CENTRAL,NEW DELHI,1111110
12042,NJP HWH SHATABDI,NEW JALPAIGURI,HOWRAH JN,1111110
12041,SHATABDI EXPRES,HOWRAH JN,NEW JALPAIGURI,1111110
12046,CDG NDLS SHTBDI,CHANDIGARH,NEW DELHI,1101111
12045,NDLS CDG SHTBDI,NEW DELHI,CHANDIGARH,1101111
12050,GATIMAAN EXP,H NIZAMUDDIN,V LAKSHMIBAI JHANSI,1111011
12049,GATIMAAN EXP,V LAKSHMIBAI JHANSI,H NIZAMUDDIN,1111011
12243,SHATABDI EXP,CHENNAI CENTRAL,COIMBATORE JN,1011111
12244,SHATABDI EXP,COIMBATORE JN,CHENNAI CENTRAL,1011111
20829,VANDE BHARAT EXP,DURG,VISAKHAPATNAM,1110111
20176,VANDE BHARAT EXP,AGRA CANTT,BANARAS,1101111
12461,VANDE BHARAT EXP,JODHPUR JN,SABARMATI BG,1011111
12462,JU VANDE BHARAT,SABARMATI BG,JODHPUR JN,1011111
20101,SC VANDE BHARAT,NAGPUR,SECUNDERABAD JN,1011111
20172,VANDE BHARAT EXP,H NIZAMUDDIN,RANI KAMLAPATI,1111101
20171,VANDE BHARAT EXP,RANI KAMLAPATI,H NIZAMUDDIN,1111101
20102,NGP VANDE BHARAT,SECUNDERABAD JN,NAGPUR,1011111
20175,VANDE BHARAT EXP,BANARAS,AGRA CANTT,1101111
20173,VANDE BHARAT EXP,RANI KAMLAPATI,REWA,1011111
20174,VANDE BHARAT EXP,REWA,RANI KAMLAPATI,1011111
20607,MYS VANDEBHARAT,CHENNAI CENTRAL,MYSORE JN,1101111
20608,MAS VANDEBHARAT,MYSORE JN,CHENNAI CENTRAL,1101111
20627,MS NCJ VB EXP,CHENNAI EGMORE,NAGERCOIL JN,1101111
20628,NCJ MS VB EXP,NAGERCOIL JN,CHENNAI EGMORE,1101111
20632,TVC MAQ VB EXP,TRIVANDRUM CNTL,MANGALORE CNTL,1101111
20634,KGQ VANDEBHARAT,TRIVANDRUM CNTL,KASARAGOD,1110111
20631,MAQ TVC VB EXP,MANGALORE CNTL,TRIVANDRUM CNTL,1101111
20633,TVC VANDEBHARAT,KASARAGOD,TRIVANDRUM CNTL,1110111
20642,BNC VANDEBHARAT,COIMBATORE JN,BANGALORE CANT,1110111
20641,CBE VANDE BHARAT,BANGALORE CANT,COIMBATORE JN,1110111
20644,MAS VANDEBHARAT,COIMBATORE JN,CHENNAI CENTRAL,1101111
20643,CBE VANDEBHARAT,CHENNAI CENTRAL,COIMBATORE JN,1101111
20646,MAO VANDEBHARAT,MANGALORE CNTL,MADGAON,1110111
20662,SBC VANDE BHARAT,DHARWAR,KSR BANGALORE CY JN,1011111
20645,MAQ VANDEBHARAT,MADGAON,MANGALORE CNTL,1110111
20661,DWR VANDE BHARAT,KSR BANGALORE CY JN,DHARWAR,1011111
20663,MAS VANDE BHARAT,MYSORE JN,CHENNAI CENTRAL,1110111
20665,TEN VANDEBHARAT,CHENNAI EGMORE,TIRUNELVELI JN,1011111
20664,MYS VANDEBHARAT,CHENNAI CENTRAL,MYSORE JN,1110111
20671,MDU BNC VB EXP,MADURAI JN,BANGALORE CANT,1011111
20666,MS VANDE BHARAT,TIRUNELVELI JN,CHENNAI EGMORE,1011111
20672,MDU VANDE BHARAT,BANGALORE CANT,MADURAI JN,1011111
20677,NS VANDEBHARAT,CHENNAI CENTRAL,NARASAPUR,1011111
20678,MAS VANDEBHARAT,NARASAPUR,CHENNAI CENTRAL,1011111
20702,SC VANDE BHARAT,TIRUPATI,SECUNDERABAD JN,1011111
20703,YPR VANDEBHARAT,KACHEGUDA,YESVANTPUR JN,1101111
20704,KCG VANDE BHARAT,YESVANTPUR JN,KACHEGUDA,1101111
20701,TPTY VANDEBHARAT,SECUNDERABAD JN,TIRUPATI,1011111
20707,VSKP VANDEBHARAT,SECUNDERABAD JN,VISAKHAPATNAM,111111
20706,NED VANDEBHARAT,C SHIVAJI TERM MUMBAI,H SAHIB NANDED,1110111
20705,CSMT VANDEBHARAT,H SAHIB NANDED,C SHIVAJI TERM MUMBAI,1101111
20708,VANDE BHARAT EXP,VISAKHAPATNAM,SECUNDERABAD JN,111111
20833,VANDE BHARAT EXP,VISAKHAPATNAM,SECUNDERABAD JN,1011111
20825,VANDE BHARAT EXP,BILASPUR JN,NAGPUR,1111101
20830,VANDE BHARAT EXP,VISAKHAPATNAM,DURG,1110111
20834,VANDE BHARAT EX,SECUNDERABAD JN,VISAKHAPATNAM,1011111
20835,VANDE BHARAT EXP,ROURKELA,PURI,1011111
20836,VANDE BHARAT EXP,PURI,ROURKELA,1011111
20887,VANDE BHARAT EXP,RANCHI,VARANASI JN,1011111
20871,VANDE BHARAT EXP,HOWRAH JN,ROURKELA,1011111
20872,VANDE BHARAT EXP,ROURKELA,HOWRAH JN,1011111
20841,VANDE BHARAT EXP,BHUBANESWAR,VISAKHAPATNAM,111111
20842,VANDE BHARAT EXP,VISAKHAPATNAM,BHUBANESWAR,111111
20892,VANDE BHARAT EXP,BRAHMAPUR,TATANAGAR JN,1011111
20888,VANDE BHARAT EXP,VARANASI JN,RANCHI,1011111
20891,VANDE BHARAT EXP,TATANAGAR JN,BRAHMAPUR,1011111
20898,VANDE BHARAT EXP,RANCHI,HOWRAH JN,1011111
20897,VANDE BHARAT EXP,HOWRAH JN,RANCHI,1011111
20901,VANDE BHARAT EXP,MUMBAI CENTRAL,GANDHINAGAR CAP,1101111
20911,NGP VANDEBHARAT,INDORE JN BG,NAGPUR,1111110
20912,VANDE BHARAT EXP,NAGPUR,INDORE JN BG,1111110
20902,VANDE BHARAT EXP,GANDHINAGAR CAP,MUMBAI CENTRAL,1101111
20977,CDG VANDEBHARAT,AJMER JN,CHANDIGARH,1101111
20978,AII VANDEBHARAT,CHANDIGARH,AJMER JN,1101111
22223,SNSI VANDEBHARAT,C SHIVAJI TERM MUMBAI,SAINAGAR SHIRDI,1011111
22224,CSMT VANDEBHARAT,SAINAGAR SHIRDI,C SHIVAJI TERM MUMBAI,1011111
22225,SUR VANDE BHARAT,C SHIVAJI TERM MUMBAI,SOLAPUR JN,1101111
22227,VANDE BHARAT EXP,NEW JALPAIGURI,GUWAHATI,1011111
22228,VANDE BHARAT EXP,GUWAHATI,NEW JALPAIGURI,1011111
22226,CSMT VANDEBHARAT,SOLAPUR JN,C SHIVAJI TERM MUMBAI,1110111
22231,SMVB VANDEBHARAT,KALABURAGI JN,SMVT BENGALURU,1111011
22234,VANDE BHARAT EXP,PATNA JN,NEW JALPAIGURI,1011111
22232,KLBG VANDEBHARAT,SMVT BENGALURU,KALABURAGI JN,1110111
22233,VANDE BHARAT EXP,NEW JALPAIGURI,PATNA JN,1011111
22304,VANDE BHARAT EXP,GAYA JN,HOWRAH JN,1110111
22301,VANDE BHARAT EXP,HOWRAH JN,NEW JALPAIGURI,1101111
22302,VANDE BHARAT EXP,NEW JALPAIGURI,HOWRAH JN,1101111
22303,VANDE BHARAT EXP,HOWRAH JN,GAYA JN,1110111
22309,VANDE BHARAT EXP,HOWRAH JN,JAMALPUR JN,1111011
22345,VANDE BHARAT EXP,PATNA JN,GOMATI NAGAR,1111011
22310,VANDE BHARAT EXP,JAMALPUR JN,HOWRAH JN,1111011
22346,VANDE BHARAT EXP,GOMATI NAGAR,PATNA JN,1111011
22348,VANDE BHARAT EXP,PATNA JN,HOWRAH JN,1101111
22349,VANDE BHARAT EXP,PATNA JN,RANCHI,1011111
22350,VANDE BHARAT EXP,RANCHI,PATNA JN,1011111
22347,VANDE BHARAT EXP,HOWRAH JN,PATNA JN,1101111
22415,VANDE BHARAT EXP,VARANASI JN,NEW DELHI,1011111
22426,VANDE BHARAT EXP,ANAND VIHAR TRM,AYODHYA CANT,1101111
22416,VANDE BHARAT EX,NEW DELHI,VARANASI JN,1011111
22436,VANDE BHARAT EXP,NEW DELHI,VARANASI JN,1110111
22447,AADR VANDEBHARAT,NEW DELHI,AMBANDAURA,1011111
22425,VANDE BHARAT EXP,AYODHYA CANT,ANAND VIHAR TRM,1101111
22439,SVDK VANDE BHARAT,NEW DELHI,MATA VAISHNO DEVI KATRA,1101111
22440,SVDK VANDE BHARAT,MATA VAISHNO DEVI KATRA,NEW DELHI,1101111
22435,VANDE BHARAT EXP,VARANASI JN,NEW DELHI,1110111
22448,AADR VANDEBHARAT,AMBANDAURA,NEW DELHI,1011111
22457,VANDE BHARAT EXP,ANAND VIHAR TRM,DEHRADUN,1110111
22469,VANDE BHARAT EXP,KHAJURAHO,H NIZAMUDDIN,111111
22478,VANDE BHARAT EXP,MATA VAISHNO DEVI KATRA,NEW DELHI,1101111
22458,VANDE BHARAT EXP,DEHRADUN,ANAND VIHAR TRM,1110111
22470,VANDE BHARAT EX,H NIZAMUDDIN,KHAJURAHO,111111
22477,VANDE BHARAT EXP,NEW DELHI,MATA VAISHNO DEVI KATRA,1101111
22487,VANDE BHARAT EXP,DELHI,AMRITSAR JN,1111011
22488,VANDE BHARAT EXP,AMRITSAR JN,DELHI,1111011
22489,VANDE BHARAT EXP,VARANASI JN,MEERUT CITY,1011111
22499,VANDE BHARAT EXP,DEOGHAR,VARANASI JN,1011111
22500,VANDE BHARAT EX,VARANASI JN,DEOGHAR,1011111
22490,VANDE BHARAT EXP,MEERUT CITY,VARANASI JN,1011111
22546,VANDE BHARAT EXP,DEHRADUN,LUCKNOW NE,111111
22545,VANDE BHARAT EXP,LUCKNOW NE,DEHRADUN,111111
22549,VANDE BHARAT EXP,GORAKHPUR JN,PRAYAGRAJ JN,1111101
22550,VANDE BHARAT EXP,PRAYAGRAJ JN,GORAKHPUR JN,1111101
22671,TEJAS EXPRESS,CHENNAI EGMORE,MADURAI JN,1110111
22672,TEJAS EXPRESS,MADURAI JN,CHENNAI EGMORE,1110111
22896,VANDE BHARAT EXP,PURI,HOWRAH JN,1110111
22895,VANDE BHARAT EXP,HOWRAH JN,PURI,1110111
22961,VANDE BHARAT EXP,MUMBAI CENTRAL,AHMEDABAD JN,1111110
22926,ADI VANDE BHARAT,OKHA,AHMEDABAD JN,1101111
22962,VANDE BHARAT EXP,AHMEDABAD JN,MUMBAI CENTRAL,1111110
22925,OKHA VANDE BHARAT,AHMEDABAD JN,OKHA,1011111
26101,AJNI VANDEBHARAT,PUNE JN,AJNI,1011111
26102,PUNE VANDEBHARAT,AJNI,PUNE JN,111111
26301,VANDE BHARAT EXP,JOGBANI,DANAPUR,1101111
26401,VANDE BHARAT EXP,JAMMU TAWI,SRINAGAR (JK),1011111
26403,VANDE BHARAT EXP,JAMMU TAWI,SRINAGAR (JK),1101111
26302,VANDE BHARAT EXP,DANAPUR,JOGBANI,1011111
26402,VANDE BHARAT EXP,SRINAGAR (JK),JAMMU TAWI,1011111
26404,VANDE BHARAT EXP,SRINAGAR (JK),JAMMU TAWI,1101111
26405,VANDE BHARAT EXP,AMRITSAR JN,MATA VAISHNO DEVI KATRA,1011111
26406,VANDE BHARAT EXP,MATA VAISHNO DEVI KATRA,AMRITSAR JN,1011111
26462,VANDE BHARAT EX,FIROZPUR CANT,DELHI,1101111
26461,VANDE BHARAT EXP,DELHI,FIROZPUR CANT,1101111
26472,VANDE BHARAT EXP,DELHI CANTT,BIKANER JN,1101111
26471,DEC VANDE BHARAT,BIKANER JN,DELHI CANTT,1101111
26481,DEC VANDEBHARAT,JODHPUR JN,DELHI CANTT,1011111
26482,VANDE BHARAT EXP,DELHI CANTT,JODHPUR JN,1011111
26505,VANDE BHARAT EXP,KHAJURAHO,BANARAS,1110111
26501,VANDE BHARAT EXP,PATLIPUTRA,GORAKHPUR JN,1111101
26652,SBC VANDE BHARAT,ERNAKULAM JN,KSR BANGALORE CY JN,1101111
26651,ERS VANDEBHARAT,KSR BANGALORE CY JN,ERNAKULAM JN,1101111
26502,VANDE BHARAT EXP,GORAKHPUR JN,PATLIPUTRA,1111101
26751,SBC VANDE BHARAT,BELAGAVI,KSR BANGALORE CY JN,1101111
26506,VANDE BHARAT EXP,BANARAS,KHAJURAHO,1110111
26752,BGM VANDE BHARAT,KSR BANGALORE CY JN,BELAGAVI,1101111
26902,SBIB VANDEBHARAT,VERAVAL,SABARMATI BG,1110111
26963,UDZ ASV VB EXP,UDAIPUR CITY,ASARVA JN,1011111
26901,VRL VANDEBHARAT,SABARMATI BG,VERAVAL,1110111
26964,ASV UDZ VB EXP,ASARVA JN,UDAIPUR CITY,1011111
27575,VANDE BHARAT SL,HOWRAH JN,KAMAKHYA,1110111
27576,VANDE BHARAT SL,KAMAKHYA,HOWRAH JN,1101111
69207,GNC VTDI MEMU,GANDHINAGAR CAP,VARETHA,1111101
82501,IRCTC TEJAS EXP,LUCKNOW NE,NEW DELHI,1011111
82502,IRCTC TEJAS EXP,NEW DELHI,LUCKNOW NE,1011111
82901,MMCT ADI TEJAS,MUMBAI CENTRAL,AHMEDABAD JN,1110111
69208,VTDI GNC MEMU,VARETHA,GANDHINAGAR CAP,1111110
19725,DBG AMRIT BHARAT,KHATIPURA,DARBHANGA JN,1111011
82902,IRCTC TEJAS EXP,AHMEDABAD JN,MUMBAI CENTRAL,1110111
26503,VANDE BHARAT EXP,SAHARANPUR,GOMATI NAGAR,1011111
19726,AMRIT BHARAT EXP,DARBHANGA JN,KHATIPURA,1111110
26504,VANDE BHARAT EXP,GOMATI NAGAR,SAHARANPUR,111111
94803,NAMO BHARAT RAPID RAIL,JAYNAGAR,PATNA JN,1111110
94801,NAMO BHARAT RAPID RAIL,AHMEDABAD JN,BHUJ,1111101
94804,NAMO BHARAT RAPID RAIL,PATNA JN,JAYNAGAR,1111101
94802,NAMO BHARAT RAPID RAIL,BHUJ,AHMEDABAD JN,1111110
12301,RAJDHANI EXPRES,HOWRAH JN,NEW DELHI,1111110
12213,YPR DEE DURONTO,YESVANTPUR JN.,DELHI SARAI ROHILLA,0000010
