station_code,station_name,lat,lon,state,zone
AA,ATARIA,27.172457,80.861033,Uttar Pradesh,NER
AABH,AMBIKA BHAWANI HALT,25.751434,84.969003,,
AADR,Amb Andora,31.670727,76.110391,,
AAG,ANGAR,17.954256,75.599875,,
AAH,ITEHAR,26.562635,78.683783,Madhya Pradesh,NCR
AAK,ANKAI KILA,20.18318,74.436855,,
AAL,AMLAI,23.173469,81.593507,,
AAM,Angadippuram,10.979489,76.207343,Kerala,SR
AAP,AMBIAPUR,26.515364,79.826878,,
AAR,ADESAR,23.552978,70.972051,Gujarat,WR
AAS,ASRANADA,26.397374,73.305325,,
AAY,ARALVAYMOZHI,8.249451,77.529265,Tamil Nadu,SR
AB,AMBUR,12.782934,78.721266,,
ABB,ABADA,22.547877,88.199392,,
ABD,AMBLI ROAD,23.05437,72.494044,,
ABE,Ambikeshwar,26.368567,77.963828,Madhya Pradesh,NCR
ABEO,Pattaravakkam,13.1145,80.166181,,SR
ABFC,AMBARI FALAKATA,26.641553,88.510593,,
ABGT,ARBAGATTA HALT,13.907468,76.134971,Karnataka,SWR
ABH,AMBARNATH,19.210382,73.184756,,
ABI,AMBATURAI,10.272226,77.924468,,
ABKA,AMBIKA KALNA,23.211377,88.353984,West Bengal,ER
ABKP,AMBIKAPUR,23.137032,83.145109,Chhattisgarh,SECR
ABLE,AMBALE,18.398719,74.171511,Maharashtra,CR
ABO,ASTHAL BOHAR,28.857765,76.629155,Haryana,NR
ABP,AKBARPUR,26.429818,82.539073,,
ABR,ABU ROAD,24.470775,72.775695,Rajasthan,NWR
ABS,ABOHAR,30.139383,74.195686,Punjab,NR
ABSA,Ambassa,23.930507,91.860783,Tripura,NFR
ABU,AMBATTUR,13.114306,80.152525,,
ABW,Abutara Halt,26.070776,89.586875,West Bengal,NFR
ABX,AMBARI,19.689361,78.216685,Maharashtra,SCR
ABY,AMBIVLI,19.267587,73.17171,,
ABZ,Adgaon Buzurg,21.123876,76.955924,Maharashtra,SCR
ACAB,A-CABIN BONDAMUNDA,22.23969,84.945577,,
ACG,ACHEGAON,20.976217,75.934247,,
ACH,Achalganj,26.444642,80.545415,Uttar Pradesh,NR
ACK,ACHARAPAKKAM,12.406776,79.821722,,
ACL,ANCHELI,20.845167,72.944978,Gujarat,WR
ACLE,AZIMGANJ CITY,24.237941,88.258871,West Bengal,ER
ACN,ADHICHCHANUR,12.05415,79.182478,,
ACND,ACHARYA NARENDRA DEV NAGAR,26.774576,82.156997,,
ACU,ACHUARA HALT,25.45273,85.661087,,
AD,ADONI,15.617035,77.27485,,
ADB,ADILABAD,19.680104,78.535285,Andhra Pradesh,SCR
ADD,ADAS ROAD,22.486628,73.034694,,
ADE,ADARI ROAD,20.986795,70.330818,Gujarat,WR
ADF,ADINA,25.114397,88.12318,,
ADH,ANDHERI,19.117429,72.846853,Maharashtra,WR
ADHL,ADIHALLI,13.28342,76.347284,Karnataka,SWR
ADI,AHMEDABAD JN,23.025515,72.601516,,
ADIJ,AHMEDABAD JN,23.025715,72.601716,,
ADL,ANDUL,22.575169,88.239643,,
ADQ,Adhikari,26.576892,88.169882,,
ADR,Mandi Adampur,29.283136,75.468851,Haryana,NWR
ADRA,ADRA JN,23.495992,86.674665,West Bengal,SER
ADRE,ADRA EAST CABIN,23.492772,86.692871,,
ADSR,ADSR,24.909345,84.192214,,
ADST,ADI SAPTAGRAM,22.95447,88.378872,,
ADT,ADUTURAI,11.009165,79.478668,Tamil Nadu,SR
ADTL,ADHARTAL,23.227389,79.972274,Madhya Pradesh,WCR
ADTP,ADITYAPUR,22.782212,86.158954,,
ADVI,ADAVALI,16.921753,73.592514,Maharashtra,KR
ADX,ADAPUR,26.924721,84.941759,,
AE,Amreli,21.607831,71.228012,Gujarat,WR
AED,AULENDA,27.029152,77.612583,Uttar Pradesh,NCR
AEH,ANANT PAITH,25.95539,78.276132,,
AEJ,ARNEJ,22.582088,72.268322,Gujarat,WR
AEK,Anekal Road,12.723885,77.710727,Karnataka,SWR
AEL,Ateli,28.100118,76.253105,Haryana,NWR
AEP,Amreli Para,21.607981,71.228168,Gujarat,WR
AEX,Adderi,14.141045,75.157978,,
AF,AGRA FORT,27.183308,78.0191,,
AFK,ANGAMALI,10.183676,76.37786,,
AFR,ASAFPUR,28.405553,78.905957,Uttar Pradesh,NR
AG,Aranghata,23.242037,88.613551,West Bengal,ER
AGA,AGRA CITY,27.194573,78.015775,,
AGAE,AGRADWIP,23.58096,88.226117,West Bengal,ER
AGB,AMBAGAON,19.062527,82.239507,Chhattisgarh,ECoR
AGC,AGRA CANTT,27.157992,77.990153,,
AGCI,Angadi,22.806751,73.282558,Gujarat,WR
AGD,AGASOD,24.234023,78.216912,,
AGDL,AGRAN DHULGAON,16.966118,74.924993,Maharashtra,CR
AGE,Angai,26.606593,77.46692,Rajasthan,NCR
AGI,AMGURI,26.812601,94.524011,Assam,NFR
AGL,AMARGOL,15.411792,75.098208,Karnataka,SWR
AGM,AGARAM SIBBANDI,12.414388,79.113347,,
AGMN,Agomoni,26.225947,89.786242,,
AGN,AMGAON,21.361293,80.374649,,
AGP,AGARPARA,22.682505,88.384761,,
AGQ,ASIRGARH ROAD,21.378418,76.268065,Madhya Pradesh,CR
AGR,AMARGARH,23.080689,74.747038,,
AGT,AGTHORI,26.200893,91.686006,,
AGTL,Agartala,23.792417,91.278481,Tripura,NFR
AGTR,Agauthar Halt,26.008146,84.843757,,
AGV,ANGUA,21.892582,87.269923,,
AGY,AGORI KHAS,24.59896,83.056105,Uttar Pradesh,NCR
AGZ,AMAGURA,19.068103,82.147342,Chhattisgarh,ECoR
AH,ACHHNERA JN,27.18176,77.757839,,
AHA,ABHAIPUR,25.215986,86.323072,,
AHD,AHERWADI,17.504915,75.99559,Karnataka,SWR
AHH,AHMADGARH,30.683642,75.829518,Punjab,NR
AHI,ASHTI,17.844737,75.40307,Maharashtra,CR
AHJU,AHJU,32.02843,76.690156,Himachal Pradesh,NR
AHL,AJHARAIL,25.781638,87.848322,,
AHLR,AHALYAPUR,26.468381,83.824844,,
AHM,AHIMANPUR,25.252404,82.511544,Uttar Pradesh,NER
AHMP,ADARSH MANPUR,25.134476,85.911063,,
AHN,AHIRAN,24.517687,88.041125,West Bengal,ER
AHO,ADARSHNAGAR,26.41158,74.653432,Rajasthan,NWR
AHQ,AHERA HALT,28.926421,77.278624,Uttar Pradesh,NR
AHU,Ahirauli,27.30686,83.034225,Uttar Pradesh,NER
AHZ,ADHINPUR,26.418478,81.726848,,
AI,ADIPUR,23.077053,70.078659,Gujarat,WR
AIA,AJARAKA,27.959391,76.564209,Rajasthan,NWR
AIG,ALGAWAN,27.700598,79.963236,,
AIH,ALAWALPUR I PUR,29.047796,77.271639,Uttar Pradesh,NR
AII,AJMER JN,26.456612,74.637464,Rajasthan,NWR
AILM,AILAM,29.271995,77.291535,Uttar Pradesh,NR
AIP,ATTIPPATTU,13.261163,80.288946,,
AIPP,ATTIPPATTU PUDU NAGAR,13.249326,80.299606,,
AIR,ALINDRA ROAD,22.440575,73.239854,,
AIT,AIT,25.903719,79.230436,,
AJ,AJGAIN,26.61721,80.620988,,
AJE,ANJAR,23.119472,70.036611,Gujarat,WR
AJH,AJHAI,27.63615,77.558423,,
AJI,ANJHI SHAHABAD,27.643994,79.973314,,
AJIT,AJIT,25.860077,72.677955,Rajasthan,NWR
AJJ,ARAKKONAM,13.081512,79.667991,,
AJJN,ARAKKONAM JN NORTH,13.086445,79.648429,,
AJK,AJAKOLLU,16.346783,77.873636,,
AJKI,AJITKHERI,23.040004,76.045323,Madhya Pradesh,WR
AJL,Ajitwal,30.807611,75.339818,Punjab,NR
AJLE,AZIMGANJ JN CABIN,24.23827,88.257363,,
AJM,Adraj Moti,23.258801,72.565608,Gujarat,WR
AJN,Ajnod,22.931326,75.738947,Madhya Pradesh,WR
AJNI,AJNI,21.126859,79.08252,,
AJP,AJJAMPUR,13.728333,76.009742,Karnataka,SWR
AJR,AJAIBPUR,28.472835,77.593737,,
AJRE,AUJARI,26.144646,92.2668,Assam,NFR
AJTM,AJITGILL MATTA,30.483469,74.863795,Punjab,NR
AJU,Arjuni,20.816588,80.022582,Maharashtra,SECR
AJUG,ABJUGANJ,25.242369,86.775451,,
AK,AKOLA JN,20.723084,77.005497,,
AKAT,AKKAMPET,13.649106,80.018863,,
AKD,AKODIA,23.378255,76.599245,,
AKE,AKANAPET,18.110863,78.396309,Andhra Pradesh,SCR
AKI,ADARKI,17.918333,74.189651,Maharashtra,CR
AKJ,AKBARGANJ,26.531456,81.501628,,
AKK,Akkihebbalu,12.62489,76.377598,Karnataka,SWR
AKM,ARAMBAKKAM,13.532686,80.074371,,
AKN,AKBARNAGAR,25.234881,86.834533,,
AKNR,ADHYATMIK NAGAR,28.679874,77.499727,,
AKOR,AKALKOT ROAD,17.450243,76.137689,,
AKOT,Akot,21.095661,77.047217,Maharashtra,SCR
AKP,ANAKAPALLE,17.695503,83.008851,,
AKR,AKOLNER,18.985409,74.66907,,
AKRA,Akra,22.514668,88.249021,West Bengal,ER
AKRD,AKURDI,18.64812,73.764244,,
AKS,ANKUSPUR,25.571319,83.494012,Uttar Pradesh,NER
AKT,AKALTARA,22.029121,82.422049,,
AKU,ANGALAKUDURU,16.245325,80.609091,Andhra Pradesh,SCR
AKV,ANKLESHWAR JN,21.623889,73.000633,,
AKVD,AKIVIDU,16.582654,81.369055,Andhra Pradesh,SCR
AKW,Akora,25.613687,80.139995,Uttar Pradesh,NCR
AKY,AKKURTI,13.782896,79.668642,,
AKZ,Akashi,23.385124,84.887786,Jharkhand,SER
AL,ATTILI,16.68015,81.61636,Andhra Pradesh,SCR
ALAI,ALAI,27.337097,73.585768,,
ALAL,ALAL,30.378176,75.724207,,
ALB,ALIA BADA,22.44677,70.210367,Gujarat,WR
ALD,ALLAHABAD JN,25.446241,81.828816,,
ALER,ALER,17.645955,79.048341,,
ALGP,Algapur,24.754753,92.595918,Assam,?
ALJ,ALAI,29.143806,78.932709,Uttarakhand,NER
ALJN,ALIGARH JN,27.889584,78.074559,,
ALK,ALAKKUDI,10.777663,79.053709,Tamil Nadu,SR
ALL,ALAL,30.377725,75.72075,Punjab,NR
ALLP,ALLEPPEY,9.483759,76.322476,,
ALM,ALAMANDA,18.01251,83.271604,,
ALMR,ALAMPUR,21.944013,71.699156,Gujarat,WR
ALMW,ALMAW,25.259915,82.489941,Uttar Pradesh,NER
ALN,ALANDI,18.451229,74.093095,Maharashtra,CR
ALNI,ALNIYA,25.031676,75.908746,,
ALNP,Akelahanspur Halt,28.34054,80.315571,Uttar Pradesh,NER
ALP,ALAPAKAM,11.617803,79.727227,Tamil Nadu,SR
ALPR,ALAMPUR ROAD,15.895657,78.047012,,
ALS,Amlori Sarsar,26.294714,84.345578,Bihar,NER
ALU,ARIYALUR,11.150035,79.068318,,
ALUR,Alur Halt,12.982512,75.990493,Karnataka,SWR
ALV,Anklav,22.392856,72.999264,Gujarat,WR
ALW,ALWAL,17.505779,78.515006,Andhra Pradesh,SCR
ALY,ALLAHABAD CITY,25.44241,81.829736,Uttar Pradesh,NER
AMA,ATAMANDA,28.58606,79.468143,Uttar Pradesh,NER
AMB,AMBODALA,19.836323,83.456352,,
AMBR,Ambika Rohina,18.442254,76.943721,Maharashtra,SCR
AMC,Amritapura,14.139549,76.245563,Karnataka,SWR
AMDI,Amdi Halt,21.35241,79.318756,Maharashtra,SECR
AME,AMETHI,26.153024,81.806276,,
AMG,ALAMNAGAR,26.84708,80.860312,,
AMGA,AMJONGA,25.981621,90.852967,,
AMH,AZAMGARH,26.038607,83.160614,,
AMI,Amravati,20.930083,77.757786,Maharashtra,CR
AMIN,AMIN,29.904968,76.900028,,
AML,AMALSAD,20.811373,72.956092,Gujarat,WR
AMLA,AMLA JN,21.919717,78.123187,,
AMLI,AMLI,25.828156,76.286156,,
AMLO,AMLO,23.768893,85.980234,,ECR
AMLP,Amalpur,22.161144,73.508313,Gujarat,WR
AMLR,AMALA NAGAR,10.561834,76.171838,Kerala,SR
AMM,Atirampattinam,10.332285,79.385808,Tamil Nadu,SR
AMO,Amolwa,27.211161,84.478487,Bihar,ECR
AMOD,Amod,21.990791,72.865465,Gujarat,WR
AMP,AHMADPUR JN,23.832509,87.692841,,
AMPA,AMBALAPUZHA,9.386059,76.363817,Kerala,SR
AMPL,AMMAPALLI HALT,25.272441,87.458575,,
AMPR,AMARPURA RATHAN,29.483399,74.078953,Rajasthan,NWR
AMQ,AMMUGUDA,17.487039,78.527215,Andhra Pradesh,SCR
AMRI,ANAJ MANDI,28.187505,76.605319,,
AMRO,AMROHA,28.892688,78.474329,,
AMS,AMAUSI,26.77443,80.841544,,
AMSA,AMMASANDRA,13.264571,76.711486,Karnataka,SWR
AMT,AMMAPET,10.779506,79.315738,Tamil Nadu,SR
AMV,LUCKNOW ALAMBAGH,26.794514,80.87314,,
AMVA,AMARAVILA HALT,8.397109,77.100362,Kerala,SR
AMW,AMAN VADI,20.300507,77.065281,Maharashtra,SCR
AMX,Amlakhurd,21.510235,76.650685,Madhya Pradesh,SCR
AMY,AKATHUMURI,8.70031,76.758792,,
AN,AMALNER,21.049009,75.057314,,
ANA,ASLANA,23.860522,79.319493,,
ANAH,AUNTA HALT,25.380433,85.949364,,
ANAS,ANAS,22.866009,74.421513,,
ANB,AMMANABROLU,15.596402,80.148353,,
ANC,Annechakanahali,12.7379,76.282814,Karnataka,SWR
ANCR,ANCHURI,23.283904,86.993174,West Bengal,SER
AND,ANDAMPALIAM,12.088426,79.168985,Tamil Nadu,SR
ANDI,ADARSH NAGAR DELHI,28.714205,77.166707,,
ANDN,Anand Nagar,27.103714,83.270698,Uttar Pradesh,NER
ANE,ANANTARAJUPET,13.999592,79.302468,,
ANF,Anandapuram,14.073324,75.209164,Karnataka,SWR
ANG,AHMADNAGAR,19.075519,74.721882,,
ANGL,ANGUL,20.859445,85.099994,,
ANGM,Aungari Dham,25.191332,85.226157,,
ANGR,ANGADGERI HALT,16.451874,75.845891,Karnataka,SWR
ANH,ANKORAH AKORHA,24.761167,84.169539,,
ANI,Ajanti,21.893954,76.285956,Madhya Pradesh,WR
ANJ,Anjangaon,21.1632,77.318965,Maharashtra,CR
ANJE,ANGARPATHRA HALT,23.793062,86.319368,,
ANK,ANKAI,20.151028,74.469756,,
ANKL,ANKOLA,14.645347,74.332936,Karnataka,KR
ANM,ANAIMALAI ROAD,10.624894,76.935071,,
ANMD,ARANG MAHANADI,21.189614,81.955513,,
ANND,ANAND JN,22.561307,72.965733,,
ANNR,ANNANUR,13.116018,80.126743,,
ANO,ANJANI,17.620605,73.399308,Maharashtra,KR
ANP,ANANDTANDAVPUR,11.143966,79.657675,Tamil Nadu,SR
ANPM,ANUPALEM,16.469897,79.962595,,
ANPR,Anpara,24.217386,82.766166,Uttar Pradesh,ECR
ANQ,AMNAPUR,17.049465,74.459554,,
ANR,ANARA,23.481082,86.559763,West Bengal,SER
ANSB,ANANDPUR SAHIB,31.230514,76.500604,,
ANT,Anantnag,33.738534,75.107131,Jammu and Kashmir,NR
ANTU,ANTU,26.055162,81.897788,,
ANU,ANANGUR,11.39694,77.820053,,
ANV,ANNAVARAM,17.269633,82.419677,,
ANVR,ANAND VIHAR,28.648614,77.314024,,
ANVT,ANAND VIHAR TRM,28.650504,77.315213,,
ANY,Arumuganeri,8.579144,78.091842,Tamil Nadu,SR
AO,AONLA,28.296051,79.16915,Uttar Pradesh,NR
AON,ARAON,27.114343,78.692248,Uttar Pradesh,NCR
AONI,Amoni,26.448121,92.919609,Assam,NFR
AOR,ARGORA,23.347039,85.314358,,
AP,ASHOKAPURAM,12.273762,76.635315,Karnataka,SWR
APA,AMARPURA,26.110973,74.249302,Rajasthan,NWR
APB,ANUPPAMBATTU,13.304293,80.230769,,
APCH,ALIPURDUAR COLLEGE,26.501679,89.527486,,
APD,Alipur Duar,26.479307,89.520667,West Bengal,NFR
APDC,Alipur Duar Court,26.499255,89.526808,West Bengal,NFR
APDJ,ALIPUR DUAR JN,26.523279,89.534048,West Bengal,NFR
APE,ANDANAPPETTAI,10.758823,79.844096,Tamil Nadu,SR
APG,ANUPGANJ,26.757292,81.126093,,
APH,ANUPGARH,29.196898,73.204564,Rajasthan,NWR
API,Akkaraippatti,10.399808,77.922628,,
APJ,Amarpur Jorasi,28.02178,76.076109,Rajasthan,NWR
APK,Aruppukkottai,9.524632,78.101891,,
APL,APPIKATLA,15.970371,80.514466,,
APN,AYODHYAPATTANAM,11.671392,78.233642,,
APP,Ambapendarpur Halt,25.266963,85.529709,,
APQ,ADITPARA,21.673591,69.677918,,
APR,ANUPPUR JN,23.117312,81.695967,,
APRD,Ashapurna Devi,21.727401,87.638201,,
APRH,Alehpur Halt,26.209465,84.788986,,
APT,ANAPARTI,16.935817,81.953181,,
APTA,APTA,18.863471,73.152629,Maharashtra,CR
APU,Anipur,24.545736,92.434527,Assam,NFR
AQG,ASHAPURA GOMAT,26.950232,71.892665,Rajasthan,NWR
ARA,ARA,25.548889,84.662596,,
ARAG,ARAG,16.823628,74.791164,Maharashtra,CR
ARCL,ARUNACHAL,24.855593,92.742995,Assam,NFR
ARD,AMARDA ROAD,21.734258,87.102374,,
ARE,ARNETHA,25.389778,76.018674,,
ARG,ANGAR GHAT,25.795385,85.907174,,
ARGD,ARIGADA,23.643461,85.466475,,ECR
ARGL,ARGUL,20.124427,85.67088,,
ARGP,ARALAGUPPE,13.253132,76.615439,Karnataka,SWR
ARH,AMHERA,29.262238,78.285802,Uttar Pradesh,NR
ARI,ANTRI,26.035234,78.226699,,
ARJ,AUNRIHAR JN,25.54466,83.187272,Uttar Pradesh,NER
ARK,Arakku,18.333991,82.86256,Andhra Pradesh,ECoR
ARKA,Arkha,25.867316,81.331277,Uttar Pradesh,NR
ARL,AROUL,26.920662,80.018633,,
ARN,ARAND,21.102097,82.183013,,
ARNA,ARNIA,27.010129,76.51718,,
ARNG,Arunnagar,20.708491,79.978972,,
ARNH,Arjunahalli,12.512857,76.391729,Karnataka,SWR
AROR,AROOR HALT,9.879103,76.302833,,
ARP,Atrampur,25.572021,81.745663,Uttar Pradesh,NR
ARPL,AREPALLI HALT,16.270534,77.862369,,
ARQ,ARARIYA COURT,26.114921,87.446912,,
ARR,ARARIYA,26.137118,87.411998,,
ARS,ARASUR,11.270467,79.724704,Tamil Nadu,SR
ARU,Arasalu,13.999309,75.314466,Karnataka,SWR
ARV,ARNI ROAD,12.630801,79.209033,Tamil Nadu,SR
ARW,AHRAURA ROAD,25.196501,83.018883,,
AS,ARJANSAR,28.933796,73.871969,Rajasthan,NWR
ASAF,ASIFABAD ROAD,19.256682,79.416719,,
ASAN,ASAN,29.40129,76.882594,Haryana,NR
ASAR,ASRA HALT,29.249761,77.291443,,
ASB,ASANBONI,22.712394,86.313908,,
ASCE,ATHSARAI,25.678729,81.26203,,
ASE,ASAUDAH,28.736538,76.858773,Haryana,NR
ASH,AISHBAGH,26.837388,80.909607,,
ASI,Arseni,27.243104,80.39386,Uttar Pradesh,NR
ASJP,AMAR SAHEED JAGDEV P HALT,25.560087,84.409699,,
ASK,ARSIKERE JN,13.314425,76.252085,Karnataka,SWR
ASKN,ASHOK NAGAR,24.58015,77.726725,,
ASL,ASLAODA,23.231264,75.60816,,
ASLU,Aslu,28.368988,75.074842,Rajasthan,NWR
ASN,ASANSOL JN,23.691441,86.975152,,
ASNE,ASANSOL EAST,23.686432,86.991176,,
ASO,ASANGAON,19.439278,73.307859,,
ASP,ASPARI,15.454804,77.356253,,
ASR,AMRITSAR JN,31.631512,74.858025,,
ASSH,AISHBAGH,26.836088,80.908616,,
AST,ASAOTI,28.250878,77.323569,,
ASTG,Astegaon,21.296402,77.927221,,
ASV,ASARVA JN,23.043981,72.612937,Gujarat,WR
AT,ASNOTI,14.876286,74.147683,Karnataka,KR
ATA,ATA,26.044542,79.599143,,
ATC,ARTS COLLEGE,17.41813,78.519665,,
ATE,ATARRA,25.291367,80.576491,Uttar Pradesh,NCR
ATG,ATGAON,19.503181,73.327691,,
ATH,ANTAH,25.161177,76.307268,Rajasthan,WCR
ATKS,Atwa Kursath,27.13457,80.26721,Uttar Pradesh,NR
ATL,ATHMAL GOLA,25.453015,85.621372,,
ATM,ALTAGRAM,26.608131,88.946682,,
ATMO,AITHAL,29.80793,78.043623,Uttarakhand,NR
ATNR,AWATAR NAGAR,25.764396,84.956774,,
ATP,ANANTAPUR,14.686478,77.595312,,
ATQ,Arantangi,10.164469,78.996848,Tamil Nadu,SR
ATR,Attar,21.998734,76.204918,Madhya Pradesh,WR
ATRR,ATRAURA,25.316112,82.314016,Uttar Pradesh,NER
ATRU,ATRU,24.882135,76.670219,Rajasthan,WCR
ATS,ATTABIRA,21.388039,83.792637,,
ATT,ATARI,31.594934,74.607241,Punjab,NR
ATU,ATTUR,11.594788,78.592092,,
ATUL,ATUL,20.544593,72.927134,Gujarat,WR
ATW,Atwa Muthia Halt,27.27399,80.415479,Uttar Pradesh,NR
AUB,ALUABARI ROAD,26.269681,88.18561,,
AUBR,ANUGRAHA NARAYAN ROAD,24.855956,84.329844,,
AUI,Aurahi,25.823021,87.135054,Bihar,ECR
AUL,AGSAULI,27.705677,78.444553,,
AUN,Aurang Nagar,29.043935,75.974542,,
AUNG,AUNG,26.16423,80.544495,,
AUR,ATRAULI ROAD,28.097188,78.220108,Uttar Pradesh,NR
AUS,Anupshahr,28.947951,75.21123,Rajasthan,NWR
AUWA,AUWA,25.665207,73.564613,Rajasthan,NWR
AV,ASVALI,19.817371,73.751085,,
AVC,AMRAVATHI COLONY,14.498219,75.854093,,
AVD,AVADI,13.118247,80.100518,,
AVK,Aravankadu,11.359124,76.769203,Tamil Nadu,SR
AVL,AMRITVEL,21.077372,71.679671,Gujarat,WR
AVLI,ARAVALLI,16.620491,81.599095,Andhra Pradesh,SCR
AVN,ANAVARDIKHANPET,13.050504,79.56735,,
AVP,Abhanpur Junction,21.052203,81.744899,Chhattisgarh,SECR
AVRD,ARAVALI ROAD,17.316531,73.53816,Maharashtra,KR
AVS,Auvaneeswaram,9.036513,76.852807,Kerala,SR
AVT,Avati,13.299092,77.726679,Karnataka,SWR
AWB,AURANGABAD,19.859276,75.310646,Maharashtra,SCR
AWG,Awa Garh,27.464247,78.4734,Uttar Pradesh,NCR
AWH,Alewahi,20.38793,79.710147,Maharashtra,SECR
AWL,ALAWALPUR,31.425164,75.642236,Punjab,NR
AWM,Aswapuram,17.821267,80.80126,Andhra Pradesh,SCR
AWP,AGHWANPUR,28.939542,78.702865,,
AWPR,AWAPUR,26.508916,85.652916,,
AWR,ALWAR,27.559273,76.621265,Rajasthan,NWR
AWS,ASWANI HALT,27.15958,84.051843,Bihar,ECR
AWT,Alwar Tirunagri,8.602296,77.941809,Tamil Nadu,SR
AWY,ALUVA,10.108163,76.356508,,
AXA,AMARSAR,22.585991,70.91711,Gujarat,WR
AXK,ASOKHAR,26.525539,78.555854,Madhya Pradesh,NCR
AXR,ALLURU ROAD,14.710541,79.989036,,
AY,AYODHYA,26.787784,82.200604,,
AYB,Aliyabad,16.878268,75.758306,Karnataka,SWR
AYD,AYANDUR,11.966732,79.34081,,
AYM,ADIYAKKAMANGALAM,10.756748,79.68058,Tamil Nadu,SR
AYN,AIYANAPURAM,10.788547,78.929033,Tamil Nadu,SR
AYR,AYYALUR,10.483391,78.157049,,
AYRN,AKSHAYWAT RAI NAGAR,25.688768,85.315411,Bihar,ECR
AYU,ABHAYAPURI ASSAM,26.356599,90.641696,Assam,NFR
AZ,AZIMGANJ JN,24.219053,88.256764,West Bengal,ER
AZA,AZARA,26.09934,91.613927,Assam,NFR
AZP,AYYAMPET,10.896267,79.206701,Tamil Nadu,SR
AZR,AZAMNAGAR ROAD,25.555556,87.852328,,
BA,BANDRA,19.054454,72.840454,Maharashtra,WR
BAA,Barala,24.300532,88.039851,West Bengal,ER
BAAR,Bandar P.H.,22.052122,88.086816,West Bengal,?
BAB,BABINA,25.237832,78.451748,,
BABR,BALANAGAR,16.947622,78.188891,,
BAD,BAAD,27.395941,77.689652,,
BADK,BARKA,29.072565,77.273302,Uttar Pradesh,NR
BADR,Bhader,21.36507,70.928979,Gujarat,WR
BAE,BALIAKHERI,29.9285,77.63368,,
BAF,Bap,27.288182,72.327408,Rajasthan,?
BAGA,Bhagega,27.67721,75.72089,Rajasthan,NWR
BAGD,BAGWADA,20.43948,72.916866,,
BAGJ,Barharagani,26.921354,83.919574,,
BAGL,BARAGOPAL,25.765088,84.906765,,
BAH,BHABHAR,24.06528,71.615774,Gujarat,WR
BAHI,Balenahalli,14.250321,76.566376,Karnataka,SWR
BAHN,BABHABGAON HALT,25.44834,87.809894,,
BAHP,Band Hamirpur,26.32975,80.744382,Uttar Pradesh,NR
BAHW,Bahir Khanda,22.851949,88.071068,West Bengal,ER
BAI,BASSI,26.840617,76.047213,,
BAJ,Bhalej,22.63303,73.034499,Gujarat,WR
BAJE,Bajakare Halt,12.720476,75.508955,Karnataka,SWR
BAJN,BAJANA,23.101735,71.772077,,
BAK,BHAN KARI,26.962547,76.409455,,
BAKA,Banka,24.865901,86.911693,Bihar,?
BAKL,BAKAL,21.123637,80.940946,,
BAKT,Barhara Kothi,25.776942,87.096319,Bihar,ECR
BAL,BUDALUR,10.782843,78.981443,Tamil Nadu,SR
BALE,BALE,17.676186,75.845086,,
BALI,Bhaili,22.266245,73.131977,Gujarat,WR
BALR,BAITALPUR,26.552663,83.738557,,
BALU,BALUGAON,19.747366,85.200953,,
BAM,BRAHMAPUR,19.296135,84.796691,,
BAMA,BIRAMBAD,26.922783,77.32494,Rajasthan,NCR
BAMR,BAMUR,21.006738,84.475865,,
BAND,BANASWADI,13.00573,77.628196,,
BANE,BASNI,26.222963,73.010639,Rajasthan,NWR
BANI,BANI,26.227488,81.620936,,
BANL,BHATANGLI,18.446007,76.678145,Maharashtra,?
BANO,BANO,22.664784,84.902985,,
BANR,Bhaner,22.879186,72.97562,,
BAO,BANMOR,26.355565,78.098927,,
BAOL,BAOLI,29.140457,77.278015,Uttar Pradesh,NR
BAP,BELAPUR,19.619569,74.661744,,
BAPN,BARAIPURA HALT,25.739421,86.137301,,
BAPR,BALLUPUR,27.586599,79.145148,,
BAQ,GANJ BASODA,23.845347,77.944826,,
BAR,BAR,26.063048,74.113189,Rajasthan,NWR
BARD,DUVRI KALAN,23.994181,81.507968,Madhya Pradesh,WCR
BARH,BARH,25.46165,85.709426,,
BARI,Bari,26.650058,77.618175,Rajasthan,NCR
BARJ,BHARATGARH,31.110462,76.591403,,
BARL,Baral,28.494092,77.809975,Uttar Pradesh,NR
BARN,BARANAGAR ROAD,22.653093,88.378311,,
BARS,Barsana,27.443263,77.150253,,
BARU,Baharu,22.205278,88.44446,West Bengal,ER
BASN,BHAINSWAN,29.094392,76.680769,Haryana,NR
BAT,Batala Junction,31.821482,75.194432,Punjab,NR
BATL,BAIHATOLA,23.231204,82.05862,Madhya Pradesh,SECR
BATM,Batala Sugar Mills,31.856906,75.228493,,
BAU,BURHANPUR,21.334398,76.198679,Madhya Pradesh,CR
BAV,BARUVA,18.900748,84.554233,,
BAW,CHIK BANAVAR,13.073539,77.506341,Karnataka,SWR
BAWA,Balwara,25.503145,72.5545,Rajasthan,NWR
BAWD,BHADWAD,21.323159,74.098317,,
BAY,BELLARY JN,15.145135,76.921995,Karnataka,SWR
BAYD,Beyad,23.216364,73.207326,Gujarat,WR
BAZ,BARAN,25.09677,76.505128,Rajasthan,WCR
BBA,BABRALA,28.266493,78.403414,Uttar Pradesh,NR
BBAE,BAIDYABATI,22.795492,88.332038,,
BBAI,BHADBHUNJA,21.166264,73.693754,,
BBAR,BARA,24.001215,81.211862,Madhya Pradesh,WCR
BBC,Bhachhbar,25.73181,71.044404,Rajasthan,NWR
BBD,BABLAD,17.337569,76.779259,,
BBDA,BARBENDA (RNC DIVISION),23.420983,86.110242,,
BBDB,BENOY BADAL DINESH GARDENS,22.577047,88.346858,,
BBDE,BABARPUR,29.449652,76.966178,,
BBE,BAGHI BARDIHA,24.953077,85.623332,Bihar,ECR
BBGN,Barua Bamungaon,26.662157,93.944693,Assam,NFR
BBHL,Bela Bela,26.137192,81.24876,,
BBHT,Barabar Halt,25.05586,84.974368,Bihar,?
BBJ,Babaganj,27.96429,81.568611,Uttar Pradesh,NER
BBK,BARABANKI JN,26.935335,81.18104,,
BBKR,BABA BAKALARAYA,31.541835,75.238827,,
BBL,BALRAI,26.920502,78.82371,,
BBLA,Bhyabla Halt,22.65426,88.854932,West Bengal,ER
BBLK,B L DASPURI,27.316999,79.363519,Uttar Pradesh,NCR
BBM,BARABHUM,23.091286,86.211237,,
BBMN,BARI BRAHMAN,32.63896,74.916171,Jammu and Kashmir,NR
BBN,Barbil,22.104577,85.369058,Odisha,SER
BBO,BABUGARH,28.747393,77.855523,,
BBPM,BALABHADRAPURAM,16.965801,82.000376,,
BBPR,BABUPUR,27.349971,81.070314,,
BBQ,BASIN BRIDGE JN,13.102361,80.271221,,
BBR,BAGH BAZAR,22.605126,88.365246,,
BBRA,Bbra,16.549141,81.53283,,
BBRM,BABA BHAGWAN RAM HALT,25.315888,83.038406,,
BBS,BHUBANESWAR,20.265388,85.842595,,
BBSL,BABA SODHAL NAGAR,31.35302,75.564868,,
BBSN,BHUBANESWAR NEW,20.382175,85.835187,,
BBT,Birati,22.66472,88.427613,West Bengal,ER
BBTR,BARBATPUR,22.197033,77.920758,,
BBU,BHABUA ROAD,25.173007,83.618913,,
BBV,BABHULGOAN,17.778326,75.383427,Maharashtra,CR
BBW,BODARWAR,26.878,83.638191,Uttar Pradesh,NER
BBY,BHADROLI,26.30595,78.181356,Madhya Pradesh,NCR
BC,BAREILLY CITY,28.355656,79.403718,,
BCA,BACHWARA JN,25.581258,85.900142,,
BCB,Bhowra Junction,23.67077,86.417009,Jharkhand,SER
BCD,BANSDIH ROAD,25.811583,84.215238,,
BCGM,BAINCHIGRAM,23.10588,88.216298,,
BCH,BERCHHA,23.282481,76.334193,,
BCHL,Bacheli,18.703461,81.238534,Chhattisgarh,ECoR
BCHN,Bochasan Junction,22.402073,72.847673,Gujarat,WR
BCJ,BAGAHABISHUNPUR,24.811468,84.204658,,
BCK,BALICHAK,22.358186,87.553354,,
BCN,BACHHRAWAN,26.477321,81.105456,,
BCOB,BHACHAU BG,23.301391,70.344972,,
BCP,BICHPURI,27.176397,77.91435,,
BCPR,BACHHARPUR HALT,26.494629,85.662529,,
BCQ,BARACHAK,23.706726,86.928133,,
BCRD,Barchi Road,21.951502,78.311632,Madhya Pradesh,CR
BCT,Mumbai Central,18.970667,72.819383,Maharashtra,WR
BCU,BHUCHCHU,30.209882,75.095186,Punjab,NR
BCY,VARANASI CITY,25.334118,83.014114,Uttar Pradesh,NER
BCYN,BUDHDEVCHAK Y NAGAR,25.496827,85.331308,,
BD,BADNERA JN,20.856793,77.73232,,
BDA,VADODARA C CABIN,22.318357,73.17783,,
BDAG,BONIDANGA,24.823452,87.810526,,
BDBA,Badabandha Road,20.276721,86.519951,Orissa,ECoR
BDBG,Badhai Balamgarh Halt,30.459894,74.460168,Punjab,NR
BDBP,BASUDEBPUR,24.635527,87.982535,Bihar,ER
BDBS,BINDUBASINI HAL,24.792848,87.859263,,
BDC,BANDEL JN,22.923656,88.379362,,
BDCR,Bhadrachalam Road,17.550365,80.616024,Andhra Pradesh,SCR
BDDR,BADODAR,21.361073,70.295846,Gujarat,WR
BDE,Bodeli,22.270191,73.71658,Gujarat,WR
BDGP,BADANAGUPPE,11.990316,76.861228,Karnataka,SWR
BDH,BHEDIA,23.586642,87.711813,,
BDHA,BADHADA,21.2703,71.337414,Gujarat,WR
BDHL,Badhal,27.252059,75.451645,Rajasthan,NWR
BDHN,Bodhan,18.645933,77.888166,Andhra Pradesh,SCR
BDHP,BHUDPUR,29.218094,77.291168,Uttar Pradesh,NR
BDHT,Bardi Halt,21.621177,78.822411,Madhya Pradesh,SECR
BDHY,BUDHI,32.440429,75.432931,Jammu and Kashmir,NR
BDI,BHADLI,21.023663,75.672912,,
BDIN,BHADAIYAN,26.171113,82.169148,,
BDJ,VADAKARA,11.593321,75.586941,Kerala,SR
BDJR,BHADORA JAGIR,24.786919,77.411883,,
BDK,BEDAG,16.823512,74.756723,,
BDKN,BANDHUA KALAN,26.271965,81.995392,,
BDKT,Badakhandita,20.365449,86.083836,Orissa,ECoR
BDL,VINDHYACHAL,25.160772,82.502021,,
BDLC,BONIDANGA LINK CABIN,24.822167,87.798331,,
BDM,BADAMI,15.958918,75.6767,Karnataka,SWR
BDMA,Budhma,25.902768,86.857009,Bihar,ECR
BDME,Baidyanathdham Deoghar,24.489262,86.69207,Jharkhand,ER
BDMJ,BHODWAL MAJRI,29.185209,77.008236,,
BDN,BHADAN,26.979392,78.737495,,
BDNP,BIDANPUR,25.585017,81.442017,,
BDPA,Badalpur Ph,21.710487,87.616227,West Bengal,?
BDPG,BADA PADAGAON,20.570588,85.873828,,
BDPK,BURHAPANKA,20.853157,85.255823,,
BDPL,BANDARUPALLE,16.365527,80.3628,,
BDQ,BUDORA,23.778557,86.235448,,
BDRL,BYADARAHALLI,12.501953,76.752083,Karnataka,SWR
BDSW,Budhsinghwala,29.831708,74.222661,Rajasthan,NWR
BDT,BORDUBI ROAD,27.399181,95.314595,Assam,NFR
BDTS,MUMBAI BANDRA TERMINUS,19.061911,72.840535,Maharashtra,WR
BDU,BADNAPUR,19.873979,75.722483,Maharashtra,SCR
BDUA,BASUDEOPUR CHANDAIL HALT,25.648738,85.542692,,
BDV,BADANAVALU,12.075566,76.749044,Karnataka,SWR
BDVL,BUDVEL,17.309377,78.424518,,
BDVR,Bodavara,18.175095,83.112494,,
BDVT,Bhadravati,13.842429,75.702832,Karnataka,SWR
BDW,BANDANWARA,26.125301,74.691379,Rajasthan,NWR
BDWA,BADHWA BARA,23.293933,81.286368,,
BDWD,BODWAD,20.903583,76.017046,,
BDWL,BIRADHWAL,29.174117,73.896516,Rajasthan,NWR
BDWS,BADARWAS,24.98334,77.561828,Madhya Pradesh,WCR
BDXT,BASAI DHANKOT,28.464735,76.983187,Haryana,NR
BDXX,Bade Arapur,19.011494,81.837917,Chhattisgarh,ECoR
BDY,BUDDIREDDIPPATI,12.044659,78.312752,,
BDYK,BINDAYAKA,26.924224,75.659572,,
BDYP,Bidyadharpur,22.425122,88.452872,West Bengal,ER
BDYR,Bidyadabri,26.271855,89.767506,,
BDZ,Badkulla,23.304666,88.526557,West Bengal,ER
BE,BAREILLY,28.337154,79.410844,,
BEA,BIHIYA,25.558893,84.448984,,
BEAS,BEAS,31.519374,75.290808,,
BEB,Beldanga,23.932059,88.242968,West Bengal,ER
BEC,BERACH JN CABIN,24.896442,74.615232,,
BECN,Bikaner East,27.972495,73.368894,,
BED,Baseri,26.746992,77.543015,Uttar Pradesh,NCR
BEDM,Bedham,27.453929,77.209461,Rajasthan,NCR
BEE,Bebejia,26.310185,92.640956,Assam,NFR
BEF,BHUPDEOPUR,21.975035,83.259981,,
BEG,BEHTAGOKUL,27.530434,80.054854,,
BEH,BAGDIHI,21.951046,84.18631,,
BEHJ,Behj,27.481951,77.396587,,
BEHR,BEOHARI,24.000269,81.379715,Madhya Pradesh,WCR
BEHS,Bihar Sharif,25.206116,85.539075,Bihar,ECR
BEHT,BIHAT HALT,25.44977,86.033456,,
BEI,Shimoga Bidare,13.902536,75.647681,,
BEJ,Beniganj,27.299916,80.440599,Uttar Pradesh,NR
BEK,BUNDKI,29.522577,78.393285,,
BELA,Bela,24.97843,84.981353,Bihar,ECR
BELD,BELKHERA,22.981891,79.299879,Madhya Pradesh,WCR
BELT,Bela Halt,25.038257,86.998259,,
BEM,Budaun,28.027492,79.136024,Uttar Pradesh,NER
BEML,BEML Nagar,12.978641,78.241978,Karnataka,SWR
BENL,BENL,16.384407,75.882249,Karnataka,SWR
BEO,BIROHE,25.173789,82.449749,,
BEP,BHEERPUR,25.265024,81.98924,,
BEQ,BELUR,22.635912,88.339501,,
BER,BEAWAR,26.108908,74.314971,Rajasthan,NWR
BERO,BERO,23.548271,86.726609,West Bengal,SER
BET,BARETH,23.914947,77.99968,,
BETI,Bhetasi,22.421624,73.032237,,WR
BEU,Bisheshwarganj,27.341282,81.833817,Uttar Pradesh,NER
BEW,BETAVAD,21.149244,74.886199,,
BEY,B CEMENT NAGAR,15.486322,78.195412,,
BFD,BORHAT,27.164263,95.277512,Assam,NFR
BFE,BAHAWAL BASI,30.147265,74.279311,Punjab,NR
BFF,Barabhati,20.862984,80.060841,,
BFG,Bagthar,26.796232,77.522189,Uttar Pradesh,NCR
BFJ,Bhoras Budrukh,20.538301,75.014292,Maharashtra,CR
BFM,BHALUI,25.073216,86.172875,,
BFN,Bugana,29.258822,75.827815,Haryana,NR
BFP,BILOCHPURA AGRA,27.202619,77.987169,,
BFPA,Bhopatpur,28.375464,79.805138,Uttar Pradesh,NER
BFQ,BENDI,23.763612,84.416974,,
BFR,BEKAL FORT,12.385524,75.042786,Kerala,SR
BFT,Bhabta,23.986968,88.241584,West Bengal,ER
BFV,BAHELIA BUZURG,28.046924,80.512537,Uttar Pradesh,NER
BFW,BYATRAYANHALLI,13.00204,77.988508,,
BFX,BAGHI GHAUSPUR,25.051952,85.684033,Bihar,ECR
BFY,BHESANA,25.82438,73.71809,Rajasthan,NWR
BFZ,BHANDARTIKURI,23.433192,88.329817,West Bengal,ER
BG,BHONGIR,17.524696,78.89847,,
BGA,BAGALIA,23.446936,86.519046,West Bengal,SER
BGAE,BALAGARH,23.121545,88.452552,West Bengal,ER
BGAN,Bangain,27.238993,81.905924,Uttar Pradesh,NER
BGAR,BANGARI,26.538089,84.921285,,
BGB,Budge Budge,22.493102,88.194692,West Bengal,ER
BGBR,BAGBAHRA,21.046295,82.384149,,
BGD,Bara Gudah,29.697657,75.001641,Haryana,NWR
BGDA,Bogada,20.278714,86.588172,Orissa,?
BGDI,Bagadia Ph,20.279033,86.586249,,
BGDS,BHAGWANPUR DESU,25.82701,85.846025,,
BGF,BAGILA,23.160146,88.122004,,
BGG,BANTA RAGHUNATHGARH,25.601807,73.527382,Rajasthan,NWR
BGH,BAGHAULI,27.228081,80.296314,,
BGHI,BAGAHAI ROAD,24.555903,81.018663,Madhya Pradesh,WCR
BGHU,Borraguhallu,18.275624,83.040289,Andhra Pradesh,ECoR
BGJT,Bagha Jatin,22.482615,88.387421,West Bengal,ER
BGK,BAGALKOT,16.178793,75.700238,Karnataka,SWR
BGKA,BANGURKELA,22.350568,84.95527,,
BGKT,BHAGAT KI KOTHI,26.248497,73.013337,Rajasthan,NWR
BGL,Bagula,23.335465,88.646404,West Bengal,ER
BGLI,Bargolai,27.287486,95.703548,Assam,NFR
BGM,BELGAUM,15.849243,74.509564,Karnataka,SWR
BGMR,BAGUMRA,21.149694,72.996091,,
BGMU,Bangarmau,26.891816,80.22206,Uttar Pradesh,NR
BGN,BORGAON,20.729059,77.17965,,
BGNA,Balgona,23.45805,87.950456,West Bengal,ER
BGO,BOGRI ROAD,22.881747,87.325732,West Bengal,SER
BGP,BHAGALPUR,25.241909,86.976792,,
BGPA,Bageshapura,13.143803,76.229355,Karnataka,SWR
BGPL,Baghuapal,21.042219,86.013166,Orissa,ECoR
BGPR,BHAGWANPURA,25.419012,73.363312,Rajasthan,NWR
BGQ,BHONGAON,27.259042,79.165723,Uttar Pradesh,NCR
BGRA,BAGHNAPARA,23.242082,88.329724,West Bengal,ER
BGRD,Beliaghata Road,22.674548,88.607005,West Bengal,ER
BGRM,Biggabas Ramsara,28.047692,74.201547,Rajasthan,NWR
BGRR,BAGARPUR HALT,29.079066,78.278043,,
BGS,BEGU SARAI,25.425296,86.134476,Bihar,ECR
BGSF,BISUGIRSHARIF,18.348122,79.483604,,
BGTA,BAGRA TAWA,22.630711,77.993707,Madhya Pradesh,WCR
BGU,BAIRGANIA,26.738282,85.273334,Bihar,ECR
BGUA,BAIGUDA,18.827044,82.965787,,
BGV,Balegundi,14.150947,75.118565,,
BGVN,BHIGWAN,18.317256,74.775042,,
BGW,BEGDEWADI,18.701176,73.709039,,
BGWD,BAGEWADI,16.307771,74.7536,Karnataka,SWR
BGWI,BEGDAEWADI,18.700263,73.708437,,
BGX,BAGRI SAJJANPUR,25.916759,73.821842,Rajasthan,NWR
BGY,Bangriposi,22.130678,86.501362,,
BGZ,BAHADURGARH,28.700863,76.930886,Haryana,NR
BH,BHARUCH JN,21.706907,72.997689,,
BHA,BHANDAI,27.069064,77.966807,,
BHAD,BARHAPUR HALT,25.427352,85.860243,,
BHAL,BHATIEL,22.477066,72.834624,,
BHAN,Bhoyani,23.358779,72.234682,Gujarat,WR
BHAS,BHOJRAS,25.788217,74.63428,,
BHAT,Bhatpura,26.327284,77.674711,Madhya Pradesh,NCR
BHAW,BLOCK HUT A (BHA),26.802226,80.980595,,
BHB,BADLA GHAT,25.553763,86.587144,Bihar,ECR
BHBK,BODHADI BUJRUG,19.496276,78.195249,Maharashtra,SCR
BHBR,Bathua Bazar,26.49683,84.232179,Uttar Pradesh,NER
BHBT,BLOCK HUT BASANTPUR,32.559965,75.059067,,
BHBV,BLOCK HUT B,25.274869,83.102203,,
BHC,BHADRAKH,21.091746,86.516231,,
BHCH,BLOCK CABIN CHAKKI BANK,32.241975,75.651062,,
BHCL,BAHORA CHANDIL,25.364918,83.489726,,
BHD,BADLI,28.7468,77.137743,,
BHDH,BAHADURPUR HALT,27.952255,79.782543,,
BHDR,Bhadri,25.676658,81.567755,Uttar Pradesh,NR
BHET,BHESTAN,21.127883,72.861313,Gujarat,WR
BHG,Bhaton Ki Gali,27.105646,75.712919,Rajasthan,NWR
BHGH,Bhairgachhi,23.274779,88.634016,West Bengal,ER
BHGJ,Bihariganj,25.732599,86.992655,Bihar,ECR
BHGN,BHILGAON,26.354394,93.926117,Assam,NFR
BHGP,Bhagirathpur,27.326628,83.38771,Uttar Pradesh,NER
BHHZ,BEHTA HAZIPUR HALT,28.71973,77.304041,Uttar Pradesh,NR
BHI,BAHERI,28.777391,79.500322,Uttar Pradesh,NER
BHJ,Barhaj Bazar,26.283912,83.731497,Uttar Pradesh,NER
BHJA,Bheja,18.472649,82.685464,Orissa,ECoR
BHK,BADHARI KALAN,27.799053,78.734589,,
BHKA,Bahira Kalibari,22.685772,88.563588,West Bengal,ER
BHKD,BHURKUNDA,23.637564,85.372145,,
BHKH,BAGHOI KUSA,24.839901,84.462433,,
BHKL,BHAKRAULI,28.308471,78.474665,Uttar Pradesh,NR
BHL,BHILWARA,25.343551,74.630773,Rajasthan,NWR
BHLA,BEHULA,23.181967,88.428792,West Bengal,ER
BHLE,Barahat,24.9206,87.010084,Bihar,ER
BHLI,BOHALI,17.588773,75.27417,Maharashtra,CR
BHLK,Bhalki,18.047011,77.228081,Karnataka,SCR
BHLP,BHULANPUR,25.287875,82.957519,Uttar Pradesh,NER
BHM,Bahram,31.197575,75.894193,Punjab,NR
BHMA,Baghmara Halt,25.365524,87.617463,,
BHME,BHANDARIDAH,23.756673,86.055099,,ECR
BHN,BHULI,23.802277,86.394693,,
BHNA,Bhayna,23.312261,88.641659,West Bengal,ER
BHNE,BHONE,21.018946,75.222477,,
BHNP,BISHANPUR HALT,25.614901,87.746117,,
BHNS,Bhansi,18.776902,81.265358,Chhattisgarh,ECoR
BHOI,DHANDARIKALAN BLOCK HUT,30.894741,75.87188,,
BHP,BOLPUR SHANTINIKETAN,23.657804,87.698136,,
BHPA,Bahrupiya Halt,22.22962,88.349067,West Bengal,ER
BHR,BHADRESHWAR,22.82794,88.341535,,
BHRB,Bhairabi,24.19546,92.54106,Mizoram,?
BHRH,Bhuyar Halt,20.712948,79.579542,,
BHRJ,Becharji,23.516602,72.029413,Gujarat,WR
BHRL,BHAROLI JUNCTION,32.271048,75.616373,Punjab,NR
BHS,VIDISHA,23.522289,77.814836,,
BHSA,BHISA HALT,26.576529,85.533501,,
BHT,Bhattu,29.387323,75.34013,Haryana,NWR
BHTA,BHATIYA,22.088154,69.280362,Gujarat,WR
BHTH,Bhairopatti Halt,25.894911,86.907187,,
BHTK,BHANWAR TONK,22.607916,81.897794,,
BHTL,BHATEL,22.164096,69.493629,Gujarat,WR
BHTN,BHITONI,23.142728,79.674011,Madhya Pradesh,WCR
BHTR,BHATPAR RANI,26.310477,84.033101,,
BHTS,BHATASA,27.503757,79.383888,,
BHU,BHANDU MOTIDAU,23.709061,72.389339,Gujarat,WR
BHUA,BHUA,25.945581,79.351085,,
BHUJ,BHUJ,23.266022,69.677828,Gujarat,WR
BHV,Bhoma,22.171372,79.689457,Madhya Pradesh,SECR
BHW,BARHARWA JN,24.857748,87.774493,,
BHWA,BECHHIWARA,23.787792,73.535256,Rajasthan,NWR
BHX,BULLUANA,30.217553,74.78304,Punjab,NR
BHY,BHAYAVADAR,21.847837,70.236145,Gujarat,WR
BHZ,BIHARA,24.962818,92.689054,Assam,NFR
BI,BARI SADRI,24.411465,74.468715,Rajasthan,NWR
BIA,BHILAI,21.202598,81.421724,,
BIB,Birpur,26.155568,77.174223,Rajasthan,NCR
BIC,Bichia,28.18307,81.272081,Uttar Pradesh,NER
BICI,Barkichampi,23.483611,84.709751,,
BID,BIDADI,12.800425,77.390298,Karnataka,SWR
BIDR,Bidar,17.911684,77.513779,Karnataka,SCR
BIE,BHISTENHATTI,15.41363,74.705805,,
BIF,BHAIRONPUR,22.432086,77.420409,Madhya Pradesh,WCR
BIG,BELGAHNA,22.431085,82.032374,,
BIGA,Bigga,28.047453,74.20137,Rajasthan,NWR
BIGH,BAGRIGRAM HALT,25.391339,86.985238,,
BIH,BAIRAGARH,23.273607,77.33622,,
BIJ,Birnagar,23.235875,88.551252,West Bengal,ER
BIJR,BIJOOR,13.822196,74.642054,Karnataka,KR
BIK,BHIRA KHERI,28.334799,80.486132,Uttar Pradesh,NER
BILA,Bheslana,27.065209,75.304187,Rajasthan,NWR
BILD,BILDI,23.225523,74.918539,,
BILK,Bilkha,21.443078,70.600402,Gujarat,WR
BILP,Bhilpur,22.196155,73.323477,Gujarat,WR
BIM,BILIMORA JN,20.763319,72.970474,Gujarat,WR
BIML,Bhimal,24.752431,73.92244,Rajasthan,NWR
BINA,BINA JN,24.170974,78.1832,,
BINR,Brij Nagar,27.439639,77.089708,Rajasthan,NCR
BIO,BORDI,22.866487,74.347099,,
BIP,BAHILPURWA,25.137088,80.998599,Uttar Pradesh,NCR
BIPR,Bheempura,25.129644,72.392249,Rajasthan,NWR
BIQ,BANSI PAHARPUR,26.93277,77.457241,Rajasthan,NCR
BIR,Bir,22.05264,76.547232,Madhya Pradesh,WCR
BIRD,BHIWANDI ROAD,19.268544,73.045654,Maharashtra,CR
BIRL,Biraul,25.937062,86.233733,Bihar,ECR
BIRP,BIRARAJPUR,22.8235,86.064502,,
BIS,BISWA BRIDGE,20.885157,76.339193,,
BISH,Bishengarh,25.448874,72.575216,Rajasthan,NWR
BIV,Bamhani Banjur,22.438916,80.324566,Madhya Pradesh,SECR
BIWK,BISALWAS KALAN,24.500035,74.783084,Rajasthan,WR
BIX,BHIND,26.588905,78.777435,Madhya Pradesh,NCR
BIY,BARDOLI,21.134241,73.105894,,
BIZ,BAIHATA,26.343713,91.684343,,
BJ,BAHJOI,28.4015,78.631506,Uttar Pradesh,NR
BJA,BIJROTHA,24.94694,78.421605,,
BJD,BAREJADI,22.895427,72.677886,,
BJE,Bhojudih Junction,23.642175,86.446999,Jharkhand,SER
BJF,BIJNI,26.497967,90.707827,,
BJG,BAJRANGARH,23.042607,74.694993,,
BJI,BIJAULI,25.376468,78.517746,,
BJIH,BIJULI HALT,26.186676,85.976126,,
BJK,BIJORA,25.145112,76.395699,Rajasthan,WCR
BJKN,Bajekan,29.524298,75.099097,,
BJLP,BARAI JALALPUR,27.449608,80.800122,Uttar Pradesh,NER
BJMA,Burj Mohar,30.185034,74.205888,,
BJMD,Bara Jamda,22.166533,85.412392,Jharkhand,SER
BJMR,BAIJNATH MANDIR,32.052626,76.651529,Himachal Pradesh,NR
BJN,Bejnal,24.983198,73.914959,Rajasthan,NWR
BJNR,BIJAINAGAR,25.931003,74.653059,Rajasthan,NWR
BJO,BIJNOR,29.38563,78.146805,Uttar Pradesh,NR
BJP,BIJAPUR,16.83106,75.740001,Karnataka,SWR
BJPL,BAIJNATH PAPROLA,32.050369,76.632508,Himachal Pradesh,NR
BJPR,Bijaipur Road,26.196877,77.305586,Madhya Pradesh,NCR
BJQ,BAGHORA,24.135877,78.260336,,
BJR,BARRAJPUR,26.685166,80.138678,,
BJRA,BHAJERA,27.100775,76.656874,,
BJRI,BIJURI,23.250339,82.118946,Madhya Pradesh,SECR
BJT,BAJPATTI,26.546976,85.620613,,
BJU,BARAUNI JN,25.461768,85.988748,,
BJUD,BAJUD,21.736131,71.827925,Gujarat,WR
BJV,Bijauria,28.574785,79.655274,Uttar Pradesh,NER
BJW,BAJVA,22.366223,73.143125,,
BJWS,Bojawas,28.312786,76.252868,Haryana,NWR
BJY,Bangalbaree,25.626454,88.229425,West Bengal,NFR
BK,Bakra Road,25.213052,72.487603,Rajasthan,NWR
BKA,BARKHERA,22.917359,77.649646,,
BKAC,BARKAKANA AVOIDING CABIN,23.64052,85.463592,,
BKC,BHIKAMKOR,26.80763,72.787203,Rajasthan,NWR
BKCA,BOKARO STEEL CITY A CABIN,23.649514,86.087726,,
BKD,Bhankoda,23.270811,72.127777,Gujarat,WR
BKDE,BUDHAKHERA,29.378719,76.557193,Haryana,NR
BKDR,BEGUN KUDAR,23.383687,86.012587,,
BKF,Bhikhna Thori,27.333596,84.61057,Bihar,ECR
BKG,BANKA GHAT,25.547008,85.272742,,
BKH,BANKHEDI,22.774882,78.537997,Madhya Pradesh,WCR
BKHR,BAKHRI,25.499841,87.3353,,
BKI,BANDIKUI JN,27.039271,76.566723,,
BKIT,BINKADAKATTI,15.436714,75.595474,,
BKJ,BARKUR,13.477459,74.75968,Karnataka,KR
BKKA,Bhukarka,29.238227,74.751031,Rajasthan,NWR
BKKI,BAKARKUDI,23.095049,85.970936,,
BKKS,BAKAS,26.776082,81.051489,,
BKL,BONA KALU,17.031591,80.261499,Andhra Pradesh,SCR
BKLA,BAKULHA,25.797877,84.543411,,
BKLE,BAKUDI,24.934511,87.774907,,
BKN,BIKANER JN,28.014139,73.316598,,
BKNA,BAKAINA HALT,29.0358,78.274731,,
BKNG,BHAKTI NAGAR,22.282963,70.792278,Gujarat,WR
BKO,BINDKI ROAD,26.116562,80.580557,,
BKP,BAKHTIYARPUR JN,25.45611,85.529564,,
BKPR,BAKASPUR,22.98102,84.95373,,
BKPT,BHAKARAPET,14.409363,78.970073,,
BKRD,BHALUKA ROAD F,25.342572,87.912128,,
BKRH,Brij Kishor Halt,26.31374,84.69461,,
BKRL,BAKROL,22.588103,73.419204,,
BKRO,BOKARO THERMAL,23.78515,85.875578,,ECR
BKS,Balikotia,26.468309,92.570443,Assam,NFR
BKSA,BAKHSHA,25.78236,82.57318,,
BKSC,BOKARO STEEL CITY,23.656551,86.085016,,
BKSL,BIKRAM SHILA,25.300044,87.300218,,
BKSN,BKSC NORTH CABIN,23.671356,86.078541,,
BKT,BAKSHI KA TALAB,26.983452,80.922331,Uttar Pradesh,NER
BKTB,BINDUKURI,26.709022,92.734685,,
BKTH,BAIKUNTH,21.497672,81.780029,,
BKTL,BAKTAL,23.234083,77.038514,,
BKTS,BAKOTHIKHAS,26.87806,80.037767,,
BKTW,Baikunth,21.489691,81.777975,,
BKU,BHIKNUR,18.164491,78.399151,Andhra Pradesh,SCR
BKWA,BAKAYANWALA,30.143292,73.985818,Rajasthan,NR
BL,VALSAD,20.608559,72.933529,Gujarat,WR
BLA,BAJALTA,32.762368,74.953339,Jammu and Kashmir,NR
BLAE,BALARAMBATI,22.806813,88.212168,,
BLAX,BARLAI,22.894163,75.962109,Madhya Pradesh,WR
BLC,BOLDA,19.552032,77.273591,Maharashtra,SCR
BLCA,BLOCK HUT BEAS,32.101414,75.614477,,
BLD,BHILAD,20.275323,72.887446,Gujarat,WR
BLDA,BELDA,22.071444,87.336914,,
BLDI,BHILDI,24.194251,72.008187,Gujarat,WR
BLDK,Balauda Takun,22.877384,75.755456,Madhya Pradesh,WR
BLDL,BALLE-DA-PIR-LA,32.215731,75.932732,Himachal Pradesh,NR
BLF,Balajan,26.09571,89.887371,,
BLG,BILHAR GHAT,26.681307,82.268998,,
BLGA,Belagula,12.385699,76.588703,Karnataka,SWR
BLGR,BALANGIR,20.688591,83.494207,,
BLGT,BALURGHAT,25.232648,88.757636,,
BLH,BELGHARIA,22.6619,88.389455,,
BLHI,Bisalehalli,13.482612,75.966686,,
BLHR,BALAHAPUR HALT,25.120271,86.147815,,
BLK,BELAKOBA,26.591441,88.583312,,
BLKR,BALLEKERE HALT,13.502322,76.023514,Karnataka,SWR
BLL,BANTANAHAL,15.1629,77.275724,Andhra Pradesh,SCR
BLLI,BALLI,15.151726,74.020976,Goa,KR
BLLT,Ballupete,12.969668,75.908903,,
BLM,BALAMU JN,27.167363,80.352497,,
BLME,BHOLLDIH,23.898444,86.116898,,
BLMK,BHALUMASKA,19.328128,83.2943,,
BLMR,Bhalukmara,26.685532,94.143709,Assam,NFR
BLN,BALLYGUNGE JN,22.519832,88.372069,,
BLND,Bolinna Doaba,31.34286,75.656972,Punjab,NR
BLNG,BARLANGA,23.449913,85.833473,,
BLNI,BHALWANI,18.212962,75.199289,,
BLNK,BELANKI,16.848908,74.869336,Maharashtra,CR
BLNR,BIRLANAGAR,26.237555,78.195311,,
BLO,BHULON,24.635909,76.968812,Rajasthan,WCR
BLP,Balrampur,27.415821,82.16067,Uttar Pradesh,NER
BLPE,BALAPALLE,13.817151,79.403557,,
BLPR,Badulipar,26.646825,93.879129,Assam,NFR
BLPU,BILPUR,28.083668,79.625781,,
BLQR,BILASPUR ROAD,28.865601,79.254263,Uttar Pradesh,NER
BLR,BALGANUR,15.592629,75.602519,Karnataka,SWR
BLRD,BALA ROAD,22.80462,71.703754,Gujarat,WR
BLRE,BELSIRI,26.800481,92.514463,,
BLRG,BALASIRING,23.269127,85.281203,,
BLRI,BELARI HALT,25.845989,85.794656,,
BLRR,Belandur Road,12.936565,77.706939,Karnataka,SWR
BLS,BALASORE,21.500521,86.919582,,
BLSA,BOLSA,19.001291,77.702921,Maharashtra,SCR
BLSD,Balsamand,27.581307,74.473873,Rajasthan,NWR
BLSN,BELSONDA,21.155027,82.035625,,
BLSR,Belasar,27.995122,73.653205,,
BLT,BALOTRA JN,25.830071,72.248683,Rajasthan,NWR
BLTR,BELTHARA ROAD,26.121418,83.841719,Uttar Pradesh,NER
BLU,BILHAUR,26.839002,80.060383,,
BLV,Bhelwa,26.994131,84.778361,,
BLW,BALAWALI,29.627434,78.112433,,
BLWD,BOLWAD,16.823851,74.719998,Maharashtra,CR
BLWR,BILESHWAR,22.382129,70.830427,Gujarat,WR
BLX,BOLAI,23.361401,76.486405,,
BLY,BALLY,22.655266,88.340607,,
BLYG,BALLY GHAT,22.652173,88.347431,,
BLYH,BALIHALT,22.652604,88.338608,,
BLZ,BUDHLADA,29.921742,75.549687,Punjab,NR
BM,BODMA,23.897286,86.852624,,
BMA,BAGMAR,21.737129,76.361602,Madhya Pradesh,CR
BMAE,BELMURI,22.932727,88.152331,,
BMB,BAMRA,22.051355,84.291044,,
BMBE,BIMBARI,19.164065,77.631226,Maharashtra,SCR
BMC,Bhimalgondi,21.740994,78.914582,Madhya Pradesh,SECR
BMCK,BISSAMCUTTACK,19.487438,83.458973,,
BMD,BHIMADOLU,16.808482,81.261097,,
BME,BARMER,25.744522,71.397067,Rajasthan,NWR
BMF,BASMAT,19.333472,77.151778,Maharashtra,SCR
BMGA,BHIMGARA,23.738048,87.284279,West Bengal,ER
BMGM,BRAHMANAGUDEM,16.930258,81.675277,,
BMGN,BAMUNI GAON,26.01201,91.282876,,
BMGR,Bamangram,25.62214,88.191283,West Bengal,NFR
BMH,BETAMCHERLA,15.449372,78.148636,,
BMHR,BAMANHERI,29.514762,77.70639,Uttar Pradesh,NR
BMHT,Baraw More,25.043794,84.062036,,
BMI,BAMNIA,23.095764,74.759016,,
BMJ,Bridgemanganj,27.195537,83.197098,Uttar Pradesh,NER
BMK,BIRANG KHERA,29.91257,74.635864,Punjab,NWR
BMKD,BELLAMKONDA,16.46998,80.006313,,
BMKI,BAPUDHAM MOTIHARI,26.655733,84.90529,Bihar,ECR
BMKJ,BHIMKHOJ,21.080325,82.289327,,
BMLL,Bamla,28.832464,76.244079,Haryana,NWR
BMM,BHASKARPARA,22.988208,71.905409,,
BMMP,BOMMAYAPALLI,17.484445,78.861227,,
BMN,BHIMANA,24.595571,72.886302,Rajasthan,NWR
BMNI,BAMANI,17.512801,75.237643,Maharashtra,CR
BMNL,BAMANWALI HALT,28.361736,73.555273,,
BMO,BOLARUM,17.533549,78.515417,Andhra Pradesh,SCR
BMP,Bramhapuri,20.603943,79.867537,Maharashtra,SECR
BMPL,BRAHMANPALLI,17.832928,78.450179,Andhra Pradesh,SCR
BMPR,Badampahar,22.264023,86.180818,Orissa,SER
BMPT,Banni Mahamman,25.891285,84.778666,,
BMQ,BHIMARLAI,25.892931,71.881736,Rajasthan,NWR
BMR,BIKRAMPUR,23.082226,79.586316,Madhya Pradesh,WCR
BMRN,BHIMRANA,22.389889,68.992445,,
BMSB,BHIMASAR BG,23.186504,70.174975,,
BMSN,Bamsin,25.762983,72.544235,Rajasthan,NWR
BMSR,Bhimasar,23.533661,70.886919,Gujarat,WR
BMT,BEGAMPET,17.438874,78.458627,,
BMU,BAMHRAULI,25.44494,81.741641,,
BMW,Bamhni,20.922361,79.364152,Maharashtra,SECR
BMY,Bamiana,28.263124,79.329106,Uttar Pradesh,NER
BMZ,Bamour Gaon,26.348467,78.077861,Madhya Pradesh,NCR
BN,BIBINAGAR,17.470511,78.794355,,
BNA,BANNI KOPPA,15.406627,75.941809,Karnataka,SWR
BNAR,BINAUR,26.402727,80.178721,,
BNB,BANSTOLA,22.420974,87.06267,,
BNBH,BANI BIHAR,20.292611,85.852653,,
BNBR,BAHANAGA BAZAR,21.336134,86.761728,,
BNC,BANGALORE CANT,12.993673,77.599327,Karnataka,SWR
BNCE,BANGALORE EAST,13.00148,77.61847,Karnataka,SWR
BNCR,BANCHARI,27.953085,77.362553,,
BND,BHANDUP,19.14201,72.937235,,
BNDA,BANDA JN,25.477677,80.336246,Uttar Pradesh,NCR
BNDI,Barundini,25.173406,74.930101,Rajasthan,WCR
BNDM,BONDAMUNDA,22.235517,84.925058,,
BNDN,BHANDANA,26.878914,76.252474,,
BNDP,BUNIADPUR,25.386267,88.402088,,
BNE,BOHANI,22.913748,78.915977,Madhya Pradesh,WCR
BNF,BANDHUA,24.751974,85.0662,,
BNG,Barnagar,23.030412,75.611121,Madhya Pradesh,WR
BNGL,BHANGALA,32.019515,75.612313,Punjab,NR
BNGM,BANGURGRAM HALT,26.140112,74.348247,,
BNGN,BONGAIGAON,26.478293,90.560548,,
BNGO,BINGAON,23.166688,85.165814,,
BNGY,BAHMAN JYOTIA,26.966264,82.427355,,
BNH,BHIMNATH,22.245963,71.92503,Gujarat,WR
BNHL,Bellenahalli,14.243859,76.554391,Karnataka,SWR
BNHR,Banbihari Gwalipur,20.339027,86.205033,Orissa,ECoR
BNI,BUDNI,22.787114,77.681283,,
BNJL,BINJHOL HALT,29.344605,76.923781,Haryana,NR
BNJN,BINJANA,22.931198,75.986802,,
BNK,BANASANKARAI HA,13.265608,76.52306,Karnataka,SWR
BNKA,Bankim Nagar,23.209059,88.591909,West Bengal,ER
BNKH,BHAIRANAYAKANAH,13.194258,77.383393,Karnataka,SWR
BNKI,Banmankhi Junction,25.885092,87.193664,Bihar,ECR
BNKJ,BANKE GANJ,28.158478,80.416286,Uttar Pradesh,NER
BNL,BEVINAHALU,15.166974,77.21299,Andhra Pradesh,SCR
BNLS,Bangi Nihal Singh,30.008326,74.955285,,
BNLW,BANSTHALI NIWAI,26.383928,75.93511,,
BNLY,BHANUPLI,31.299081,76.420352,,
BNM,BARAGAON,26.755374,81.847028,,
BNN,BARNALA,30.370397,75.549247,Punjab,NR
BNNR,BHINDAR,24.528647,74.179638,,
BNO,BANAR,26.33951,73.146431,,
BNOD,Benoda,21.449663,78.180007,,
BNP,BHANAPUR,15.386948,76.036416,Karnataka,SWR
BNPT,BENNIPATTI PIRAPUR,25.892949,85.309048,,
BNQ,BANARHAT,26.797885,89.025682,West Bengal,NFR
BNQL,BHANKALA HALT,29.845591,77.474349,Uttar Pradesh,NR
BNR,BHAGWANPUR,25.858317,85.30109,,
BNRD,BALANGIR ROAD,20.715094,83.498557,,
BNS,BANAS,24.713164,72.988726,Rajasthan,NWR
BNSA,Banbasa,28.991685,80.07321,Uttarakhand,NER
BNSL,BANSINALA HALT,24.665292,85.161824,,
BNSP,BANSAPAHAR,25.055505,81.050022,Uttar Pradesh,WCR
BNSR,BHAGWANSAR,29.343806,73.859791,Rajasthan,NWR
BNT,BHARTHANA,26.750225,79.216361,,
BNTH,BANDHNATH,21.434145,70.356879,Gujarat,WR
BNTL,Bantawala,12.878545,75.034456,Karnataka,SWR
BNU,BANDAKPUR,23.848206,79.575956,,
BNV,BINNAGURI,26.747088,89.052391,West Bengal,NFR
BNVD,BHANVAD,21.933044,69.798858,Gujarat,WR
BNW,Bhiwani,28.798426,76.12558,Haryana,NWR
BNWC,Bhiwani City,28.825698,76.144299,Haryana,NWR
BNWD,Bhandewadi Halt,21.141189,79.159229,,
BNWS,BHANWASA,26.833302,75.21705,,
BNXR,BIDHAN NAGAR,22.592432,88.391045,,
BNY,Barhni,27.495795,82.791834,Uttar Pradesh,NER
BNZ,BADSHAHNAGAR,26.868613,80.961361,,
BO,Borsad,22.401548,72.909158,Gujarat,WR
BOBS,BOBAS,26.905636,75.498046,,
BOD,BANGROD,23.398216,75.124146,,
BOE,BARSOI JN,25.651242,87.922942,,
BOF,Barog,30.890853,77.08297,Himachal Pradesh,NR
BOG,BHAIRONGARH,23.144921,74.776064,,
BOI,BAINCHI,23.119124,88.196286,,
BOJ,BHOJO,27.063598,95.032406,Assam,NFR
BOK,BORKHEDI,20.860176,78.974448,,
BOKE,BHOKE,17.049055,73.381062,Maharashtra,KR
BOKO,BOKO,25.999791,91.219674,Assam,NFR
BOKR,BHOKAR,19.213965,77.666535,Maharashtra,SCR
BOM,BOMADRA,25.780294,73.439425,Rajasthan,NWR
BOMN,Bommagundanakere,14.59167,76.68023,Karnataka,SWR
BON,BHONRA,25.171061,76.197674,Rajasthan,WCR
BONA,BOINDA,20.920037,84.748206,,
BOP,BHOGPUR,22.401522,87.809079,,
BOR,BOISAR,19.798527,72.761899,Maharashtra,WR
BORA,Bagdogra,26.69777,88.324455,,
BOT,BOROTI,17.395019,76.253563,,
BOTI,Baori Thikria,27.414549,75.511335,Rajasthan,NWR
BOV,Bhatgaon,21.171626,81.712724,Chhattisgarh,SECR
BOW,BORAWAR,27.028307,74.669397,,
BOY,BHADOHI,25.395264,82.55836,,
BOZ,BOLARUM BAZAR,17.517848,78.515965,Andhra Pradesh,SCR
BP,BARRACKPORE,22.761065,88.371428,,
BPA,BELAMPALLI,19.053689,79.486337,,
BPAE,BEGUMPUR,22.737627,88.255644,,
BPB,BADARPUR JN,24.865177,92.556323,Assam,NFR
BPC,Berhampore Court,24.089084,88.263642,West Bengal,ER
BPD,Bahadurpur,23.438519,88.463379,West Bengal,ER
BPE,BENAPUR,22.271352,87.376241,,
BPF,BANAPURA,22.470358,77.480732,Madhya Pradesh,WCR
BPG,BADURPUR GHAT,24.872902,92.581099,Assam,NFR
BPGR,Benipurgram Halt,26.317241,85.481349,,
BPH,BELPAHAR,21.827212,83.849076,,
BPHB,BHILAI POWER HOUSE,21.208119,81.375901,,
BPK,BHUGAON,20.673819,78.670003,,
BPKA,BHOPALKA,22.12278,69.368741,Gujarat,WR
BPL,BHOPAL JN,23.266884,77.413143,,
BPM,BAGPAT ROAD,28.957503,77.272589,Uttar Pradesh,NR
BPN,Banpur,23.451869,88.761855,West Bengal,ER
BPO,Baripada,21.922741,86.73709,Orissa,SER
BPP,BAPATLA,15.908614,80.468425,,
BPQ,BALHARSHAH,19.849017,79.348586,,
BPR,BHOJIPURA JN,28.493983,79.44724,Uttar Pradesh,NER
BPRA,BARIPURA,25.340728,79.943488,Uttar Pradesh,NCR
BPRD,BARPETA ROAD,26.502847,90.963965,,
BPRH,Balpur Halt,22.115136,82.694138,Chhattisgarh,SECR
BPRS,BHOGPUR SIRWAL,31.556594,75.645223,Punjab,NR
BPS,BANPAS,23.400731,87.747251,,
BPU,BHAUPUR,26.468115,80.12429,,
BPW,BURHPURA,25.211179,78.42955,,
BPY,BADAMPUDI,16.828104,81.473751,,
BPZ,BAZPUR,29.1579,79.146383,Uttarakhand,NER
BPZA,BHARATHAPUZHA H,10.758914,76.290829,,
BQA,BANKURA,23.224387,87.074688,West Bengal,SER
BQE,BAKANIAN BHAUNR,23.261737,77.252499,,
BQF,BARAHMUAFI,25.039892,81.009932,Uttar Pradesh,WCR
BQG,Bhagwangola,24.333178,88.309816,West Bengal,ER
BQH,Bhanohad Punjab,30.851738,75.709706,Punjab,NR
BQI,BOMMIDI,11.984698,78.246281,,
BQM,Barelipur,22.051583,78.407732,Madhya Pradesh,CR
BQN,BAGRI NAGAR,25.895725,73.787801,Rajasthan,NWR
BQP,Bighapur,26.355147,80.693454,Uttar Pradesh,NR
BQQ,BAKHLETA,23.846381,79.96972,,
BQR,BHILAI NAGAR,21.201338,81.334345,,
BQT,BAKTAR NAGAR,23.589945,87.156899,,
BQU,Bhattiprolu,16.105632,80.787953,Andhra Pradesh,SCR
BQW,BARAKALAN,25.491516,83.849493,,
BQY,BELERHAT,23.519307,88.282917,West Bengal,ER
BQZ,BALLALPUR,24.747459,87.912243,West Bengal,ER
BR,BANDH BARETA,26.910367,77.364108,Rajasthan,NCR
BRAG,BARANG,20.400699,85.832573,,
BRAM,BALARAMAPURAM,8.430107,77.051321,Kerala,SR
BRB,BORIBIAL,18.407765,74.648808,,
BRBD,BORABANDA,17.459226,78.40786,,
BRBL,Birahalli,12.667132,76.385196,Karnataka,SWR
BRBR,BARBERA,22.575562,84.869421,,
BRBS,BIRBANS,22.793975,86.013939,,
BRC,VADODARA JN,22.310756,73.181065,,
BRCK,BARUACHAK,27.122672,82.055181,,
BRD,BHANDARA ROAD,21.238512,79.647523,,
BRDB,Barda,22.152958,88.08753,West Bengal,SER
BRDH,Bardhana Halt,22.136015,78.799478,,
BRDT,BERIA DAULAT,29.13221,79.210042,Uttarakhand,NER
BRDV,Baradev,26.701779,80.411929,Uttar Pradesh,NR
BRE,BHARWARI,25.559192,81.491867,,
BRG,BARGARH,25.16427,81.450058,Uttar Pradesh,NCR
BRGA,BARGARH ROAD,21.332903,83.642586,,
BRGJ,BARGAON GUJAR,21.784918,76.356229,,
BRGL,BURGULA HALT,16.993515,78.205223,,
BRGM,Baraigram Junction,24.684059,92.344106,Assam,NFR
BRGP,BAJRANGPURA,22.838744,71.740065,,
BRGT,BHERAGHAT,23.169766,79.797879,Madhya Pradesh,WCR
BRGW,BARGAWAN,24.197002,82.455989,Madhya Pradesh,WCR
BRGY,VADODARA D CABIN,22.344458,73.159087,,
BRGZ,VADODARA E CABIN,22.363671,73.159395,,
BRH,BAIKUNTHPUR RD,23.317286,82.529884,Chhattisgarh,SECR
BRHD,BABA RAGHUNI HALT DWARIKA,25.760047,86.596798,,
BRHL,BARYAL HIMACHAL,32.025465,76.100072,Himachal Pradesh,NR
BRHU,BARAHU,26.120433,92.139512,Assam,NFR
BRI,BHIRINGI,22.227752,76.941024,Madhya Pradesh,WCR
BRIH,Bairi Halt,25.158612,84.211322,,
BRJ,Brace Bridge,22.517861,88.301496,West Bengal,ER
BRJN,BRAJRAJNAGAR,21.822718,83.923653,,
BRK,Bahraich,27.581536,81.607518,Uttar Pradesh,NER
BRKA,BARKAKANA,23.624159,85.469553,,
BRKB,BHARATKHAND HALT,25.400254,86.805753,,
BRKD,BHARATKHAND HALT,25.400724,86.806223,,
BRKH,Bisapur Kalan Halt,21.914681,78.923701,Madhya Pradesh,SECR
BRKP,BARKIPONA,23.568766,85.646476,,
BRKY,BORAKI,28.507908,77.563617,,
BRL,BARWALA ROAD,22.902131,70.714894,,
BRLA,BRAYLA CHAURASI,23.555683,75.092761,Madhya Pradesh,WR
BRLF,BAR LANGFER S,25.755626,93.225136,Assam,NFR
BRLI,Barauli,26.552056,77.424988,Uttar Pradesh,NCR
BRLY,BIROLIYA,25.170546,73.192517,Rajasthan,NWR
BRM,BARABAMBO,22.701697,85.72903,,
BRMD,BIRAMDIH,23.045784,86.19921,,
BRMI,BRAHMANI PH,20.862952,86.05621,,
BRMO,BERMO,23.772498,85.955893,,ECR
BRMP,Biramitrapur,22.397131,84.736958,Orissa,SER
BRMR,BHARMAR,32.167399,75.954299,Himachal Pradesh,NR
BRMT,Baramati,18.153677,74.578197,Maharashtra,CR
BRMX,Barmi,27.489413,80.560821,Uttar Pradesh,NR
BRN,BARHAN,27.32891,78.192317,,
BRNA,BERAWANYA,23.465606,75.334122,,
BRND,BORIDAND,23.267799,82.178765,Madhya Pradesh,SECR
BRNR,BARUANAGAR,27.143953,95.233638,Assam,NFR
BROR,BERORE,29.200034,73.300793,,
BRP,Baruipur Junction,22.366658,88.431647,West Bengal,ER
BRPA,BARUIPARA,22.766787,88.237381,,
BRPK,Bisharpara Kodaliya,22.676284,88.434731,West Bengal,ER
BRPL,BARPALI,21.183638,83.594876,,
BRPT,BIRAPATTI,25.398913,82.917265,,
BRQ,BAGRAKOT,26.870632,88.585962,West Bengal,NFR
BRR,BARAKAR,23.741683,86.818859,,
BRRD,BORDI ROAD,20.122424,72.766138,Gujarat,WR
BRRG,BIYAVRA RAJGARH,23.93591,76.907007,,
BRRI,Birari,24.731311,78.506997,,
BRRZ,Barara Buzurg,26.052652,81.084138,,
BRS,BIRSINGHPUR,23.367212,81.043353,,
BRSA,Barwa Kalan,27.391266,83.408343,,
BRSQ,BRAR SQUARE,28.613526,77.14079,Delhi NCT,NR
BRST,BIR PURUSHOTTAMPUR,19.9904,85.806351,,
BRTA,BARTARA,27.837593,80.007541,,
BRTG,BARITHENGARH,20.656969,86.059671,,
BRTK,BHORTEX,21.102508,74.995996,,
BRU,BHAIROGANJ,27.151418,84.242397,Bihar,ECR
BRUD,BARUD,22.052142,76.814085,Madhya Pradesh,WCR
BRVR,Borvihir,20.784326,74.841741,Maharashtra,CR
BRW,Bariwala,30.53258,74.658953,Punjab,NR
BRWD,BARWADIH JN,23.843836,84.11878,,
BRWH,BAHERWA HALT,25.251877,82.792289,,
BRY,BAREILLY,28.337284,79.410974,Uttar Pradesh,NER
BRYA,BARHIYA,25.283203,86.015077,,
BRZ,BARETA,29.859334,75.692403,Punjab,NR
BRZR,BARARI BAZAR,25.490064,87.35532,,
BS,Banisar,28.067563,73.895488,Rajasthan,NWR
BSA,BHAINSA,27.391523,77.673452,,
BSAE,BANSH BARIA,22.957288,88.395641,West Bengal,ER
BSB,VARANASI JN,25.327281,82.986468,,
BSBN,BHUSAWAL B CABIN,21.049919,75.822458,,
BSBP,BIR SHIBPUR,22.473359,88.053112,,
BSBR,BANSHLAI BRIDGE,24.502611,87.862439,,
BSBY,VARANASI YARD,25.325212,82.9752,,
BSC,Bulandshahr,28.391919,77.848242,Uttar Pradesh,NR
BSCK,BASUCHAK,25.531408,83.348223,Uttar Pradesh,NER
BSCN,BHUSAWAL C CABIN,21.046545,75.821624,,
BSCP,BASKATWA B. H.,24.547613,85.366148,,
BSD,Basuldanga,22.203748,88.233939,West Bengal,ER
BSDA,BANIYA SANDA DHORA,25.86023,71.668563,Rajasthan,NWR
BSDL,BHARSENDI,24.036488,82.06039,Madhya Pradesh,WCR
BSDP,BHUSANDPUR,19.951793,85.476483,,
BSDR,Bansadhara Halt,18.970276,83.822754,Andhra Pradesh,ECoR
BSE,BADSHAHPUR,25.652268,82.190552,,
BSGD,BAIS GODAM,26.901994,75.789848,,
BSGN,BASUGAON,26.460164,90.42015,,
BSGR,Bhagsar,30.452385,74.401977,Punjab,NR
BSHT,Basirhat,22.650516,88.86896,West Bengal,ER
BSI,BASBARI,26.184354,89.900353,Assam,NFR
BSJ,Bhupalsagar,24.847762,74.211613,Rajasthan,NWR
BSKH,Basukinath,24.388941,87.045099,Jharkhand,ER
BSKN,Bhesana Manknaj,23.498757,72.331209,Gujarat,WR
BSKO,BANSKHO,26.856115,76.142206,,
BSKR,BASI KIRATPUR,29.497228,78.213283,Uttar Pradesh,NR
BSL,BHUSAVAL JN,21.047281,75.788672,,
BSLA,Bhasila,22.665494,88.658545,West Bengal,ER
BSLE,BATASPUR,23.880279,87.680681,,
BSM,BISANATTAM,12.842628,78.250316,,
BSN,BANASANDRA,13.265332,76.659317,Karnataka,SWR
BSP,BILASPUR JN,22.057473,82.167585,,
BSPD,BIASPIND,31.459179,75.632658,,
BSPH,BISHANPUR HARYANA,29.274012,76.323906,Haryana,NR
BSPK,BISPUR,22.37402,84.946407,,
BSPL,BASAMPALLE,14.311235,77.745963,,
BSPN,BASSI PATHANAM,30.688459,76.409669,,
BSPR,BISHRAMPUR,23.179178,82.98289,Chhattisgarh,SECR
BSPX,Banspani,22.000243,85.423412,Orissa,SER
BSQ,BARSI TAKLI,20.576054,77.060902,Maharashtra,SCR
BSQP,BANSIPUR,25.124513,86.14482,,
BSR,VASAI ROAD,19.382449,72.832222,Maharashtra,WR
BSRA,BASARHIA HALT,25.692105,85.810982,,
BSRL,BESROLI,26.990674,74.560725,,
BSRX,BAGEVADI RD,16.479869,75.828148,Karnataka,SWR
BSS,BAHADUR SINGH WALA,30.319025,75.858906,Punjab,NR
BSSL,Basi Beriasal,25.024084,74.764318,Rajasthan,WCR
BST,BASTI,26.815678,82.770059,,
BSTP,Basantapur,21.548768,85.67659,Orissa,ECoR
BSUR,Bisalpur,28.290516,79.812599,Uttar Pradesh,NER
BSW,Baneswar,26.388205,89.494466,West Bengal,NFR
BSWA,Baiswara,26.284843,80.834712,Uttar Pradesh,NR
BSWD,BHEMSWADI,21.485727,71.357286,,
BSX,BASAR,18.86512,77.938506,Andhra Pradesh,SCR
BSY,BARSATHI,25.564133,82.473946,Uttar Pradesh,NR
BSYA,BARKISALALYA,24.773978,84.178495,,
BSZ,Bharwa Sumerpur,25.825413,80.167419,Uttar Pradesh,NCR
BT,Barasat,22.72388,88.483483,West Bengal,ER
BTA,BIHTA,25.560949,84.874087,,
BTBR,BUTI BORI,20.918473,79.013629,,
BTC,Balaghat Junction,21.811629,80.199885,Madhya Pradesh,SECR
BTCN,Balaghat,21.811169,80.199425,,
BTD,BOTAD JN,22.182871,71.665597,Gujarat,WR
BTDF,BOTAD JN,22.182671,71.665397,,
BTDR,Batadrowa Road,26.466939,92.538085,Assam,NFR
BTE,BHARATPUR JN,27.237107,77.488613,,
BTF,BATHNAHA,26.341854,87.237767,,
BTG,BASHARATGANJ,28.288009,79.285196,Uttar Pradesh,NR
BTGH,Bettadnagenhali,14.17383,76.259335,Karnataka,SWR
BTH,BETTIAH,26.805885,84.522956,Bihar,ECR
BTHL,BITHAULI,25.817069,85.29179,,
BTI,BHATINDA JN,30.209488,74.932083,Punjab,NR
BTIB,BHATINDA B CABIN,30.150805,74.940231,,
BTIC,BHATINDA CANTT,30.19088,74.954044,Punjab,NR
BTJ,BISHNATHGANJ,25.801897,81.935379,Uttar Pradesh,NR
BTJL,BHATKAL,13.98866,74.565559,Karnataka,KR
BTK,BANKATA,26.265917,84.09492,,
BTKB,Bathna Krittibas Halt,23.236314,88.482669,West Bengal,ER
BTKD,BHARATKUND,26.636097,82.127393,Uttar Pradesh,NR
BTKL,Bhatkal,13.987012,74.567302,Karnataka,KR
BTKP,BHARAT KUP,25.217166,80.767679,Uttar Pradesh,NCR
BTL,BORTALAO,21.218301,80.626207,,
BTM,Battulapuram,13.747595,78.305802,Andhra Pradesh,SCR
BTNR,BHARTNAGAR,17.4614,78.428193,,
BTO,BHITAURA,28.469954,79.306506,,
BTP,BABATPUR,25.453616,82.880025,,
BTPD,Bethampurdi,17.543986,80.573657,Andhra Pradesh,SCR
BTPG,Betheria Ghola,22.350122,88.573321,West Bengal,ER
BTPH,CHAKIA THERMAL HALT,25.401264,86.016243,,
BTQ,Betnoti,21.74134,86.843519,Orissa,SER
BTR,BUTARI,31.556444,75.183274,,
BTRA,BANTHRA,27.929239,79.82818,,
BTRI,Bitrol,27.984069,78.92398,Uttar Pradesh,NER
BTRO,BASTOI HALT,27.66742,78.285451,,
BTS,BASTA,21.702924,87.063783,,
BTSD,BHATISUDA,23.392187,75.421478,,
BTSI,Batasi,26.606703,88.175047,,
BTSR,BHUTESHWAR,27.50137,77.66784,,
BTT,BHATNI JN,26.381257,83.934035,,
BTTN,BHATIAN,31.071444,75.780007,,
BTTR,BITRAGUNTA,14.768585,79.983146,,
BTU,BARAUT,29.09692,77.273006,Uttar Pradesh,NR
BTV,BAITARANI ROAD,20.986996,86.235393,,
BTVA,BATUVA,18.343087,83.624096,,
BTW,BARSI TOWN,18.240993,75.718169,Maharashtra,CR
BTWN,BETWA CABIN,23.509201,77.787463,,
BTX,BELA TAL,25.276786,79.554482,Uttar Pradesh,NCR
BTY,Bethuadahari,23.610275,88.384597,West Bengal,ER
BTYA,Bhatariya,23.438252,72.274465,,
BTZ,BALIMARA,27.236868,95.333576,Assam,NFR
BU,BASWA,27.149686,76.575644,Haryana,NWR
BUA,BARADWAR,22.011725,82.813724,,
BUB,Bissau,28.240101,75.061208,Rajasthan,NWR
BUBR,BHUTAKIA BHIMSA,23.53354,70.908462,,
BUBT,BURAHA BHARTHA,27.108219,78.670329,Uttar Pradesh,NCR
BUD,BADLAPUR,19.166388,73.23905,,
BUDA,BHUDA,27.128986,76.814538,,
BUDI,Bundi,25.407922,75.650699,Rajasthan,WCR
BUDM,BADMAL,20.3849,83.271149,,
BUDR,BAUDPUR,21.063446,86.462904,,
BUE,BARUNA,25.569781,84.089172,,
BUF,Bimlagarh Junction,21.964332,85.017326,Orissa,SER
BUG,BAGAHA,27.130045,84.066991,Bihar,ECR
BUGL,Buglanwali,29.791751,74.238973,Rajasthan,NWR
BUGN,BHURJIHA BARAGN,27.638101,80.726312,,
BUGY,Bugia Halt,29.38048,73.608155,,
BUH,BURHAR,23.213204,81.528406,,
BUI,BALLIA,25.76057,84.15312,,
BUJ,BARAUNI FLAG,25.473591,85.965078,,
BUL,BHALULATA,22.266491,85.060382,,
BUM,BOMMASAMUDRAM,13.044566,79.176067,,
BUP,BARIARPUR,25.281029,86.574037,,
BUPH,BABUPETH,19.923131,79.313027,,
BUQ,Bargi,22.995933,79.875125,Madhya Pradesh,SECR
BUR,BINDAURA,27.021023,81.325203,,
BURA,Bahuara,25.89687,84.783481,,
BURN,BURNPUR,23.671914,86.938623,West Bengal,SER
BUS,BADAUSA,25.248423,80.651011,Uttar Pradesh,NCR
BUT,BAYTU,25.897538,71.76868,Rajasthan,NWR
BUTA,BHADUTALA,22.485657,87.3208,West Bengal,SER
BUU,BHADANPUR,24.16808,80.679777,Madhya Pradesh,WCR
BUW,BURHWAL,27.087081,81.39016,,
BUX,BHANDAK,20.084262,79.112528,,
BV,BABHNAN,26.938525,82.500127,,
BVA,BAURIA JN,22.503591,88.163522,,
BVB,BHADBHADAGHAT,23.375165,77.535282,,
BVC,BHAVNAGAR TERMINUS,21.781668,72.141059,Gujarat,WR
BVH,BALLABGARH,28.340861,77.312776,,
BVI,BORIVALI,19.228739,72.856412,Maharashtra,WR
BVL,BIKKAVOLU,16.969317,82.031148,,
BVM,BAYYAVARAM,17.660147,82.930592,,
BVN,BISWAN,27.489483,80.990464,,
BVNR,BHAVANI NAGAR,17.156895,74.312946,Maharashtra,CR
BVO,BOGOLU,15.473393,77.914295,,
BVP,BHAVANAGAR PARA,21.77089,72.118682,Gujarat,WR
BVQ,BHILAVDI,17.008048,74.516781,Maharashtra,CR
BVR,BANAVAR,13.395699,76.140054,Karnataka,SWR
BVRM,Bhimavaram Junction,16.543097,81.538335,Andhra Pradesh,SCR
BVRT,BHIMAVARAM TOWN,16.547348,81.516853,Andhra Pradesh,SCR
BVS,BHIVPURI ROAD,18.970655,73.331324,,
BVW,Bahminiwala,30.54894,74.193132,Punjab,NR
BVZ,Naloi Barwa,28.963145,75.623857,,
BW,BIWAI,27.110623,76.696092,,
BWA,BHINWALIYA,25.559663,73.492481,Rajasthan,NWR
BWB,BAGWALI,30.033152,74.772519,Punjab,NWR
BWBN,Bewar Bhojan,28.547682,75.568341,,
BWC,Banwali,29.919979,74.029894,Rajasthan,NWR
BWD,BELVANDI,18.710718,74.621981,,
BWF,BUTEWALA,31.080357,74.896803,Punjab,NR
BWH,BHADAURA,25.450425,83.738354,,
BWI,BILWAI,26.158966,82.665181,,
BWIP,Bhawanipatna,19.93393,83.158398,,
BWK,Bawani Khera,28.939509,76.032707,Haryana,NWR
BWL,BAWAL,28.070281,76.572402,Haryana,NWR
BWM,BHAWANI MANDI,24.419472,75.82981,,
BWN,BARDDHAMAN JN,23.249718,87.870281,,
BWO,Buramara,22.107567,86.650295,,
BWP,Bhawanipur Kalan,27.415623,82.161102,Uttar Pradesh,NER
BWPB,BHAWANIPUR BIHAR,25.594616,87.867751,,
BWPL,Balwant Pura Chelasi,27.910471,75.443287,Rajasthan,NWR
BWR,BARWA SAGAR,25.351848,78.731628,Uttar Pradesh,NCR
BWRA,BHARATWADA,21.231695,79.017108,,
BWS,BADWASI,27.311355,73.663015,,
BWSN,BIJWASAN,28.5367,77.051292,Delhi NCT,NR
BWT,BANGARAPET,12.984808,78.178188,,
BWV,Bhiwapur,20.769257,79.511487,Maharashtra,SECR
BWW,Barwaha,22.255446,76.030262,Madhya Pradesh,WR
BWX,BAHMAN DIWANA,30.225526,74.849153,Punjab,NR
BWZ,Baddowal,30.862117,75.742678,Punjab,NR
BXA,Balod,20.740984,81.205261,Chhattisgarh,SECR
BXB,Banga,31.177139,75.999562,Punjab,NR
BXC,Barwala,29.367534,75.887031,Haryana,NR
BXF,Barsuan,21.847398,85.119799,Odisha,SER
BXG,Bhanga,24.857347,92.457351,Assam,NFR
BXHT,Boxirhat,26.307287,89.751593,,
BXJ,BOKAJAN,26.018426,93.779466,Assam,NFR
BXK,BANDARKHAL,25.069785,92.800717,Assam,NFR
BXL,BHEDUASOL,23.194364,87.135173,West Bengal,SER
BXLL,BILLI,24.453381,83.011944,Uttar Pradesh,ECR
BXM,BELRAYAN,28.379381,80.915268,Uttar Pradesh,NER
BXN,BAYANA JN,26.916354,77.297131,Rajasthan,WCR
BXP,BARPATHAR,26.274562,93.899672,Assam,NFR
BXQ,BRUNDAMAL,21.806503,84.016216,,
BXR,BUXAR,25.562067,83.982184,,
BXS,PICHCHANDARKOVL,10.881112,78.720236,,
BXT,Bamanhat,26.076284,89.627978,West Bengal,NFR
BXY,Bordhal,21.997011,78.348164,Madhya Pradesh,CR
BY,BYCULLA,18.97695,72.833211,Maharashtra,CR
BYC,BELLARY CANT,15.150286,76.894505,Karnataka,SWR
BYD,BYADGI,14.699723,75.490095,Karnataka,SWR
BYE,BANSI BOHERA,24.363233,74.388674,,
BYH,BHITI,25.333548,82.261348,Uttar Pradesh,NER
BYHA,BARYA RAM,25.566931,82.226592,Uttar Pradesh,NR
BYL,BELHA,21.961973,82.077189,,
BYN,BANAHI,25.561301,84.389916,,
BYNR,MOOKAMBIKA ROAD,13.87259,74.63279,Karnataka,KR
BYO,BAYALUVADDIGERI,15.230476,76.533248,,
BYP,Baijnathpur,25.901014,86.653766,Bihar,ECR
BYPA,Baiyyappanahalli,12.9912,77.651853,,
BYPL,BAIYYAPPANAHALI,12.990198,77.650886,,
BYPY,BAIYYAPPANAHALLI YARD CABIN,13.006731,77.62558,,
BYQ,Bahai,26.122334,81.01528,,
BYR,BHAYANDAR,19.311766,72.853039,Maharashtra,WR
BYS,BARSALI,21.909813,78.031361,,
BYSA,Basulyasutahata,22.120301,88.130563,West Bengal,SER
BYT,BHATAPARA,21.732464,81.946062,,
BYXA,BETGARA,26.612665,88.885559,,
BYY,BYREE,20.628257,86.034947,,
BZ,BHARUR,30.165007,75.81561,Punjab,NR
BZA,VIJAYAWADA JN,16.518262,80.618648,,
BZB,BARRA BAZAR,22.590907,88.351803,,
BZE,BASERIA,23.786754,86.381653,,
BZG,Bilga,31.058267,75.666841,Punjab,NR
BZGT,Bazurghat,24.607593,92.383418,Assam,NFR
BZJT,BAZIDA JATAN,29.613391,76.965812,,
BZK,BHAINI KHURD,29.751544,76.955362,,
BZL,BELANAGAR,22.661605,88.318224,,
BZLE,BAZARSAU,23.875793,88.182879,West Bengal,ER
BZM,BHIMSEN,26.419754,80.218145,,
BZN,BAGNAN,22.462515,87.970711,,
BZO,BARSOLA,29.394379,76.231711,Haryana,NR
BZR,BISRA,22.248412,84.998591,,
BZS,BANSJORA,23.789931,86.354545,,
BZU,BETUL,21.896393,77.905897,,
BZY,BASAI,25.142923,78.394254,,
CAA,CHAKIA,26.417182,85.04636,Bihar,ECR
CABN,BHILAI CABIN,21.236052,81.499084,,
CAER,CHHANERA,21.963965,76.707775,Madhya Pradesh,WCR
CAF,Chanda Fort,19.940061,79.312258,Maharashtra,SECR
CAG,CHHABRA GUGOR,24.680339,76.850989,Rajasthan,WCR
CAI,CHANPATIA,26.94163,84.530639,Bihar,ECR
CAJ,CHAKRAJ MAL,29.249784,78.536047,,
CAM,CHHOTA AMBANA,23.762753,86.574613,,
CAMU,CHAMUA,27.137702,84.400834,Bihar,ECR
CAN,KANNUR,11.870694,75.368327,Kerala,SR
CAO,CHAURADANO,26.850492,85.017677,,
CAP,CHATRAPUR,19.358957,84.973273,,
CAPA,Chhapra Jn,25.787896,84.724365,,
CAPC,CHATRAPUR COURT,19.358941,84.982543,,
CAPE,KANYAKUMARI,8.088028,77.542504,Tamil Nadu,SR
CAR,CHUNAR,25.103351,82.874703,,
CAS,CHAS ROAD,23.415513,86.225425,,
CASA,CHHANSARA,23.767566,71.276337,,
CAT,CHATTAR HAT,26.548827,88.323376,,
CATA,CHHATA ASCHAURA,25.824617,84.253936,,
CATD,Chataud,21.015051,81.73716,,SECR
CAZ,CHAUHANI,23.332144,76.264491,,
CBE,COIMBATORE JN,10.997639,76.966298,,
CBF,COIMBATORE NORTH,11.019937,76.954304,,
CBG,Charbhuja Road,25.352228,73.946241,Rajasthan,NWR
CBH,CHAUBE,24.237295,85.816024,,
CBJ,CLUTTER BUCK GANJ,28.396895,79.371946,,
CBK,CHACHAURA BINAGANJ,24.178144,77.016603,,
CBM,CUMBUM,15.592947,79.110832,,
CBN,CHIT BARAGAON,25.744109,84.00154,Uttar Pradesh,NER
CBP,Chik Ballapur,13.431315,77.73254,Karnataka,SWR
CBR,CHAUBEPUR,26.598928,80.211424,,
CBSA,Chaibasa,22.560494,85.812342,Jharkhand,SER
CBT,CHARBATIA,20.569384,85.911331,,
CBU,Chinna Babu Samudram,11.919465,79.686417,Tamil Nadu,SR
CBX,CHAND BHAN,30.445148,74.880021,Punjab,NR
CBZ,Churaibari,24.433621,92.241248,Tripura,NFR
CC,CHAURI CHAURA,26.673882,83.545894,,
CCA,CHIGICHERLA,14.517474,77.683488,,
CCAB,BMY C CABIN,21.209789,81.443063,,
CCBG,Chicholi Buzurg,20.613113,79.912753,,
CCD,CHICHONDA,21.709709,78.352032,,
CCH,CHINCHVAD,18.638903,73.791392,,
CCI,Chinnekuntapali,14.442788,77.842056,Andhra Pradesh,SCR
CCK,CHICHAKI,24.053225,85.991727,,
CCL,CHANCHELAV,22.795825,73.714339,,
CCLW,CCLINK-WEST,22.657411,88.305512,,
CCO,Chicholi,21.458741,79.702691,,
CCP,Chhuchhapura Junction,22.214729,73.594519,Gujarat,WR
CCRL,CC RLY LINK CAB,22.652855,88.315286,,
CCT,KAKINADA TOWN,16.96701,82.232922,Andhra Pradesh,SCR
CD,CHANDRAPUR,19.960126,79.300505,,
CDA,CHUDA,22.495211,71.750098,Gujarat,WR
CDAE,CHANDANPUR,22.8813,88.176177,,
CDB,CHAUDHRIBANDH,24.111853,85.946446,,
CDBN,CHEDHABANNI HALT,25.491824,86.597197,,
CDD,Chandod,21.991957,73.452182,Gujarat,WR
CDG,CHANDIGARH,30.701977,76.82208,Chandigarh,NR
CDGR,CHANDRAKONA RD,22.739076,87.340588,West Bengal,SER
CDH,Chakdaha,23.078406,88.529672,West Bengal,ER
CDI,CHANDNI,21.427164,76.350657,Madhya Pradesh,CR
CDK,CHANDKHERA ROAD,23.111868,72.563224,Gujarat,WR
CDL,CHODIALA,29.896398,77.738546,,
CDM,CHIDAMBARAM,11.391471,79.703341,Tamil Nadu,SR
CDMR,CHANDAULI MJHWR,25.261093,83.267724,,
CDNR,CHANDANAGAR,17.487697,78.333575,,
CDQ,CHADOTAR,24.183947,72.372511,Gujarat,WR
CDRA,CHANDERA,12.179818,75.168292,Kerala,SR
CDRL,CHHANDRAULI,26.699202,81.23044,,
CDS,CHANDISAR,24.206491,72.312816,Gujarat,WR
CDSL,CHANDRESAL,25.212948,75.943986,Rajasthan,WCR
CE,CHHARODI,23.049124,72.250919,,
CEL,CHEBROL,16.819948,81.396533,,
CEM,CHEEKATEEGALPLM,16.011698,79.682842,,
CEME,CHEGRO,24.084249,85.964766,,
CEU,CHIHERU,31.262695,75.706691,,
CFG,CHAKITING,26.561675,94.095655,Assam,NFR
CG,Canning,22.313264,88.667458,West Bengal,ER
CGA,CHENGEL,22.486845,88.13891,,
CGE,Charghat Pipari,23.037538,79.922584,,
CGF,CHARALI,27.449666,95.350951,Assam,NFR
CGH,CHOLANG,31.61726,75.639894,Punjab,NR
CGHD,CHINNADAGUDI,12.084594,76.732445,Karnataka,SWR
CGI,CHANDRAGIRI,13.61173,79.312215,,
CGKP,CHANDAGIRIKOPAL,12.478702,76.716049,Karnataka,SWR
CGKR,CHANDAGIRIKOPAL,12.485167,76.730177,Karnataka,?
CGL,CHENGALPATTU,12.692864,79.981519,,
CGLA,Changotola,22.229946,80.118789,,?
CGN,CHIRGAON,25.575053,78.805761,,
CGO,CHHIDGAON,22.406953,77.314105,Madhya Pradesh,WCR
CGON,CHAYGAON,26.064069,91.395251,Assam,NFR
CGR,CHANDAN NAGAR,22.86747,88.354421,,
CGS,CHANGSARI,26.256204,91.693023,,
CGTA,CHEGUNTA,16.485361,77.30225,,
CGV,CHINGAVANAM,9.537757,76.525885,,
CGX,Chargola,24.845884,92.416794,Assam,NFR
CGY,CHANGANASERI,9.449881,76.548414,,
CH,CHANDAUSI JN,28.458626,78.780268,Uttar Pradesh,NR
CHA,CHAWAPALL,30.759463,76.127465,,
CHAF,Chaf Halt,26.82851,84.093969,,
CHAH,CHAILAHA HALT,26.674812,84.894647,,
CHAR,CHARMAL,21.095391,84.204417,,
CHB,CHABUA,27.481421,95.172058,Assam,NFR
CHBN,Chandkhira Bagn,24.515852,92.287381,Assam,NFR
CHBR,CHAURE BAZAR,26.469531,82.118735,Uttar Pradesh,NR
CHBS,CHAUBISI,26.576807,81.433624,,
CHBT,CHAKARBHATHA,22.003082,82.112168,,
CHC,CHANCHAI,23.157905,88.025521,,
CHCR,CHACHER,21.241422,79.354918,,
CHD,CHANDIA ROAD,23.64544,80.701436,,
CHDA,CHANDA (HALT),26.063822,82.307543,,
CHDX,CHHADA,23.237624,81.471427,,
CHE,SRIKAKULAM ROAD,18.408679,83.903771,,
CHG,MUMBAI CHINCHPOKLI,18.986789,72.832659,Maharashtra,CR
CHH,CHAUKHANDI,25.339895,82.834834,,
CHHU,Chhanva,22.335577,86.194643,Orissa,SER
CHI,CHIPLUN,17.542507,73.522429,Maharashtra,KR
CHIB,CHIRAI BG,23.208801,70.242149,,
CHIT,CHITHARI HALT,25.228309,79.890762,,
CHJ,CHATA,27.711992,77.502978,,
CHJC,CHITODA,20.708474,78.62974,,
CHK,CHAKERI,26.38116,80.406546,,
CHKB,CHAKKI BANK,32.259653,75.636651,Punjab,NR
CHKE,Challakere,14.315154,76.660017,Karnataka,SWR
CHL,CHOLA,28.312165,77.729409,,
CHLK,CHAVALKHEDE,21.024084,75.352237,,
CHLR,CHHALESAR,27.212079,78.084141,,
CHM,CHALTHAN,21.157909,72.95617,,
CHN,Chhina,31.902255,75.271993,Punjab,NR
CHNH,Channi Halt,27.890152,73.016655,,
CHNN,CHANNANI,26.49509,75.920457,,
CHNR,CHHAN ARORIAN,32.461311,75.359045,Jammu and Kashmir,NR
CHOK,Chowk,18.902861,73.239613,,
CHP,CHHAPI,24.034518,72.400221,Gujarat,WR
CHPD,CHEPPAD HALT,9.232679,76.476742,Kerala,SR
CHPT,Chatrappatti,10.476971,77.655113,,
CHQ,CHOKA,22.864326,77.638968,,
CHR,CHILKAHAR,25.82699,83.965313,,
CHRA,CHHARRA,23.375747,86.422994,West Bengal,SER
CHRG,CHORGI,17.175077,75.869711,Karnataka,SWR
CHRM,Chirmiri,23.189485,82.349551,Chhattisgarh,SECR
CHRU,CHAMRUA,28.796206,79.138988,Uttarakhand,NER
CHSM,CHINNA SALEM,11.631062,78.873821,,
CHT,Champahati,22.402193,88.493624,West Bengal,ER
CHTI,CHANETI,28.308796,79.429166,,
CHTL,Churaru Takrala,31.597665,76.166445,,
CHTT,Chitta Halt,17.823439,77.537077,Uttar Pradesh,NCR
CHU,Champion,12.936251,78.262564,Karnataka,SWR
CHUA,Chourai,22.057632,79.246686,,
CHV,CHARVATTUR,12.213321,75.15435,Kerala,SR
CHWT,Chhaprawat,28.54197,77.799891,Uttar Pradesh,NR
CHZ,CHARLAPALLI,17.457672,78.605619,,
CI,CHHAPRA KACHERI,25.785987,84.747095,,
CIA,CHHEHARTA,31.621878,74.794278,Punjab,NR
CID,Chiraidongri,22.411418,80.287402,Madhya Pradesh,SECR
CIF,Chhapra Kacheri Jn.,25.786151,84.746619,,
CIH,Chilhia,27.35207,82.990864,Uttar Pradesh,NER
CII,CHETTIYAPATTI,10.575645,78.366232,,
CIK,CHIKSANA,27.199896,77.663925,,
CIL,CHILBILA JN,25.947331,82.004241,,
CIN,CHINTAKUNTA,14.7197,78.32388,,
CIP,Chichpalli,19.966168,79.443249,,
CIT,CHITALI,19.691392,74.623914,,
CIV,Chinnaravuru,16.224011,80.655843,Andhra Pradesh,SCR
CJ,KANCHIPURAM,12.848947,79.703149,Tamil Nadu,SR
CJA,CHONGAJAN,26.062329,93.818104,Assam,NFR
CJE,KANCHIPURAM EAST,12.841137,79.712044,Tamil Nadu,SR
CJL,CHAJLI,30.042986,75.812286,Punjab,NR
CJM,CHINNA GANJAM,15.689502,80.236773,,
CJN,CHHATNA,23.305386,86.975734,West Bengal,SER
CJQ,Champajharam,22.101526,84.904212,Orissa,SER
CJR,CHAMARAJ,22.735539,71.555883,Gujarat,WR
CJS,CHARAMULA KUSUM,19.020403,82.401044,Chhattisgarh,ECoR
CJW,CHAJAWA,25.008594,76.580569,Rajasthan,WCR
CK,CHIKSUGAR,16.336647,77.343832,,
CKA,Chak Pakhhewala,30.434234,74.19716,Punjab,NR
CKB,CHAUTH KA BARWARA,26.051333,76.149053,,
CKD,Charkhi Dadri,28.600799,76.279921,Haryana,NWR
CKDL,CHAKDAYALA,32.478914,75.304858,Jammu and Kashmir,NR
CKE,CHOKI SORATH,21.659142,70.525813,Gujarat,WR
CKG,CHOWKA GHAT,27.100002,81.449932,,
CKH,Chakand,24.890142,84.995494,Bihar,ECR
CKHS,Chikhale,18.97295,73.152541,,
CKI,CHALAKUDI,10.301797,76.321808,,
CKK,Chakarpur,28.951978,80.002313,Uttarakhand,NER
CKKD,CHARKHERA KHURD,21.938836,76.642615,,
CKKN,CHAK KALAN,32.083103,75.623498,Punjab,NR
CKLA,Chak Banwala,30.423043,74.133437,Punjab,NR
CKLT,CHAK KALI LAIT,28.874271,78.611771,,
CKM,Chauki Man,30.814886,75.565673,Punjab,NR
CKMI,Chhotaki Masaudhi Halt,25.330397,85.031751,,?
CKN,CHINTA KANI,17.126459,80.201337,Andhra Pradesh,SCR
CKNI,CHIKNI ROAD,20.325826,78.959217,,
CKOD,CHAKROD,23.353091,76.779717,,
CKP,CHAKRADHARPUR,22.678979,85.627771,,
CKR,CHIKODI ROAD,16.369048,74.769494,Karnataka,SWR
CKRD,CHAKMAKRAND,25.697532,85.27403,,
CKS,CHAKSU,26.592918,75.910778,,
CKSR,Chak Safaura Halt,28.211203,79.842478,Uttar Pradesh,NER
CKTD,CHITRAKUTDHAM KARWI,25.217611,80.922775,Uttar Pradesh,NCR
CKU,CHAKULIA,22.478149,86.721161,,
CKV,CHERUKUVADA,16.589672,81.421563,Andhra Pradesh,SCR
CKVD,Chikkandawadi,14.13792,76.202568,Karnataka,SWR
CKW,CHALKHOA,27.465663,94.959205,Assam,NFR
CKX,Chakur,18.487561,76.884028,Maharashtra,SCR
CKYD,CHAKRA ROAD,26.001213,83.672178,Uttar Pradesh,NER
CLA,KURLA JN,19.065221,72.879375,,
CLC,Chalala,21.415559,71.162242,Gujarat,WR
CLD,CHALSA JN,26.882215,88.798213,West Bengal,NFR
CLDB,CHANDLODIYA (B),23.094443,72.543267,,
CLDR,Chilikidara,21.243022,85.827112,Orissa,ECoR
CLDY,CHANDLODIYA,23.074516,72.543606,,
CLE,CHINTALPALLI,17.914856,79.701487,Andhra Pradesh,SCR
CLF,CHHULHA,23.106724,81.73707,,
CLG,KAHALGAON,25.262188,87.233752,,
CLHT,CHULHETA,23.945912,78.018483,,
CLI,CHALGERI,14.561403,75.73529,Karnataka,SWR
CLJ,COLONELGANJ,27.137698,81.694178,,
CLKA,CHILKA,19.686694,85.179914,,
CLKN,CHUCHELA KALAN,29.014596,78.272803,,
CLMD,CHULLIMADA,10.837165,76.801793,,
CLN,KOLLIDAM,11.332713,79.718347,Tamil Nadu,SR
CLO,CHILO,27.446624,73.525461,,
CLPE,CHALLAVARIPALLI,14.876728,78.034438,,
CLR,CASTLE ROCK,15.397879,74.334484,Karnataka,SWR
CLT,KOZHIKODE,11.246234,75.780407,Kerala,SR
CLU,Chilakalapudi,16.202721,81.162137,Andhra Pradesh,SCR
CLVR,CHILUVUR,16.379558,80.616908,,
CLW,Chilwariya,27.487001,81.698732,Uttar Pradesh,NER
CLX,CHIRALA,15.830755,80.353602,,
CM,Campierganj,27.05777,83.267384,Uttar Pradesh,NER
CMA,Cinnamara,26.715527,94.169432,Assam,NFR
CMC,CHEMANCHERI,11.405279,75.720039,Kerala,SR
CMDP,Chimidipalli,18.262764,83.076862,Andhra Pradesh,ECoR
CMGR,Chikkamanglur,13.303885,75.788776,,
CMJ,CHAMARAJAPURAM,12.29844,76.637861,Karnataka,SWR
CMMG,CHAMUNDA MARG,32.110941,76.421027,Himachal Pradesh,NR
CMNR,CHAMARAJANAGAR,11.934891,76.932807,Karnataka,SWR
CMP,CHROMEPET,12.951627,80.141157,,
CMR,CHAMROLA,27.393032,78.180143,,
CMU,CHAU MAHLA,23.948205,75.600861,,
CMW,Chima Pahad,17.516012,80.463656,Andhra Pradesh,SCR
CMX,CHAMAGRAM,24.821334,87.963345,,
CMY,Chintamani,13.410991,78.054565,,
CMZ,CHALAMA,15.422638,78.695312,,
CNA,CHANDERIYA,24.939558,74.629979,Rajasthan,WR
CNB,KANPUR CENTRAL,26.45424,80.350966,,
CNBI,CHANDARI,26.428098,80.360645,,
CNC,CHINCHLI,16.571697,74.855323,Karnataka,SWR
CND,CHANDUR,20.804519,77.982156,,
CNDB,Chandur Bazar,21.219451,77.741807,,
CNDM,Chandi Mandir,30.727071,76.886839,Chandigarh,NR
CNE,CHANDRANATHPUR,24.984962,92.716658,Assam,NFR
CNF,CHIANKI,23.973902,84.11566,,
CNGR,CHENGANNUR,9.319504,76.608271,,
CNH,CHAUNRAH,26.16506,79.782159,,
CNHL,CHINK HILL,18.099269,75.454685,Maharashtra,CR
CNI,CHANDIL JN,22.956014,86.072109,,
CNJ,CHANDER NAGAR,28.662871,77.331201,,
CNJO,JUHI OUTER CABIN,26.45319,80.32391,,
CNK,CHANDOK,29.576786,78.152782,,
CNKP,CHANAKYAPURI,28.591905,77.172004,Delhi NCT,NR
CNL,CHANDAWAL,25.946543,73.868815,Rajasthan,NWR
CNM,CHENGMARI,26.863247,89.004024,,
CNN,Chintaman Ganes,23.145849,75.741029,Madhya Pradesh,WR
CNO,CANCONA,15.006906,74.039454,Goa,KR
CNPI,Chandanpahari,24.404224,86.953082,Jharkhand,ER
CNPR,CHAINPUR,23.729821,85.582933,,ECR
CNR,CHANDAR,15.264834,74.047794,Goa,SWR
CNS,CHUCHURA,22.890191,88.3695,,
CNT,CONTAI ROAD,22.078584,87.33984,,
CNX,CHANDAUNA HALT,26.440884,85.723165,,
CNY,KOLANALLI,11.173277,77.861414,,
COA,Kakinada Port,16.955204,82.240057,Andhra Pradesh,SCR
COAC,Coac,16.964553,82.238213,,
COB,Cooch Behar,26.302968,89.66531,West Bengal,NFR
COD,Chhota Gudha,27.293803,75.599508,Rajasthan,NWR
COE,CHITROD,23.417869,70.655356,Gujarat,WR
COI,CHEOKI,25.379668,81.864916,,
COL,Coromandel,12.97518,78.257278,Karnataka,SWR
COM,Chomun Samod,27.158223,75.70272,Rajasthan,NWR
COO,CHHOTI ODAI,26.558703,76.805294,Rajasthan,WCR
COP,Kanpur M. G. Goods,26.45248,80.341969,,
COR,CHITTAURGARH,24.874341,74.623687,Rajasthan,WR
CORD,BILASPUR CHORD CABIN,22.082796,82.125212,,
CP,KOLKATA,22.566793,88.375198,,
CPA,KANPUR ANWARGANJ,26.456233,80.328444,,
CPB,KANPUR BRIDGE LEFT BANK,26.477461,80.379316,,
CPBH,CHIRAILA,24.863478,84.269003,,
CPD,CHINCHPADA,21.206379,73.939242,,
CPDR,CHHIPADOHAR,23.813333,84.202384,,
CPE,Chandiposi,22.068677,84.915988,Orissa,SER
CPH,CHAMPA,22.034731,82.665149,,
CPJ,KAPTANGANJ JN,26.926388,83.699907,Uttar Pradesh,NER
CPK,CHAPARMUKH JN,26.202272,92.511718,Assam,NFR
CPL,CHAKARLAPALLI,13.99779,77.583123,,
CPLE,CHINPAI,23.839677,87.460637,West Bengal,ER
CPM,CHOLAPURAM,9.35466,77.570867,,
CPN,CHAMPANER RD JN,22.541916,73.393378,,
CPNL,KANPUR C PANEL,26.453655,80.318069,,
CPP,CHIPURUPALLE,18.316259,83.569608,,
CPQ,CHAPRAKATA,26.492855,90.612025,,
CPR,CHHAPRA,25.78832,84.725004,,
CPS,CHANDPUR SIAU HALT,29.13201,78.275855,Uttar Pradesh,NR
CPT,CHANNAPATNA,12.659673,77.203824,Karnataka,SWR
CPU,CHOPAN,24.51403,83.025843,Uttar Pradesh,ECR
CPW,CHOTIPADOLI,20.000992,79.253005,,
CPY,CHAPRAMARI,22.600493,88.392204,,
CQA,Cherukara,10.929228,76.228119,Kerala,SR
CQL,CHIRAKKAL,11.911049,75.353696,Kerala,SR
CQR,Champapukur,22.656634,88.80796,West Bengal,ER
CQS,CAPPER QUARRY,11.694558,79.753666,Tamil Nadu,SR
CRAE,CHERAGRAM BH.,22.993969,88.126806,,
CRC,CHARKHARI ROAD,25.307556,79.745653,Uttar Pradesh,NCR
CRD,MUMBAI CURREY ROAD,18.9937,72.83266,Maharashtra,CR
CRE,Charghat Piparia,23.044097,79.929889,Madhya Pradesh,SECR
CRG,CHURAMAN NAGRI,27.40119,77.61767,Rajasthan,WCR
CRJ,CHITTARANJAN,23.857138,86.878036,,
CRK,CHARKHERA,22.367273,77.171177,Madhya Pradesh,WCR
CRKR,CHAURAKHERI,24.567234,77.122019,Rajasthan,WCR
CRL,Choral,22.450677,75.944135,Madhya Pradesh,WR
CRLM,Carmelaram,12.907633,77.706014,Karnataka,SWR
CRN,Charegaon,22.042038,80.140115,Madhya Pradesh,SECR
CROA,CHAUTARA,26.402242,90.085729,,
CRP,CHANDRAPURA,23.755676,86.119775,,
CRPM,CHANDRAMPALEM,17.08541,82.22311,,
CRQ,Charpokhari Halt,25.361516,84.487603,Bihar,ECR
CRR,KARAGOLA ROAD,25.500007,87.377827,,
CRU,CHUDAWA,19.180328,77.11693,Maharashtra,SCR
CRV,CHUREB,26.782155,82.977636,,
CRW,Charaud,29.009458,75.646663,Haryana,NWR
CRWA,Chirawa,28.223341,75.650685,Rajasthan,NWR
CRX,CARRON,26.880279,88.9704,West Bengal,NFR
CRY,CHIRAYINKIL,8.658338,76.78537,,
CRZ,CARANZOL,15.360749,74.306198,,
CS,KANNUR SOUTH,11.866899,75.400253,Kerala,SR
CSA,CHAUSA,25.498491,83.896331,,
CSB,SHIVAJI BRIDGE,28.634101,77.226612,,
CSDR,CHANNASANDRA,13.010941,77.662971,Karnataka,SWR
CSM,CANSAULIM,15.344532,73.897226,Goa,SWR
CSMA,Chanasma Junction,23.710492,72.111883,Gujarat,WR
CSN,CHALISGAON JN,20.464109,74.999049,,
CSR,CHAK SIKANDAR,25.67672,85.365246,Bihar,ECR
CSTM,MUMBAI CST,18.944481,72.836903,Maharashtra,CR
CSY,COSSYE,22.406833,87.289649,,
CSZ,Cossimbazar,24.122264,88.266903,West Bengal,ER
CT,CHITTAPUR,17.119781,77.090452,,
CTA,Chitradurg,14.231154,76.386431,Karnataka,SWR
CTC,CUTTACK,20.466588,85.90156,,
CTD,Chhota Udepur,22.314788,74.014286,Gujarat,WR
CTF,CHITGIDDA,17.391231,77.963909,,
CTH,CHIKALTHANA,19.859565,75.402851,Maharashtra,SCR
CTHR,CHITAHRA,24.862627,80.842854,Madhya Pradesh,WCR
CTHT,CHATAR HALT,24.842144,85.495374,Bihar,ECR
CTJ,CHHATAINI,23.994088,81.287323,Madhya Pradesh,WCR
CTKT,Choti Khatu,27.155534,74.35723,Rajasthan,NWR
CTL,Chital,21.745689,71.218128,Gujarat,WR
CTLI,CHATOULI,30.85622,76.580922,,
CTM,KATTANGULATTUR,12.805715,80.026118,,
CTMP,CHHIT MAKHANPUR,25.234493,86.873936,,
CTND,Chettinad,10.160613,78.775924,Tamil Nadu,SR
CTO,CHITTOOR,13.219857,79.103252,,
CTPE,Chandanattop Halt,8.932478,76.64532,Kerala,SR
CTPR,Chinta Parru Ha,16.534799,81.706605,,
CTQ,CHETAR,23.682881,84.646426,,
CTR,CHATRA,24.372846,87.849257,,
CTRD,Chitrawad,21.101116,70.557048,Gujarat,WR
CTRE,CHITTERI,13.068172,79.597909,,
CTRL,CHHATRAL,23.26246,72.468518,Gujarat,WR
CTS,CHATTRIPUT,18.922722,82.590027,Orissa,ECoR
CTT,CHITRASANI,24.267558,72.488653,Gujarat,NWR
CTTP,CHITRAPUR HALT,14.036148,74.536566,Karnataka,KR
CTW,Chhintanwala,30.365958,76.014229,Punjab,NR
CTYL,CHITYALA,17.221961,79.135713,,
CTZ,CHAUNTRA BHATERH,32.005535,76.74671,Himachal Pradesh,NR
CU,CHAGALLU,16.965077,81.690558,,
CUD,TIRUPPAPPULIYUR,11.748845,79.753441,Tamil Nadu,SR
CUE,CHOUPALE,21.377019,74.319097,,
CUK,CHURK,24.649679,83.103201,Uttar Pradesh,NCR
CUL,CHULI,23.006336,71.340823,,
CUPJ,CUDDALORE PORT,11.715119,79.766287,Tamil Nadu,SR
CUR,Churu,28.288281,74.966203,Rajasthan,NWR
CUX,CHAURA,24.918896,86.287062,,
CV,KAVERI,11.351027,77.760945,,
CVB,CAVALRY BARRCKS,17.494734,78.518694,Andhra Pradesh,SCR
CVD,CHAVADIPALAIYAM,11.255404,77.800933,Tamil Nadu,SR
CVJ,CHAVAJ,21.753134,73.010489,,
CVP,KOVILPATTI,9.182578,77.872848,Tamil Nadu,SR
CVR,CHORVAD ROAD,21.055196,70.290734,Gujarat,WR
CVV,CHERUVU MADHAVARAM,16.746018,80.518783,Andhra Pradesh,SCR
CW,CHAINWA,26.022117,84.496496,,
CWA,Chhindwara Junction,22.058201,78.953212,Madhya Pradesh,SECR
CWDA,Chuhriwala Dhanna,30.212075,74.135569,,
CWI,CHONDI,19.43062,77.155667,Maharashtra,SCR
CWLE,CHOWRIGACHA,23.942472,88.186451,West Bengal,ER
CWN,Charawan,30.501187,74.578082,Punjab,NR
CWR,CHOVVARA,10.133064,76.372189,,
CX,CHANOL,22.427916,70.538842,Gujarat,WR
CXA,Chandsara,28.876214,77.725745,Uttar Pradesh,NR
CYI,CHHAYAPURI,22.388284,73.179698,,
CYN,CHERIYANAD,9.273119,76.585087,,
CYZ,CHIPYANA BUZURG,28.627977,77.459346,,
D,Deula,22.214924,88.281483,West Bengal,ER
DAA,DATIA,25.64107,78.456356,,
DAB,DHARMABAD,18.88826,77.849342,Maharashtra,SCR
DABN,DHABAN,29.859997,74.54288,Rajasthan,NWR
DAC,DAHINSARA JN,22.955607,70.618291,Gujarat,WR
DAD,DEVARGUDDA,14.66779,75.576141,Karnataka,SWR
DAE,DAHEGAON,20.729315,78.463093,,
DAG,DHANG,26.7174,85.353298,Bihar,ECR
DAH,DEHARE,19.241855,74.674156,,
DAJ,DUROJI,15.227107,76.70013,Karnataka,SWR
DAKE,DAKSHINESWAR,22.653484,88.363635,,
DAL,DALIGANJ,26.875384,80.927482,,
DALF,DALI GANJ,26.875644,80.927742,,
DAM,DHAMORA,28.707129,79.087745,,
DAN,DHANETA,28.512294,79.264748,,
DAO,DAGHORA,21.857535,83.678086,,
DAP,DAGMAGPUR,25.098881,82.800991,,
DAPD,DAPODI,18.58005,73.832799,,
DAQ,DAUD KHAN,27.830504,78.098797,,
DAR,DANWAR,28.129969,77.883913,,
DARA,DARA,24.832609,76.005784,,
DARI,Dhari Junction,21.326767,71.027594,Gujarat,WR
DAS,DHASA JN,21.782545,71.518008,Gujarat,WR
DASF,Dhasa Jn,21.782515,71.517978,,
DAU,Dagru,30.834858,75.047442,Punjab,NR
DAV,DEVALGAON AVCHAR,19.322431,76.605201,Maharashtra,SCR
DAVJ,D.A.V.C.H. JALANDHAR,31.346977,75.56132,Punjab,NR
DAVM,DHANUVACHAPURAM,8.378802,77.124352,Kerala,SR
DAZ,DELHI AZADPUR,28.702646,77.176713,,
DB,Dabhoi Junction,22.137755,73.415466,Gujarat,WR
DBA,DABRA,25.881197,78.331015,,
DBB,DHUBRI,26.023137,89.977952,Assam,NFR
DBD,DEOBAND,29.680032,77.670873,Uttar Pradesh,NR
DBEC,DEVBALODA CHARODA,21.21335,81.45049,,
DBF,Dabpal,18.92798,81.488923,Chhattisgarh,?
DBG,DARBHANGA JN,26.157088,85.907575,,
DBI,DABLI RATHAN,29.542416,74.19093,Rajasthan,NWR
DBK,Darbari,27.965527,73.100532,,
DBKA,Dabka,21.361353,76.720809,Madhya Pradesh,SCR
DBL,DODBELE,13.216441,77.351193,Karnataka,SWR
DBLA,Dabla,27.888685,75.946401,Rajasthan,NWR
DBLI,DEBRABANDHAULI HALT,26.384826,85.76995,,
DBM,DABOLIM,15.389334,73.849937,Goa,SWR
DBN,Dhablan,30.337913,76.276918,Punjab,NR
DBNR,Dibnapur,28.524363,79.51619,Uttar Pradesh,NER
DBO,DABHODA,23.168331,72.748038,Gujarat,WR
DBP,DEBIPUR,23.144613,88.155998,,
DBQ,DHULABARI,26.361571,88.231234,,
DBR,DABHAURA,25.11793,81.303125,Uttar Pradesh,NCR
DBRG,DIBRUGARH,27.463607,94.935258,Assam,NFR
DBRT,DIBRUGARH TOWN,27.478113,94.901974,Assam,NFR
DBS,DOBBSPET,13.23318,77.249155,Karnataka,SWR
DBSI,DAYA BASTI,28.667329,77.17139,Delhi NCT,NR
DBT,Dakshin Barasat,22.226102,88.452286,West Bengal,ER
DBU,DODBALLAPUR,13.27894,77.55016,,
DBV,DABILPUR,17.674226,78.470315,Andhra Pradesh,SCR
DBY,Digboi,27.383483,95.616982,Assam,NFR
DBZ,Dhing Bazar,26.455873,92.481039,Assam,NFR
DC,MAGUDANCHAVADI,11.55092,77.987264,,
DCA,DAMCHARA,25.012661,92.749675,Assam,NFR
DCAB,DCAB,21.226612,81.477969,,
DCK,DHANDHUKA,22.384024,71.975613,Gujarat,WR
DCOP,DURGAPUR COKE OVEN PLANT EXCHANGE YARD SDG WARIA,23.505136,87.298232,,
DCP,DAL CHAPRA,25.82706,84.432615,,
DCTL,DOMBIVLI CTL,19.203604,73.084191,,
DCU,Damalcheruvu,13.478885,79.056434,Andhra Pradesh,SCR
DCX,DHANICHHA,25.227165,83.490837,,
DD,DAUND JN,18.463547,74.578622,,
DDA,DURAUNDHA JN,26.086973,84.458946,,
DDAM,DAUND A MMR,18.464753,74.568976,,
DDAP,DAUND PATAS ROAD,18.468688,74.520934,,
DDC,Dum Dum Cantt.,22.636349,88.411641,West Bengal,ER
DDCE,DUNDI,23.557854,80.216657,Madhya Pradesh,WCR
DDD,DHONDHA DIH,25.672848,83.79552,Uttar Pradesh,NER
DDE,DONDAICHA,21.331414,74.563104,,
DDGA,DUGDA,23.758738,86.161928,,
DDGJ,DEEDARGANJ,25.569543,85.257511,,
DDJ,DUM DUM,22.621717,88.392835,,
DDJA,DAUND GOODS YARD,18.465937,74.560762,,
DDK,Dhindsa,30.895838,74.738503,Punjab,NR
DDL,DHANDARI KALAN,30.874477,75.909491,,
DDM,DAM DIM,26.859243,88.671333,West Bengal,NFR
DDMT,DARIMETA,21.536803,78.5411,,
DDN,DEHRADUN,30.314038,78.033601,Uttarakhand,NR
DDNA,Dudhaunda,25.573305,83.084478,Uttar Pradesh,NER
DDNI,DUDHNOI,26.001459,90.76188,Assam,NFR
DDP,DAUDPUR,25.90709,84.591425,,
DDR,MUMBAI DADAR WEST,19.019731,72.843465,Maharashtra,WR
DDS,DUDH SAGAR,15.31821,74.306568,,
DDV,DADHDEVI,25.07784,75.898016,,
DDW,DUDWA,28.50831,80.672161,Uttar Pradesh,NER
DDX,DHAMDHAMIA,24.960388,87.761557,,
DDY,DUDWINDI,31.237553,75.258143,Punjab,NR
DEA,Diara,22.798157,88.280471,West Bengal,ER
DEB,Debagram,23.685277,88.306807,West Bengal,ER
DEC,DELHI CANTT,28.613534,77.116577,Delhi NCT,NR
DEE,DELHI SARAI ROHILLA,28.662992,77.187106,Delhi NCT,NR
DEEG,Deeg,27.486551,77.324511,Rajasthan,NCR
DEG,DELANG,20.038474,85.76695,,
DEHR,DEHU ROAD,18.680176,73.734169,,
DEIT,Dehit,25.300469,75.850153,,
DEL,DENDULURU,16.781406,81.180472,,
DELO,DEORAKOT,26.754368,81.906358,,
DEMU,DEMU,23.69708,84.52562,,
DEO,DEOKALI,27.977317,80.705156,Uttar Pradesh,NER
DEOR,DIYODAR,24.113489,71.770888,Gujarat,WR
DEOS,DEORIA SADAR,26.507681,83.781959,,
DEP,Depalsar,28.236857,74.920337,Rajasthan,NWR
DEPI,Deenapatti,25.89498,86.937159,,
DER,DADRI,28.53794,77.537422,,
DES,DESARI,25.668359,85.408766,Bihar,ECR
DET,DET,25.01154,74.641128,,
DEV,DEVARAYI,15.449479,74.571364,Karnataka,SWR
DEW,Dewalgaon,20.89116,80.079267,Maharashtra,SECR
DFR,DEOGAN ROAD,20.554779,83.430063,,
DG,DINDIGUL JN,10.35381,77.985472,,
DGA,DIGHWARA,25.743938,85.003168,,
DGB,DINDU GOPALA PURAM HALT,18.542976,84.241768,,
DGBZ,Dongri Buzurg,21.573844,79.676645,Maharashtra,SECR
DGD,DANGIDHAR,23.871771,79.019912,,
DGDG,DURGADA GATE,17.212477,82.348994,,
DGG,DONGARGARH,21.185492,80.759857,,
DGHA,Digha Flag Station,21.622377,87.507655,West Bengal,?
DGHR,Deoghar,24.511782,86.697121,Jharkhand,ER
DGI,DUNGRI,20.687336,72.949119,Gujarat,WR
DGJ,DUNGAR JN,21.078274,71.553226,Gujarat,WR
DGLE,DHULIAN GANGA,24.672086,87.937644,West Bengal,ER
DGN,DONGARGAON,21.641314,76.364067,Madhya Pradesh,CR
DGNH,DERGAON HALT,25.088974,85.751319,,?
DGNR,Durganagar,22.650758,88.419,West Bengal,ER
DGO,DURGAUTI,25.207897,83.539684,,
DGPI,Durgapuri,25.865541,76.809686,,
DGPP,DHENGLI PP GOAN,19.406622,76.49169,Maharashtra,SCR
DGQ,Dugdol,24.631708,72.096828,Gujarat,NWR
DGR,DURGAPUR,23.495046,87.297902,,
DGS,DAGORI,21.905693,82.069143,,
DGT,Dhulghat,21.296282,76.749633,Maharashtra,SCR
DGU,DIGARU,26.173306,91.977861,Assam,NFR
DGW,DHIGAWARA,27.296265,76.613599,Rajasthan,NWR
DGX,Dagaon,26.444446,92.613689,Assam,NFR
DGY,Dighori Buzurg,21.107513,79.230454,,
DH,Diamond Harbour,22.191902,88.189916,West Bengal,ER
DHA,DHEENA,25.354392,83.423069,,
DHAE,DAINHAT,23.60191,88.170269,West Bengal,ER
DHBI,DHABAULI HALT,25.68209,85.342182,,
DHCA,Dhaca Cantt.,23.815527,90.410617,Bangladesh,?
DHD,DAHOD,22.843607,74.253374,,
DHE,Dodhi,25.604879,82.998947,Uttar Pradesh,NER
DHG,DHRANGDHRA,22.987165,71.479108,,
DHH,Dinhata,26.070776,89.586875,West Bengal,NFR
DHI,Dhule,20.887752,74.768847,Maharashtra,CR
DHJ,DHINOJ,23.671002,72.28188,Gujarat,WR
DHK,Dhakuria,22.51554,88.371504,West Bengal,ER
DHKR,DHODA KHEDI,30.018915,76.842512,,
DHL,Devanhalli,13.246834,77.704631,Karnataka,SWR
DHLI,Dethli,23.486172,72.103051,Gujarat,WR
DHMA,DHAMARDA,22.846208,74.297046,,
DHMZ,DHOLA MAZRA,30.120678,76.854437,,
DHN,DHANBAD JN,23.790966,86.428956,,
DHNA,Dhachna,25.646473,87.986939,Bihar,NFR
DHND,DHINDA,26.890931,75.361206,,
DHNE,DHONE,15.396729,77.865727,,
DHNL,DHANALA,23.009171,71.084085,,
DHNR,DHANORA DECCAN,19.465517,78.132754,Maharashtra,SCR
DHO,DHAULPUR,26.697592,77.906049,,
DHOA,Dhaulpur,26.697202,77.905659,,
DHP,DICHPALLI,18.613288,78.194667,Andhra Pradesh,SCR
DHPD,DHAPARA DHAM,24.195866,88.246087,West Bengal,ER
DHPR,DAPPAR,30.517641,76.80751,Punjab,NR
DHQ,DHARAKHOH,22.009297,77.949934,,
DHR,DHARNAODA,24.592205,77.099253,Rajasthan,WCR
DHRJ,DHIRGANJ,25.745642,81.924339,Uttar Pradesh,NR
DHRN,DHURANA,29.253606,76.803295,Haryana,NR
DHRR,DHIRERA,28.363519,73.616355,Rajasthan,NWR
DHRY,DHALPUKHURI,25.981051,92.880626,Assam,NFR
DHS,DHAVALAS,18.129682,75.334262,,
DHT,DHAMARA GHAT,25.590821,86.599522,Bihar,ECR
DHU,Dhubulia,23.483546,88.441145,West Bengal,ER
DHW,Dhariwal,31.949113,75.321565,Punjab,NR
DHWN,Dhaniyawan,25.421986,85.287469,,
DHWS,DHOSAWAS,23.383691,75.051031,,
DHY,DHARODI,29.639924,76.055975,Haryana,NR
DI,DOMBIVILI,19.218218,73.0869,,
DIA,Didwana,27.406108,74.557656,Rajasthan,NWR
DIB,DIBAI,28.19378,78.303084,Uttar Pradesh,NR
DIBL,Dholi Bhal,22.44572,72.0826,Gujarat,WR
DIC,DAHISAR,19.250166,72.859587,Maharashtra,WR
DIE,Demai,23.159049,73.210181,,
DIG,DUGGIRALA,16.327559,80.62357,,
DIH,DHARUADIHI,21.995145,84.223691,,
DIL,DILAWARNAGAR,26.960189,80.667474,,
DING,Ding,29.461054,75.260605,Haryana,NWR
DINR,DIVINE NAGAR,10.285399,76.336314,,
DIP,DIPORE,20.79317,78.040981,,
DIR,DHANAPUR ORISSA,18.945173,82.507393,Orissa,ECoR
DISA,DISA,24.237125,72.1796,Gujarat,WR
DIU,Dhing,26.453101,92.450865,Assam,NFR
DIVA,DIVA,19.188394,73.041905,,
DIW,DHILWAN,31.498953,75.335011,,
DJ,Darjeeling,27.038151,88.263326,West Bengal,NFR
DJA,DAOTUHAJA,25.227501,93.162162,Assam,NFR
DJB,DIJAOBRA,25.5507,93.093936,,
DJD,DIDARGANJ ROAD,26.092367,82.805191,,
DJG,DULIAJAN,27.367712,95.306952,Assam,NFR
DJHR,Deojhar,22.080717,85.476993,,
DJI,DHORAJI,21.72217,70.44478,Gujarat,WR
DJKR,Dolaji Ka Khera,25.537166,73.882498,Rajasthan,NWR
DJL,Dodajala Lake,13.183156,77.652122,Karnataka,SWR
DJRZ,To Darjeeling,26.852135,88.33323,West Bengal,NFR
DJS,DHURANT JWAS HALT,25.220474,86.047715,,
DJX,DUNGRIPADI,21.060873,83.559213,,
DK,Dakor,22.747203,73.158592,,WR
DKAE,DANKUNI,22.677422,88.291491,,
DKBJ,Dahar Ka Balaji,26.944321,75.765669,Rajasthan,NWR
DKC,DEVARKADRE,16.630504,77.838261,,
DKCH,DAKACHA,22.859111,75.951951,,
DKD,DONAKONDA,15.834631,79.484112,,
DKDE,DANKAUR,28.415313,77.643211,,
DKDP,Dakshin Durgapur,22.308871,88.399338,West Bengal,ER
DKE,DIHAKHO,25.427907,93.126587,Assam,NFR
DKGN,DEKARGAON,26.681166,92.763075,,
DKGS,SIMARIA,25.411453,86.014464,,
DKI,DHARMKUNDI,22.512038,77.551014,Madhya Pradesh,WCR
DKJ,DORNAKAL JN,17.445987,80.153157,Andhra Pradesh,SCR
DKJB,Dornakal Bye Pass,17.42921,80.157907,,
DKJR,DHEKIAJILI ROAD,26.809214,92.452548,,
DKLU,DOIKALLU,19.741882,83.481611,,
DKM,DIKOM,27.464227,95.080674,Assam,NFR
DKN,DEVANGONTHI,12.985647,77.831087,,
DKNT,DAKANIYA TALAV,25.145188,75.865501,,
DKO,Devakottai Road,10.037611,78.761747,Tamil Nadu,SR
DKQ,DHANI KASAR,24.98746,75.932212,,
DKR,Dekpura Halt,25.261153,85.529423,,
DKRA,DHUANKHERI,24.504973,75.89805,,
DKS,DAREKASA,21.271299,80.580751,,
DKT,DHULKOT,30.395686,76.787535,Haryana,NR
DKU,Dumri Khurd,21.310416,79.312269,Maharashtra,SECR
DKUR,DOKUR,16.592578,77.853413,,
DKW,DHANAKWADA,24.146307,71.823472,,
DKWA,Dokwa,28.579787,75.323364,Rajasthan,NWR
DKX,Dudhwakhara,28.4587,75.165315,Rajasthan,NWR
DKY,DHOKI,18.353216,76.102989,Maharashtra,CR
DKZ,DELHI KISHANGANJ,28.664732,77.201256,Delhi NCT,NR
DL,DALADI,22.585067,71.069304,Gujarat,WR
DLA,DOULTA,24.998509,78.429325,,
DLB,DAULATABAD,19.916367,75.210494,Maharashtra,SCR
DLC,DALMERA,28.417832,73.65658,Rajasthan,NWR
DLCB,Durg Link Cabin,21.197156,81.300896,,
DLCR,Dullabcherra,24.505297,92.477671,Assam,NFR
DLD,DALAUDA,23.948637,75.105361,Madhya Pradesh,WR
DLDE,DALDALI,25.820221,93.517152,Assam,NFR
DLF,DALAN,25.6118,87.560853,,
DLGN,DHALGAON,17.120967,74.988713,Maharashtra,CR
DLGS,Duklangia,26.692531,94.273103,,
DLI,OLD DELHI,28.661816,77.228356,Delhi NCT,NR
DLJ,DHOLA JN,21.822549,71.738273,Gujarat,WR
DLK,DALKOLHA,25.873416,87.838877,,
DLMH,DHAULIMUHAN,20.079332,85.604772,,
DLN,DILDARNAGAR JN,25.419424,83.668324,,
DLO,DALGAON,26.715384,89.136244,West Bengal,NFR
DLP,DALPATPUR,28.820438,78.877187,,
DLPH,DAULATPUR HAT,25.326113,88.332787,,
DLPI,INDRAPURI,28.628342,77.143588,Delhi NCT,NR
DLPR,DAYALPUR,25.632211,81.889485,,
DLPT,DULAKHAPATNA,21.007019,86.280874,,
DLQ,DALELNAGAR,27.118537,80.419624,,
DLR,DULLAHAPUR,25.799898,83.423264,Uttar Pradesh,NER
DLSR,DALHOGI ROAD,32.289064,75.750843,,?
DLW,DILWA,24.537318,85.419709,,
DLX,Dalimgaon,25.640548,88.3863,West Bengal,NFR
DLZ,DHOLBAJA,26.2748,87.271397,,
DMA,DAMODAR JUNCTION,23.651021,86.908517,West Bengal,SER
DMBR,DUMRI BIHAR,23.807394,85.766204,,ECR
DMCA,DAMARACHERLA,16.725861,79.630821,,
DMD,DHARMADAM,11.778949,75.46377,Kerala,SR
DME,DAMNAGAR,21.688346,71.509053,Gujarat,WR
DMF,Dumerta,22.185683,84.914683,Orissa,SER
DMG,DOMINGARH,26.765251,83.341993,,
DMGN,DHAMALGAON,27.325566,94.856569,Assam,NFR
DMH,Dauram Madhepura,25.908513,86.782638,Bihar,ECR
DMK,Dilmili,18.987443,81.737851,Chhattisgarh,ECoR
DML,DHARAMTUL,26.189127,92.36716,Assam,NFR
DMLE,DUMURDAHA,23.040053,88.432662,West Bengal,ER
DMM,DHARMAVARAM JN,14.424369,77.717115,,
DMN,DHAMANGAON,20.784674,78.138054,,
DMNJ,DAMANJODI,18.767771,82.865768,,
DMO,DAMOH,23.836693,79.432246,,
DMP,Dharampur Himachal,30.900491,77.023914,Himachal Pradesh,NR
DMPR,DHARAMPUR,28.150306,78.265728,Uttar Pradesh,NR
DMR,Dharmanagar,24.366946,92.168247,Tripura,NFR
DMRT,DUMURIPUT,18.780367,82.803933,,
DMRX,DUMRI HALT,25.245936,86.028396,,
DMT,DIGUVAMETTA,15.39493,78.826206,,
DMU,Dhamua,22.290179,88.392178,West Bengal,ER
DMV,DIMAPUR,25.905702,93.727816,Nagaland,NFR
DMW,Dalmau Junction,26.07525,81.05365,Uttar Pradesh,NR
DMWP,Dmw Patiala Halt,30.361156,76.421543,,
DMYA,DAMOY,23.971208,80.996787,Madhya Pradesh,WCR
DMZ,DUMDANGI,26.47724,88.296508,,
DN,DHANARI,28.328461,78.509596,Uttar Pradesh,NR
DNA,DEGANA JN,26.897349,74.316388,,
DND,DANDUPUR,25.801595,82.040632,,
DNDI,DHONDI,19.106268,76.736112,Maharashtra,SCR
DNDL,DANDI MAL,20.715235,85.53418,,
DNE,DHAMNI,19.647058,77.177888,Maharashtra,SCR
DNEA,DANEA,23.799131,85.658334,,ECR
DNH,DEONAGAR,23.758691,86.16169,,
DNHK,DHINDHORA HKMKD,26.803925,77.103482,Rajasthan,WCR
DNHL,DHANIAKHALI,22.95019,88.143651,,
DNJ,DAUNDAJ,18.230007,74.176781,Maharashtra,CR
DNK,DHANAKYA,26.91819,75.605607,,
DNKL,DHENKANAL,20.676825,85.590878,,
DNL,DHANOLI,21.32211,80.427591,,
DNM,DHANMANDAL,20.687806,86.11228,,
DNN,Dina Nagar,32.134789,75.467351,Punjab,NR
DNPR,Dhanpura,23.453415,72.212366,Gujarat,WR
DNQ,DANDKHORA,25.572405,87.642237,,
DNR,DANAPUR,25.581921,85.044629,,
DNRA,DHANDHERA,29.843403,77.901923,,
DNRE,DHANAURI,25.171969,86.159175,,
DNRP,DUNGARPUR,23.867175,73.695462,Rajasthan,NWR
DNT,DANTAN,21.930376,87.284055,,
DNU,Dalsanur,13.274642,78.171853,,
DNUA,Dhansura,23.351916,73.19871,Gujarat,WR
DNV,DONKINAVALASA,18.468756,83.350942,,
DNW,DANGARWA,23.401485,72.441253,Gujarat,WR
DNWF,Dangarwa,23.401545,72.441313,,
DNWH,Daniyawan Bazar Halt,25.434504,85.290895,Bihar,?
DNX,Dhansu,29.211731,75.801658,Haryana,NR
DO,DAUSA,26.900047,76.330336,,
DOA,DORAHA,30.804137,76.043303,,
DOB,Dundlodh Mukundgarh,27.938799,75.237354,Rajasthan,NWR
DOC,Daun Kalan,30.379219,76.458569,Punjab,NR
DOD,DHODHAR,23.770741,75.103546,Madhya Pradesh,WR
DODH,Dodh,30.841607,74.521937,Punjab,NR
DOE,DEORI,23.298435,80.009808,Madhya Pradesh,WCR
DOGL,Donigal,12.904048,75.734122,Karnataka,SWR
DOH,DHODRA MOHAR,22.281504,77.875226,,
DOHM,Devgarh Madriya,25.610206,73.855552,Rajasthan,NWR
DOK,DHOLKA,22.731982,72.433842,Gujarat,WR
DOKM,DOKRA HALT,23.782884,86.480808,,
DOKY,DUKHERI,30.294992,76.8839,,
DOL,DHOLI,25.976952,85.562495,,
DON,DERAWAN HALT,23.230257,76.104438,Jharkhand,SER
DOR,DUNDARA,25.895799,72.796892,Rajasthan,NWR
DORD,DEO ROAD,24.823074,84.563423,,
DOS,DEHRI ON SONE,24.914895,84.185434,,
DOT,Dhakia Tiwari,28.028812,79.885872,Uttar Pradesh,NER
DOTL,DEOTALA,25.274329,88.294214,,
DOW,Davol,22.39911,72.953112,,WR
DOX,DOHNA,28.434064,79.432729,Uttar Pradesh,NER
DOY,Dornahalli,12.433086,76.42625,Karnataka,SWR
DOZ,DAURAI,26.395604,74.619546,Rajasthan,NWR
DPA,DURGAPURA,26.855947,75.786436,,
DPC,Darliput,18.365186,82.746519,Orissa,ECoR
DPD,DOSAPADU,16.468807,80.938771,Andhra Pradesh,SCR
DPDP,Dhapdhapi,22.315994,88.459855,West Bengal,ER
DPE,DEVARAPALLE,13.723807,77.512236,,
DPH,DADHAPARA,22.028156,82.123182,,
DPI,DODDAMPATTI,12.181346,78.42225,,
DPJ,Dharmapuri,12.126595,78.154742,Tamil Nadu,SWR
DPK,Dholipal,29.760827,74.2516,Rajasthan,NWR
DPL,DANAULI PHLWRIA,25.420471,86.249406,Bihar,ECR
DPLN,Diplana,29.182573,74.881123,Rajasthan,NWR
DPNR,Deepnagar Halt,25.140667,85.483274,,
DPO,DAMANPUR,26.53866,89.536367,,
DPP,DHIRPUR,30.066393,76.844051,,
DPR,DHAMPUR,29.305446,78.501588,,
DPRA,DHUP DHARA,25.979779,91.066009,Assam,NFR
DPS,Dangoaposi,22.167964,85.59273,Jharkhand,SER
DPSR,Dapsaura,25.983503,80.202954,Uttar Pradesh,NCR
DPT,Dalpat Singhpur,29.929458,73.524416,,
DPU,DIPHU,25.83725,93.438384,Assam,NFR
DPUR,Dadpur,19.972516,83.250076,,
DPW,Dhapewara,21.872721,80.191327,Madhya Pradesh,SECR
DPX,DADPUR,24.829399,86.349076,,
DPZ,DEVPURA,26.03271,76.251747,,
DQG,DHUPGURI,26.573532,88.994973,,
DQN,Dhanera,24.506528,72.032364,Gujarat,NWR
DQR,KACHEGUDA DBR,17.366083,78.490284,,
DQV,DAULA KOT BHAI,30.206149,74.703438,,
DR,MUMBAI DADAR CENTRAL,19.017179,72.842972,,
DRA,DULARIA,22.575661,77.654362,Madhya Pradesh,WCR
DRB,Debari,24.606987,73.805352,Rajasthan,NWR
DRBR,Deoraha Baba Road,26.283979,83.871091,,NER
DRD,DAHANU ROAD,19.991217,72.743368,Maharashtra,WR
DRE,DHOGRI,31.40278,75.635791,Punjab,NR
DRG,DARSHANNAGAR,26.752229,82.208384,,
DRGJ,DARAGANJ,25.44265,81.87999,Uttar Pradesh,NER
DRGM,DEORAGRAM,24.096925,82.352464,Madhya Pradesh,WCR
DRGU,DAMRU GHUTU,23.45136,86.08981,,
DRH,DHARHARA,25.257893,86.411538,,
DRHI,DAGARHKERI,22.081273,76.826402,Madhya Pradesh,WCR
DRI,DUMRI JUARA,25.748425,84.869395,,
DRL,DEROL,22.630205,73.462158,,
DRLA,DAURALA,29.114015,77.70616,Uttar Pradesh,NR
DRN,DEORANIAN,28.64478,79.476473,Uttar Pradesh,NER
DRO,DARYAOGONJ,27.598099,79.082496,,
DRPH,Devri P.H.,22.85663,79.836698,Madhya Pradesh,SECR
DRQ,DHARMINIYA,26.865525,84.793439,,
DRR,DHARUR,17.28952,77.75853,,
DRRN,DR. R K NAGAR,23.310222,75.006059,,
DRS,DHARESHWAR,25.777584,73.667743,Rajasthan,NWR
DRSN,DHURWASIN,23.129052,81.845641,Madhya Pradesh,SECR
DRTP,DASHARATHPUR,25.265182,86.464532,,
DRU,KADUR,13.552501,76.008846,Karnataka,SWR
DRV,DARAULI,25.393753,83.601802,,
DRW,DHAREWADA,23.960816,72.378575,Gujarat,WR
DRWN,DEROWAN P. HALT,22.487947,85.299778,,
DRZ,Dalli Rajhara,20.586729,81.067973,Chhattisgarh,SECR
DS,DASNA,28.690719,77.528116,,
DSA,DELHI SHAHDARA,28.673098,77.293154,Delhi NCT,NR
DSAP,DELHI SHAHDARA A PANEL,28.673349,77.31954,,
DSB,DELHI SADAR BAZAR,28.658656,77.216852,,
DSBC,DELHI SHAHDARA BLOCK CABIN,28.677357,77.30022,,
DSBP,DELHI SHAHDARA B PANEL,28.670746,77.342818,,
DSD,DOSVADA,21.130512,73.502728,,
DSHI,Doddasiddavanha,14.209931,76.48848,,
DSJ,DELHI SAFDARJUNG,28.582121,77.186969,Delhi NCT,NR
DSK,DUSKHEDA,21.073708,75.839083,Maharashtra,CR
DSL,DESWAL,26.850374,73.885443,,
DSM,DARASURAM,10.944384,79.356384,Tamil Nadu,SR
DSME,DASARA,24.274602,85.790856,,
DSN,Darsana,23.523411,88.795843,,
DSNI,DAUSNI,29.784745,77.979636,,
DSNR,DASHNAGAR,22.598634,88.307803,,
DSO,DESHNOK,27.791303,73.338483,,
DSPN,Deshpran Ph,22.029347,87.817047,West Bengal,?
DSPT,DANISHPET,11.858919,78.138256,,
DSR,DHANSIRI,25.810836,93.613598,Nagaland,NFR
DSS,DALSINGH SARAI,25.664749,85.841465,,
DST,DASAMPATTI,12.251026,78.438356,,
DSX,DESANG,27.056055,94.686324,,
DTAE,DHATRIGRAM,23.277796,88.311822,West Bengal,ER
DTC,DITOKCHERRA,25.090538,92.798715,Assam,NFR
DTE,DEULTI,22.452857,87.914003,,
DTF,DANTLA,27.197151,76.96107,,
DTJ,Detroj,23.332028,72.176546,Gujarat,WR
DTL,DARRITOLA,23.289638,82.395751,Chhattisgarh,SECR
DTN,DHAMTAN SAHIB,29.688827,76.004006,Haryana,NR
DTO,DALTONGANJ,24.033075,84.074843,,
DTP,DIVITI PALLI,16.740883,78.084175,,
DTQ,Dantarda Kalan,25.7633,76.714031,Madhya Pradesh,NCR
DTR,Dhamtari,20.714515,81.550321,Chhattisgarh,SECR
DTRA,DANTRA,26.772569,75.149207,,
DTRD,Diyatara Road,27.733596,72.839919,Rajasthan,?
DTT,Doddanatta Halt,13.374454,78.133896,,
DTV,DHUTRA,21.896882,84.091098,,
DTVL,DATIVLI,19.187012,73.059049,Maharashtra,CR
DTW,DATEWAS,29.893255,75.616682,Punjab,NR
DTX,DANGTAL,26.465846,90.465049,,
DUA,DHAURA,24.44965,78.321791,,
DUAN,DUAN,22.354105,87.588218,,
DUB,DABTARA,28.368424,78.991164,Uttar Pradesh,NR
DUBH,DUBAHA,25.948785,85.617108,,
DUD,DUDHANI,17.362421,76.37871,,
DUE,Dhuri Jn,26.800862,84.13938,,
DUH,Dudda,13.088422,76.204247,Karnataka,SWR
DUI,DHURI JN,30.372741,75.866603,Punjab,NR
DUJ,DUBRAJPUR,23.803358,87.378973,West Bengal,ER
DUK,DUDIA,25.934458,72.902042,Rajasthan,NWR
DULP,Daulatpur Haryana,29.452123,75.88859,Haryana,NR
DUM,DHAURMUI JAGHNA,27.292281,77.536538,Rajasthan,WCR
DUMK,Dumka,24.289527,87.254975,Jharkhand,ER
DUMR,Dumra,26.576993,85.533639,Bihar,ECR
DUN,DUGANPUR,28.658317,79.13019,,
DUO,DHAURSALAR,26.798349,80.081404,,
DUP,DHULIPALLA HALT,16.424476,80.087824,,
DUR,DESUR,15.754344,74.49801,Karnataka,SWR
DURE,DUMRAON,25.571984,84.143865,,
DURG,DURG,21.200327,81.291837,,
DUSI,DUSI,18.369969,83.857682,,
DUU,DUPADU,15.742888,78.013259,,
DV,DHUVA,22.722379,70.933579,,
DVA,Delvada,20.773429,71.041529,Gujarat,WR
DVBH,MAKUDAN VIRAPANDI BLOCK HUT,11.580796,78.037941,,
DVD,DUVVADA,17.703843,83.152059,,
DVG,DAVANGERE,14.467834,75.92229,Karnataka,SWR
DVGM,DEVGAM,23.938342,71.591856,,
DVH,Devi Halt,21.706411,78.86207,Madhya Pradesh,SECR
DVJ,DILLI DEWAN GANJ,25.432721,87.778612,,
DVL,DEVLALI,19.897509,73.83729,,
DVM,DALBHUMGARH,22.506293,86.551921,,
DVN,DEVTHANA,19.274562,77.689981,Maharashtra,SCR
DVR,DORAVARI CHATRAM,13.814297,79.951308,,
DVY,DEVALIYA,23.027775,71.012482,,
DWA,DAILWARA,24.78059,78.392945,,
DWD,DHEKVAD,21.339179,74.13857,,
DWDI,Dighwa Dubauli,26.26523,84.743249,Bihar,NER
DWF,DUDH SAGAR WATER FALLS,15.313337,74.314034,Karnataka,SWR
DWG,DEWANGANJ,23.429766,77.592867,,
DWI,DINGWAHI,25.416805,80.414159,Uttar Pradesh,NCR
DWJ,DWARKAGANJ,26.316418,82.109076,Uttar Pradesh,NR
DWJN,DIVA JN. CABIN,19.188667,73.042923,,
DWK,DWARKA,22.251023,68.980434,Gujarat,WR
DWL,DHUWALA,25.48715,74.581974,,
DWLE,Dhauni,25.01033,86.993041,Bihar,ER
DWNA,DIWANA,29.318564,76.980194,,
DWO,DOIWALA,30.175451,78.12218,Uttarakhand,NR
DWP,DWARAPUDI,16.927556,81.922661,,
DWR,DHARWAR,15.440386,75.004552,Karnataka,SWR
DWT,Dewan Hat,26.302968,89.66531,West Bengal,NFR
DWV,DIWANKHAVATI,17.855413,73.418174,Maharashtra,KR
DWX,DEWAS,22.977556,76.051191,Madhya Pradesh,WR
DWZ,Dantewara,18.907733,81.354536,Chhattisgarh,ECoR
DXD,DIGOD,25.196344,76.015396,Rajasthan,WCR
DXG,DHARANGAON,21.006447,75.286092,,
DXH,DUHAI,28.730283,77.480363,Uttar Pradesh,NR
DXK,DHANA KHERLI,26.950169,77.535779,Uttar Pradesh,NCR
DXN,DUDDHINAGAR,24.209032,83.216792,Uttar Pradesh,ECR
DXR,DIGSAR,22.712403,71.499375,Gujarat,WR
DXU,Duhru,26.083606,80.176723,,
DY,DUMARIYA,26.864673,77.234121,Rajasthan,WCR
DYD,DARYABAD,26.861303,81.550114,,
DYE,DAYANAND NAGAR,17.456247,78.53135,Andhra Pradesh,SCR
DYK,DUDHIA KHURD,28.46474,80.197805,Uttar Pradesh,NER
DYP,Daryapur,26.182799,81.248588,Uttar Pradesh,NR
DYS,DALAPATHY SAMUDRAM,8.430572,77.638091,Tamil Nadu,SR
DYU,DIYURI,28.603253,79.87601,Uttar Pradesh,NER
DYW,Diyawan Halt,25.381729,85.283924,,
DZA,DASUYA,31.80853,75.657932,Punjab,NR
DZB,Dahina Zainabad,28.291079,76.391694,Haryana,NWR
DZK,Durgachak,22.082011,88.155274,West Bengal,SER
DZKT,Durga Chak Town,22.066831,88.136032,West Bengal,SER
DZL,Dhana Ladanpur,28.750217,76.166758,,
DZP,DARAZPUR,30.152546,77.195721,,
EC28,PURA HALT,24.815024,85.239555,,
EC31,Kharuara Halt,25.431628,85.543617,,
ED,ERODE JN,11.327682,77.725934,,
EDA,ITWAN DUNDAILA,24.939959,80.842706,,
EDD,EDDULADODDI,15.329698,77.589906,Andhra Pradesh,SCR
EDG,EDEN GARDENS,22.565207,88.339472,,
EDU,ERIODU,10.515628,78.057129,Tamil Nadu,SR
EE,ELURU,16.717816,81.119762,,
EGT,EGATTUR HALT,13.106198,79.88406,,
EGU,IRANAGALLU,15.891814,77.263765,,
EKC,EKCHARI,25.227623,87.213866,,
EKH,EKSARI HALT,25.134973,85.889325,Bihar,ECR
EKI,EKLAKHI,25.167868,88.099492,,
EKL,EKDIL,26.76628,79.116455,,
EKM,EKAMBARAKUPPAM,13.318604,79.573126,,
EKMA,EKMA,25.967099,84.53637,,
EKN,Ezhukone,8.979143,76.715068,Kerala,SR
EKR,Ekangarsarai,25.222482,85.232264,Bihar,ECR
EL,ELAMANUR,10.879069,78.57336,Tamil Nadu,SR
ELL,Eraligu,24.665398,92.332631,Assam,NFR
ELM,ELIMALA,12.068687,75.230848,Kerala,SR
ELP,Achalpur,21.277603,77.519263,Maharashtra,CR
ELR,ELAVUR,13.458351,80.116178,,
EN,ISAND,23.294039,72.484975,Gujarat,WR
ENB,Ellenabad,29.444104,74.657934,Rajasthan,NWR
ENR,ENNORE,13.218196,80.322124,,
EOC,UDL EAST OUTER CABIN,23.569452,87.203608,,
EOCM,EOCM,25.315812,83.196038,,
EPR,Mumbai Elphinstone Road,19.00694,72.835426,Maharashtra,WR
ERC,ERICH ROAD,25.820641,79.035025,,
ERL,ERANIEL,8.212549,77.308161,Tamil Nadu,SR
ERN,ERNAKULAM TOWN,9.991582,76.2861,,
ERS,ERNAKULAM JN,9.969542,76.290672,,
ERSC,ERNAKULAM JN. C,9.97806,76.289859,,
ERSD,ERNAKULAM D CABIN,9.979712,76.306549,,
ESV,ISIVI,15.65781,77.229814,,
ET,ITARSI JN,22.608258,77.767128,,
ETAH,Etah,27.571173,78.653919,Uttar Pradesh,NCR
ETB,ITARSI B CABIN,22.591346,77.709215,,
ETF,ITARSI F CABIN,22.61521,77.774856,,
ETK,ETAKKOT,11.806195,75.443797,Kerala,SR
ETM,ETTUMANUR,9.676196,76.545152,,
ETMD,ETTIMADAI,10.898788,76.897155,,
ETP,ETTAPUR ROAD,11.651009,78.468545,,
ETR,ELATTUR,11.346337,75.741119,Kerala,SR
ETUE,ETMADPUR,27.221536,78.197973,,
ETW,ETAWAH,26.78597,79.021502,,
EVA,EDAVAI,8.762883,76.697477,,
EZP,EZHUPPUNNA,9.820288,76.302391,,
FA,FALNA,25.235808,73.234953,Rajasthan,NWR
FAH,FATEHA HALT,25.598419,85.871458,,
FAN,Fatehnagar,24.81828,74.095782,Rajasthan,NWR
FAP,FAKHARPUR HALT,28.846965,77.293521,Uttar Pradesh,NR
FAR,FARAH,27.334474,77.743659,,
FBD,FARRUKHABAD,27.38236,79.571737,,
FBG,FORBESGANJ,26.298901,87.262803,,
FD,FAIZABAD JN,26.768996,82.135574,,
FDB,FARIDABAD,28.411473,77.307348,,
FDK,FARIDKOT,30.682857,74.76138,Punjab,NR
FDN,FARIDABAD NEW TOWN,28.376248,77.309368,,
FGH,Fatehgarh Haryana,28.647921,76.243784,,
FGR,FATEHGARH,27.369608,79.62159,,
FGSB,FATEHGARH SAHIB,30.650726,76.388124,,
FHT,FARAH TOWN,27.318183,77.758086,,
FK,FEROK,11.174972,75.830285,Kerala,SR
FKA,Fazilka,30.408641,74.025417,Punjab,NR
FKB,FAKHRABAD,18.824644,77.974481,Andhra Pradesh,SCR
FKG,FURKATING JN,26.465652,94.002692,Assam,NFR
FKM,FAKIRAGRAM JN,26.365237,90.186189,,
FL,PHULERA JN,26.872814,75.245456,,
FLD,Phulad,25.623979,73.813118,Rajasthan,NWR
FLK,FALAKATA,26.538396,89.192275,,
FLM,Falimari,26.070776,89.586875,West Bengal,NFR
FLR,PHULESWAR,22.477876,88.116049,,
FLU,Phulia,23.229897,88.49634,West Bengal,ER
FM,KACHEGUDA FALAKNUMA,17.332197,78.474481,,
FN,Farukhnagar,28.467066,76.828486,Haryana,NR
FNB,FATEHNAGAR,17.456196,78.450258,,
FNO,FUNGO HALT,25.61873,86.604476,Bihar,ECR
FOCM,FLYOVER CABIN MUGHALSARAI,25.289359,83.172391,,
FPS,Fatehpur Shekhawati,28.000728,74.971043,Rajasthan,NWR
FRD,FARHEDI,28.711717,78.793716,Uttar Pradesh,NR
FRDH,Faridaha Halt,25.557959,83.126022,Uttar Pradesh,NER
FRG,Faringapete Halt,12.875341,74.957082,,
FRH,Farhatnagar,27.081164,80.143212,Uttar Pradesh,NR
FSG,PHURSUNGI,18.455829,74.026016,Maharashtra,CR
FSP,FATEH SINGHPURA,26.82161,77.146961,Rajasthan,WCR
FSR,FAQARSAR,30.189431,74.572572,Punjab,NR
FSW,Fateh Singhwala,29.919979,74.029894,Rajasthan,NWR
FTC,Fatehpur Chursi,26.843511,80.26179,Uttar Pradesh,NR
FTD,Fatehabad Chowk Junction,23.009106,75.673338,Madhya Pradesh,WR
FTG,FURSATGANJ,26.244522,81.415651,,
FTH,FATUHI,30.056984,73.871319,Rajasthan,NR
FTP,FATEHPUR,25.917489,80.801869,,
FTS,FATEHPUR SIKRI,27.093989,77.670597,Uttar Pradesh,NCR
FUT,FATWA,25.50144,85.305488,,
FYZ,FAIZULLAPUR,25.869213,80.893347,,
FZD,FIROZABAD,27.147415,78.386691,,
FZL,FAZALPUR,29.593741,78.277954,,
FZP,Firozpur City,30.962007,74.600792,Punjab,NR
FZR,FIROZPUR CANT,30.942486,74.618439,Punjab,NR
G,GONDIA JN,21.462435,80.190842,,
GA,GUDHA,26.950042,75.128292,,
GAA,GALAN,20.6096,75.277,,
GAD,Gevra Road,22.348524,82.64566,Chhattisgarh,SECR
GADH,Goaldih,21.726323,85.546265,Orissa,?
GADJ,GANDHINAGAR JAIPUR,26.873067,75.79828,,
GADM,Ganga Dham,27.20976,81.930509,Uttar Pradesh,NER
GAE,GAIPURA,25.16045,82.386249,,
GAG,GANGAGHAT,23.361398,85.50705,,
GAGA,Galgalia,26.52752,88.113485,,
GAH,Gawnaha,27.269839,84.520176,Bihar,ECR
GAHT,Ghusia Halt,25.19195,84.247904,,
GAI,GOUCHHARI,25.438434,86.674696,,
GAJ,GANESHGANJ,23.895862,79.074633,,
GAJB,GAJARA BAHARA,24.05344,82.311761,Madhya Pradesh,WCR
GAJU,Gaju Halt,27.204231,80.372973,Uttar Pradesh,NR
GAL,GHATLA,27.731813,76.628452,Rajasthan,NWR
GALA,GUNADALA,16.537426,80.667911,,
GALE,GANKAR,24.404804,88.072894,West Bengal,ER
GAM,GANJAM,19.395827,85.046719,,
GAMI,Gogameri,29.160244,75.035076,Rajasthan,NWR
GANG,GANGAGANJ,26.291456,81.201419,,
GANI,GHARNI,18.47697,76.758368,Maharashtra,?
GANL,GHANAULI,31.025994,76.592143,,
GAO,GAIGAON,20.720684,76.890093,,
GAP,GURPA,24.562542,85.29708,,
GAQ,GANJ KHAWAJA,25.273922,83.184363,,
GAR,GADARWARA,22.899459,78.791734,Madhya Pradesh,WCR
GARA,Garha,26.426289,85.520966,Bihar,ECR
GATD,Gautamdhara,23.349881,85.632995,Jharkhand,SER
GAUR,GAUR,26.913411,82.561158,,
GAW,Gainjahwa,27.454656,82.245065,Uttar Pradesh,NER
GAYA,GAYA JN,24.803978,84.999294,,
GB,GAURI BAZAR,26.594934,83.667801,,
GBA,GARHBETA,22.844562,87.320972,West Bengal,SER
GBB,GUBBI,13.321429,76.939264,Karnataka,SWR
GBD,GAURIBIDANUR,13.613081,77.512781,,
GBE,Gayabari,26.86004,88.260998,,
GBHA,GAROBIGHA HALT,24.826792,85.467153,,?
GBK,GOPALPUR BALKDA,20.432635,85.877909,,
GBN,GARH BANAILI,25.915091,87.535041,,
GBP,GULABPURA,25.902795,74.655954,Rajasthan,NWR
GBQ,GODBHAGA,21.416457,83.856969,,
GBRA,GOBRA,22.695504,88.279274,,
GBRI,Gobarwahi,21.514747,79.723237,Maharashtra,SECR
GBX,GOVINDPUR ROAD,23.061857,85.043579,,
GC,GHATKOPAR,19.085985,72.908591,,
GCAB,GCAB,21.204608,81.431558,,
GCH,GACHHIPURA,26.953522,74.454426,,
GCN,Gocharan,22.277738,88.45837,West Bengal,ER
GCT,GHAZIPUR CITY,25.583144,83.568045,Uttar Pradesh,NER
GD,GONDA JN,27.154613,81.978152,,
GDA,GODHRA JN,22.776974,73.603672,,
GDB,GIDDARBAHA,30.201319,74.663342,Punjab,NR
GDBR,GOONDA BIHAR,23.067871,86.081167,,
GDD,Gadra Road,25.743851,70.64304,Rajasthan,NWR
GDE,GARLADINNE,14.827324,77.592146,,
GDG,GADAG JN,15.437048,75.642481,Karnataka,SWR
GDGN,GAUDGAON,17.335973,76.530953,,
GDH,Gidnahali,13.406514,77.825134,,
GDHA,GODHA,28.005897,78.141225,Uttar Pradesh,NR
GDI,GUDGERI,15.124922,75.359604,Karnataka,SWR
GDK,GONDA KACHAHRI,27.140227,81.934027,,
GDKP,GHUNDANKHAPA,21.655105,78.42563,,
GDL,GONDAL,21.972471,70.795588,Gujarat,WR
GDM,GUDMA,21.416128,80.287678,,
GDN,GANGAIKONDAN,8.830736,77.786203,Tamil Nadu,SR
GDO,Goverdhan,27.520546,77.461643,Uttar Pradesh,NCR
GDP,GUDUPULLI,12.803672,78.27491,,
GDPL,GUNDLA POCHAMPALLI,17.568097,78.488371,Andhra Pradesh,SCR
GDPT,GUDAPARTI,17.028175,82.131139,,
GDQ,GODAMGURA,17.29025,77.867119,,
GDR,GUDUR JN,14.148227,79.845121,,
GDU,Gudru Halt,22.271895,80.11634,Madhya Pradesh,SECR
GDV,GUDIVADA JN,16.429888,80.987594,Andhra Pradesh,SCR
GDW,Gadhwala,27.970288,73.454923,,
GDX,GHOKSADANGA,26.422886,89.278011,,
GDY,GUINDY,13.007672,80.211922,,
GDYA,GHORADONGRI,22.126423,78.001987,,
GDZ,Gundardehi,20.948836,81.302351,Chhattisgarh,SECR
GEA,GHATERA,23.829387,79.673391,,
GEB,Garh Baruari,26.019349,86.605596,Bihar,ECR
GED,GULEDAGUDDA RD,16.069516,75.695659,Karnataka,SWR
GEDE,Gede,23.491197,88.786737,West Bengal,ER
GEG,Gir Gadhara,20.906347,70.919246,Gujarat,WR
GEK,GEGAL AKHRI,26.540366,74.775574,Rajasthan,NWR
GELA,Ghadela Halt,21.714044,78.888017,Madhya Pradesh,SECR
GEOR,GUNJARIA,26.218465,88.132222,,
GER,GERATPUR,22.917292,72.655151,,
GFAE,GARIFA,22.908445,88.409935,,
GG,GANDHIGRAM,23.02676,72.568831,Gujarat,WR
GGA,GHOGA,25.210305,87.160862,,
GGAR,GANGADHARA,21.141419,73.043566,,
GGB,GARHMUKTESAR BR,28.7614,78.14122,,
GGC,GANGAPUR CITY,26.468979,76.727708,Rajasthan,WCR
GGD,GULLAGUDA,17.416964,78.032773,,
GGG,Gangagarh Halt,27.850344,78.739109,,
GGH,Ghogardiha,26.282768,86.468503,Bihar,ECR
GGJ,GOSHAINGANJ,26.569524,82.384123,,
GGKR,GOVINDGARH KHOKHAR,29.992439,75.808328,Punjab,NR
GGLE,GANGATIKURI,23.71822,88.087286,West Bengal,ER
GGM,GORA GHUMA,23.038848,72.454405,,
GGN,GURGAON,28.489165,77.010739,Haryana,NR
GGO,Goram Ghat,25.635531,73.849246,Rajasthan,NWR
GGR,GANGRAR,25.061279,74.624757,Rajasthan,NWR
GGSY,GANGA SAHAI,25.269767,86.018783,,
GGT,GHUNGHUTI,23.343639,81.186241,,
GGTA,GHORAGHATA,22.458315,87.94424,,
GGV,Ghovarash Ghona,22.651678,88.782892,West Bengal,ER
GGY,Gagariya,25.741083,70.734877,Rajasthan,NWR
GH,GHUGHULI,27.053952,83.713775,Uttar Pradesh,NER
GHA,GOLEHWALA,30.789872,74.704406,Punjab,NR
GHAI,GHATIGAON,26.054864,77.92678,Madhya Pradesh,WCR
GHB,Gahri Bhagi,30.116783,74.944234,,
GHD,GARWA ROAD,24.214419,83.885116,,
GHE,GHEVRA,28.691982,76.998536,Delhi NCT,NR
GHER,GHER,26.666953,77.950981,,
GHG,GHAGGHAR,30.611145,76.848048,Punjab,NR
GHGL,GHAGWAL,32.504286,75.213604,Jammu and Kashmir,NR
GHH,GARHI HARSARU,28.43755,76.929697,Haryana,NR
GHJ,GURSAHAIGANJ,27.118804,79.732035,,
GHL,GOLHALLI,13.148289,77.413983,Karnataka,SWR
GHLE,GADADHARPUR,24.013197,87.691891,,
GHLU,Ghallu,30.256607,74.107821,,
GHN,GHORPARAN,24.741625,86.49853,,
GHNA,GOHANA,29.140297,76.689378,Haryana,NR
GHNH,GHANTIKHAL NIDHIPUR,20.510922,85.736186,,
GHPU,Gandhipuram Halt,17.495052,80.31352,Andhra Pradesh,SCR
GHQ,GARHWA,24.175195,83.813215,Jharkhand,ECR
GHR,GIDHAUR,24.856169,86.324005,,
GHRI,Ghori Halt,27.373959,80.503293,Uttar Pradesh,NR
GHS,Guru Harsahai,30.715001,74.399987,Punjab,NR
GHSR,GHASARA HALT,26.72284,79.360808,,
GHT,GHAGHARA GHAT,27.102683,81.503314,,
GHUM,Ghoom,27.008643,88.254223,West Bengal,NFR
GHX,GARHARA,25.440912,86.005308,,
GHY,GUWAHATI,26.182635,91.751851,,
GI,GUDUVANCHERI,12.844886,80.057147,,
GIA,Garia,22.465959,88.404673,West Bengal,ER
GIBP,GHOGHI BARIARPUR,25.205808,86.304082,,
GID,GIDDALUR,15.379008,78.925583,,
GIF,Gani Dham Halt,25.163454,86.98627,Bihar,ER
GII,GIDNI,22.488472,86.853201,,
GIL,GAISAL,26.184826,88.089507,,
GILA,GHIALA,32.151615,75.643939,Punjab,NR
GILL,GILL,30.840521,75.848169,Punjab,NR
GIMB,GANDHIDHAM BG,23.069086,70.147754,,
GIMC,GANDHIDHAM CABIN,23.095023,70.150716,,
GIN,GINIGERA,15.348226,76.247613,Karnataka,SWR
GIO,Goriyan,27.547928,75.26559,Rajasthan,NWR
GIR,Gainsari Junction,27.526839,82.544179,Uttar Pradesh,NER
GIS,Garhi Sandra,26.668256,77.76513,Rajasthan,NCR
GIT,GHORPURI TRANSH,18.525924,73.898769,,
GIW,Girdharpur,25.845508,76.794583,Rajasthan,NCR
GIZ,Gidam,18.934852,81.409001,Chhattisgarh,ECoR
GJ,GANGAJHARI,21.443153,80.058885,,
GJD,GUJHANDI,24.498121,85.463683,,
GJH,GOLDINGANJ,25.754174,84.827254,,
GJJ,GAJJELAKONDA,15.777382,79.401298,,
GJL,GAJRAULA JN,28.834938,78.250784,,
GJMB,Ganjmuradabad,26.987889,80.177008,Uttar Pradesh,NR
GJN,Gajner,27.935852,73.061554,Rajasthan,NWR
GJS,Gajsinghpur,29.658053,73.436739,Rajasthan,NWR
GJT,Gannaghatta,13.244119,78.146705,,
GJTA,GARUDIJHATIA,20.570067,85.828478,,
GJUT,GANGSAR JAITU,30.445082,74.879511,Punjab,NR
GJW,Gajuwala,29.585509,75.871735,Punjab,NR
GK,GOLA GOKARANATH,28.084651,80.475468,Uttar Pradesh,NER
GKA,Gokhula,27.069813,84.539763,Bihar,ECR
GKB,GHATAKA VARANA,25.506883,76.160353,,
GKC,GORAKHPUR CANT,26.750649,83.416821,,
GKD,GADHAKDA,21.237962,71.381719,Gujarat,WR
GKH,GUSKARA,23.489998,87.733397,,
GKHT,GRAM KHARIKA,25.672045,85.387906,,
GKJ,GOLAKGANJ,26.108359,89.83065,Assam,NFR
GKK,GOKAK ROAD,16.205164,74.738839,Karnataka,SWR
GKL,GOKULPUR,22.375923,87.293716,West Bengal,SER
GKM,GUNDALUKAMMA,15.985909,79.645362,,
GKP,GORAKHPUR JN,26.759311,83.381499,,
GKPE,GORAKHPUR EAST,26.75877,83.38739,,
GKPI,Gate Karepalli,17.500295,80.255103,,
GKT,Gankhera Halt,21.389118,80.191891,,
GKV,Gottihalli Halt,13.260622,78.155685,,
GKX,Ghai Kalan,30.822828,75.108915,,
GLA,GARLA,17.487076,80.139236,Andhra Pradesh,SCR
GLBA,GOLABAI,20.016866,85.555928,,
GLBN,GUJRAN BALWA,29.406801,77.301365,Uttar Pradesh,NR
GLD,Ghelda,23.361693,72.203102,Gujarat,WR
GLE,Gajulaguden,17.609727,80.657904,Andhra Pradesh,SCR
GLG,GULABHGANJ,23.684375,77.912351,,
GLGT,Golaghat,26.508626,93.96119,Assam,NFR
GLH,Gulaothi,28.582962,77.801799,Uttar Pradesh,NR
GLI,GALSI,23.358032,87.681236,,
GLKN,Gugalwa Kirtan,28.545807,75.576076,,
GLMA,GULMA,26.802802,88.403784,West Bengal,NFR
GLNA,GULANA,27.10333,76.564974,Rajasthan,NWR
GLP,GOLLAPROLU,17.151664,82.290818,,
GLPT,GOALPARA TOWN,26.126535,90.620659,Assam,NFR
GLTA,GAHLOTA,26.672372,74.967557,Rajasthan,NWR
GLU,GULLIPADU,17.409805,82.63345,,
GLV,GULVANCHI,17.172707,75.05678,Maharashtra,CR
GLY,GOLLAPALLY,16.818903,78.157285,,
GM,GARMADI,23.72788,71.13394,,
GMA,GUDIMETTA,15.424449,79.010485,,
GMAN,GUMANI,24.798952,87.805278,,
GMC,KANPUR GOODS MARSHAL,26.452292,80.33956,,
GMD,GURAMKHEDI,22.682206,78.077821,Madhya Pradesh,WCR
GMDA,GUMADA,18.889176,83.457557,,
GMDN,GIRIMAIDAN,22.340478,87.306151,West Bengal,SER
GMG,GUMGAON,20.993596,79.030314,,
GMH,GAMHARIA,22.796889,86.102793,,
GMI,Gond Umri,21.003133,80.082136,,
GMIA,GUMIA,23.802651,85.828922,,ECR
GMK,GULMA KHOLA,26.83822,88.43738,,
GMM,Gumman,30.842438,76.97194,Himachal Pradesh,NR
GMN,GOREGAON,19.164447,72.849389,Maharashtra,WR
GMO,GOMOH JN,23.873106,86.14823,,
GMR,GAHMAR,25.488685,83.804431,,
GMS,GARHMUKTESAR,28.781743,78.073508,,
GMU,GAURIYAMAU,26.757029,81.79366,,
GMX,GURMURA,24.354898,83.047774,,
GMZ,GUMANI HAT,26.474071,89.239264,,
GNA,GONEANA,30.318715,74.90948,Punjab,NR
GNAN,Gonda Jn,27.153922,81.977618,,
GNB,JNANA BHARTI HALT,12.935329,77.511242,Karnataka,SWR
GNC,Gandhinagar Capital,23.233379,72.629162,Gujarat,WR
GNCN,GURLA N CABIN,25.29723,75.904656,,
GND,Govindgarh Malikpur,27.240582,75.645001,Rajasthan,NWR
GNDI,GONDWALI,24.217438,82.519981,Madhya Pradesh,WCR
GNDM,Gunrajpur Dhama,26.069449,84.821135,,
GNG,GAURIGANJ,26.20341,81.686726,,
GNGD,GANGADHARPUR,19.815673,85.293235,,
GNGL,Gangauli,25.668107,82.863093,Uttar Pradesh,NER
GNGR,GUNGRANA,30.714577,75.82596,,
GNGT,Gangatolia,22.392169,79.986339,,
GNH,GANGAKHER,18.973377,76.755511,Maharashtra,SCR
GNHI,GANDHI HALT,25.572001,84.961547,,
GNJ,GUNJI,15.543116,74.479367,Karnataka,SWR
GNK,Garhnokha,25.097244,84.122838,Bihar,ECR
GNL,Gongle,21.222011,80.147349,Maharashtra,SECR
GNN,GANGINENI,16.781754,80.498954,Andhra Pradesh,SCR
GNNA,GANGANI,25.265514,86.593002,,
GNO,GOREGAON ROAD,18.162498,73.30253,Maharashtra,KR
GNP,GHANPUR,17.850625,79.376899,,
GNPR,Gunupur,19.069059,83.80996,Orissa,ECoR
GNQ,GODHANI,21.21103,79.068176,,
GNR,GADIGANURU,15.219036,76.599178,Karnataka,SWR
GNRD,Genoli Road,25.203127,75.152338,,
GNRL,GANGRAUL,28.28297,77.75473,,
GNS,Ghonsor,22.658083,79.95091,Madhya Pradesh,SECR
GNST,GANDHI SMRITI,20.920848,72.921021,,
GNT,GUNTUR JN,16.300784,80.441973,,
GNTR,Gauntra Halt,27.134446,80.217856,Uttar Pradesh,NR
GNU,GANAUR,29.130776,77.01075,,
GNVR,GONDWANAVISAPUR,19.882639,79.328723,,
GNW,Gangiwara,22.097988,78.846139,Madhya Pradesh,CR
GNZ,Gahndran Halt,31.117935,75.424279,Punjab,NR
GO,GHOTI,19.722911,73.635944,,
GOA,GOHAD ROAD,26.480421,78.439153,Madhya Pradesh,NCR
GOC,PONMALAI GOLDEN ROCK,10.791837,78.709755,,
GOD,GIDARPINDI,31.152633,75.124514,Punjab,NR
GOE,GHOGRAPUR,26.450742,91.539986,,
GOF,Ghutiari Sharif,22.367665,88.552115,West Bengal,ER
GOG,GHORGHAT,25.27073,86.58456,,
GOGH,GOSSAIGAON HAT,26.429107,89.971589,,
GOH,GAROT,24.279092,75.684322,,
GOK,GOKARNA ROAD,14.582791,74.367197,Karnataka,KR
GOL,GOILKERA,22.50529,85.379352,,
GOLE,GOLE,25.891938,72.00004,Rajasthan,NWR
GOP,GOP JAM,22.05397,69.908091,Gujarat,WR
GOPA,Ghosipura,26.215133,78.150553,Madhya Pradesh,NCR
GOPG,Gopalganj,26.454202,84.435547,Bihar,NER
GOPL,GUNDLA POCHAMPALLI,17.567577,78.487851,Andhra Pradesh,SCR
GOS,GHOSRANA,27.179904,76.90338,,
GOT,GOT,28.870965,78.823001,Uttar Pradesh,NER
GOTN,GOTAN,26.652201,73.737284,,
GOVR,GOVINDNAGAR,26.864223,82.707468,,
GOX,GOBINDPUR DUGLI,26.085299,83.791513,,
GOY,GOVINDPURI,26.454423,80.313203,,
GP,RAJ GANGPUR,22.186062,84.582051,,
GPAE,GUPTIPARA,23.197355,88.4178,West Bengal,ER
GPB,GHATPRABHA,16.240719,74.759823,Karnataka,SWR
GPBN,Gandhi Park Halt,18.652066,77.893393,,?
GPC,GHATPINDRAI,22.952676,79.26631,Madhya Pradesh,WCR
GPD,GUMMIDIPUNDI,13.409631,80.123431,,
GPDE,GUDIPUDI,16.433946,80.205304,,
GPE,GOGIPOTHIA HALT,26.250043,87.284335,,
GPH,GARPOS,22.134204,84.418434,,
GPI,GAJAPATINAGARAM,18.293291,83.333902,,
GPJ,Gorapur,18.346936,82.79406,Andhra Pradesh,ECoR
GPPR,GOPALPUR,23.083596,70.103016,,
GPR,GHORPURI,18.527821,73.893448,Maharashtra,CR
GPRW,GHORPURI WEST,18.531688,73.89179,,
GPSA,Ghatparsia Halt,22.059739,79.052852,,
GPT,GOPALAPATNAM,17.748818,83.214877,,
GPU,GULAPALYAMU,15.087043,77.39921,,
GPW,GHAUNSPUR,31.870626,75.637528,,
GPX,Gautampura Road,23.200889,75.68199,Madhya Pradesh,WR
GPY,GANGAYAPLLE,14.554119,78.717463,,
GQL,GURLA,25.270233,75.885268,,
GQLN,GURLA N,25.293603,75.900299,,
GQLW,GURLA W,25.29033,75.884831,,
GQN,Garhani,25.411893,84.569616,Bihar,ECR
GR,GULBARGA,17.314372,76.824438,,
GRA,GHARAUNDA,29.541636,76.96575,,
GRAE,GURAP,23.02534,88.112282,,
GRAK,GARKHA,27.748518,78.88429,,
GRB,GARHDHRUBESWAR,23.509341,86.617006,West Bengal,SER
GRBH,GAREA BIHAR,24.128949,85.915528,,
GRBL,GARUDUBILLI,18.21449,83.350493,,
GRCP,G. Ramchandrapur,19.990686,83.330182,,
GRD,Giridih,24.182256,86.314645,Jharkhand,ER
GRE,GOLA ROAD,23.545551,85.697139,,
GRF,GAMBHIRI ROAD,24.693873,74.671009,Rajasthan,WR
GRFB,GAMBHIR BR,23.226323,75.637187,,
GRG,Guwarighat,23.110295,79.927613,Madhya Pradesh,SECR
GRH,GHORASAHAN,26.820287,85.127627,,
GRHM,Gir Hadmatiya,20.988488,70.687208,Gujarat,WR
GRI,GURIYA,25.998261,73.955291,Rajasthan,NWR
GRJA,GORINJA,22.175991,69.041194,Gujarat,WR
GRKA,Gurha Kemla,28.313586,76.255249,,
GRKN,Gorakhnath,20.308158,86.260098,Orissa,ECoR
GRL,GORAUL,25.931049,85.318477,,
GRM,GARHMAU,25.506271,78.687944,,
GRMA,Ghormara,24.442298,86.86392,Jharkhand,ER
GRMP,GANGARAMPUR,25.390399,88.516447,,
GRMR,Garhi Manikpur,25.786329,81.403153,Uttar Pradesh,NR
GRMT,GUR MARKET,16.701278,74.264117,,
GRN,GURNAY,29.874367,75.804677,Punjab,NR
GRNA,GURHANWA,26.74758,85.215756,,
GRO,GURRA,22.632067,77.86729,Madhya Pradesh,WCR
GRP,GANGPUR,23.223525,87.928116,,
GRPA,Garhpura,25.65472,86.209037,Bihar,ECR
GRR,GORPHAR,25.58542,87.671798,,
GRRG,GURLI RAMGARHWA,27.185739,83.771432,Uttar Pradesh,NER
GRRU,GURARU,24.811113,84.791831,,
GRU,GAROPARA,26.657438,89.485262,West Bengal,NFR
GRWD,GHORAWADI,18.720585,73.696982,,
GRX,GAURA,25.749367,82.091774,,
GRY,GORAYA,31.129722,75.774193,,
GRZ,Gurthuri,29.648169,76.177379,,NR
GS,GODHANESHWAR,22.68118,72.36834,Gujarat,WR
GSA,GUAGACHHA,26.501588,91.016332,,
GSB,GARNA SAHIB,31.780562,75.653492,Punjab,NR
GSD,Ghosunda,24.871222,74.534527,Rajasthan,NWR
GSDH,GARSANDA HALT,25.142617,86.011307,Jharkhand,ECR
GSGB,Gosaingram,24.248003,88.211777,West Bengal,ER
GSGJ,Ghausganj,27.135127,80.291827,Uttar Pradesh,NR
GSL,GODAPIASAL,22.530677,87.320806,West Bengal,SER
GSO,GHASO,29.531288,76.143369,Haryana,NR
GSP,Gurdaspur,32.044111,75.420769,Punjab,NR
GSPR,GOSALPUR,23.381806,80.059225,Madhya Pradesh,WCR
GSR,Garhshankar,31.21799,76.142417,Punjab,NR
GSRM,Gauri Sriram,26.76998,84.186761,,
GSW,GURSAR SHNEWALA,30.138927,74.88612,Punjab,NWR
GT,GHATKESAR,17.453116,78.678217,,
GTA,GOLANTHRA,19.219065,84.740668,,
GTD,GOURINATHDHAM,23.396294,86.275105,,
GTE,GOTHAJ,22.759954,72.801356,,
GTF,GUMTHAL,28.484002,78.757645,Uttar Pradesh,NR
GTI,GHUTAI,25.28943,79.441322,Uttar Pradesh,NCR
GTJT,GETOR JAGATPURA,26.836925,75.832384,,
GTK,GHUTKU,22.16819,82.085321,,
GTL,GUNTAKAL JN,15.17556,77.366611,,
GTLM,GOTLAM,18.111319,83.395734,,
GTLW,GUNTAKAL WEST,15.167523,77.342651,,
GTM,Ghatampur,26.151304,80.174712,Uttar Pradesh,NCR
GTNR,GOMATI NAGAR,26.860344,81.003433,,
GTP,Ghatpuri,28.125246,79.205936,Uttar Pradesh,NER
GTQ,Gumtali Halt,31.065852,75.636453,Punjab,NR
GTRA,GOTRA HALT,28.807889,77.30096,Uttar Pradesh,NR
GTS,GHATSILA,22.58616,86.479768,,
GTST,GAUTAMSTHAN,25.786859,84.663479,,
GTT,GOMTA,21.873815,70.729702,Gujarat,WR
GTU,GHAT NANDUR,18.722978,76.563483,Maharashtra,SCR
GTW,GATORA,22.053427,82.22767,,
GTWD,Ghatwad,20.92654,70.749611,Gujarat,WR
GTX,GOTHANGAM,21.294043,72.880104,,
GTY,GOLA PATI,23.798776,79.738652,,
GUA,Gua,22.218519,85.381896,Jharkhand,SER
GUB,GULARBHOJ,29.110784,79.301145,Uttarakhand,NER
GUD,GALUDIH,22.648872,86.410494,,
GUG,GARH JAIPUR,23.416142,86.142459,,
GUH,GULDHAR,28.703752,77.455792,Uttar Pradesh,NR
GUK,GUNTAKONDURU,16.45715,81.077533,Andhra Pradesh,SCR
GUL,GUJJANGIVALASA,18.230679,83.510888,,
GULR,GULER,32.004278,76.151266,Himachal Pradesh,NR
GUNA,GUNA,24.6405,77.314104,,
GUNS,GHUNAS,30.320113,75.420592,Punjab,NR
GUP,GAURIPUR,26.078321,89.952056,Assam,NFR
GUR,GANAGAPUR ROAD,17.340443,76.5903,,
GURN,Gurudas Nagar,22.199323,88.214928,West Bengal,ER
GUS,GHUMASAN,23.378699,72.449853,Gujarat,WR
GUSB,GHUMASAN BG,23.378259,72.449413,,
GUU,GUNDRATIMADUGU,17.532281,80.079953,Andhra Pradesh,SCR
GUV,GURUVAYUR,10.596896,76.045457,Kerala,SR
GUX,Gurhi,21.629554,76.580745,Madhya Pradesh,SCR
GUZ,GUMANI HAT,26.474681,89.239874,,
GVA,Ganguwada,18.667637,84.107224,Andhra Pradesh,ECoR
GVB,GUNERU BAMORI,24.461773,78.06254,,
GVD,GHOLVAD,20.08688,72.737991,Maharashtra,WR
GVG,GOVINDGARH,30.669483,76.297074,,
GVH,Govind Garh,27.499556,76.988058,Rajasthan,NCR
GVI,GARIVIDI,18.273268,83.530841,,
GVL,Gudlavalleru,16.348371,81.046037,Andhra Pradesh,SCR
GVMR,GOVINDI MARWAR,27.03169,75.093144,,
GVN,GODAVARI,17.007707,81.77083,,
GVP,Gate Vanampalli,17.448472,77.892616,,
GVR,GORESUAR,26.526056,91.720467,,
GW,GIRWAR,23.838186,78.936311,,
GWA,GANJ DUNDWARA,27.726403,78.939319,,
GWD,GADWAL,16.22509,77.809672,,
GWH,GHOSHAWAR,25.737421,85.243351,,
GWL,GWALIOR JN,26.216483,78.182292,,
GWM,GANNAVARAM,16.555839,80.795715,,
GWO,Gwalior NG,26.216473,78.182282,Madhya Pradesh,NCR
GWP,GANGAWAPUR HALT,26.958804,79.997994,,
GWS,GAUSHALA,29.298626,79.009802,Uttarakhand,NER
GWV,GOWDAVALLI,17.609541,78.468191,Andhra Pradesh,SCR
GWYR,Greenways Road,13.020276,80.251715,Tamil Nadu,SR
GXG,Geong,29.822358,76.466397,Haryana,NR
GY,GOOTY JN,15.149208,77.625823,,
GYJ,GOOTY JUNCTION CABIN,15.140041,77.650955,,
GYM,GUDIYATTAM,12.937471,78.916157,,
GYN,GYANPUR ROAD,25.280144,82.427288,Uttar Pradesh,NER
GZA,Gurujalas,16.548407,79.639066,,
GZB,GHAZIABAD,28.649702,77.431099,,
GZH,GULZARBAGH,25.597542,85.205232,,
GZKA,Gzka,27.607734,76.655091,,
GZL,GAZULAPALLI,15.43085,78.600125,,
GZM,GOUR MALDA,24.947944,88.110782,,
GZN,NEW GHAZIABAD,28.674404,77.438008,Uttar Pradesh,NR
GZO,GAZOLE,25.224984,88.198885,,
GZS,GIANI ZAIL SINGH SANDHWAN,30.613851,74.801905,Punjab,NR
GZT,GHAZIPUR GHAT,25.60028,83.604802,Uttar Pradesh,NER
HA,HARGAON,27.769192,80.728229,Uttar Pradesh,NER
HAA,HARWADA,14.740762,74.259657,Karnataka,KR
HAD,HARIPPAD,9.279602,76.462229,Kerala,SR
HAH,Hosa Agrahara,12.57046,76.361819,Karnataka,SWR
HAN,HINDAUN CITY,26.756164,77.031686,Rajasthan,WCR
HAPA,HAPA,22.468974,70.11814,Gujarat,WR
HAQ,HASTAVARMU,14.218403,79.1216,,
HAR,Hamirpur Road,26.016513,80.190689,Uttar Pradesh,NCR
HAS,Hassan Junction,13.003182,76.117359,Karnataka,SWR
HAT,HATHURAN,21.501091,72.969512,,
HATB,HATIBARI,21.309386,84.117939,,
HATI,HATI,24.68924,80.843299,Madhya Pradesh,WCR
HAUR,HAUR,22.365254,87.655069,,
HBD,HOSHANGABAD,22.75274,77.715594,,
HBE,Habibpur,23.211967,88.538423,West Bengal,ER
HBF,Hadobhangi Halt,18.821937,83.941761,Orissa,ECoR
HBG,HOWBAGH JABALPUR,23.156296,79.932199,Madhya Pradesh,WCR
HBJ,HABIBGANJ,23.221979,77.439429,,
HBL,HOMBAL,15.520136,75.576122,Karnataka,SWR
HBLN,HBL NAGAR,17.134017,78.27355,,
HBN,Haibargaon,26.355638,92.672506,Assam,NFR
HBP,HARPAR BOCHAHA,25.603437,85.757161,Bihar,ECR
HBQ,HUBLI EAST CAB,15.348063,75.155355,,
HBS,HEBSUR,15.42206,75.283878,Karnataka,SWR
HBU,Halbarga,17.98847,77.298175,Karnataka,SCR
HBW,HABIBWALA,29.349034,78.478973,,
HC,HINDU COLLEGE,13.118538,80.074903,,
HCAB,BMY H CABIN,21.220991,81.464891,,
HCM,HARISHCHANDRAPURAM,18.479093,84.121438,,
HCNR,Harichandanpur,21.328476,85.795395,Orissa,ECoR
HCP,HARCHANDPUR,26.34316,81.160841,,
HCR,HARISCHANDRPUR,25.403999,87.867051,,
HD,HARDA,22.338414,77.10084,Madhya Pradesh,WCR
HDA,HIRNODA,26.885336,75.327459,,
HDB,HALDIBARI,26.334952,88.781936,,
HDD,HADDINAGUNDU,15.153264,76.979148,Karnataka,SCR
HDE,HARDAS BIGHA,25.496924,85.327668,,
HDGR,HADGAON ROAD,19.332339,77.722863,Maharashtra,SCR
HDK,HANDIA KHAS,25.357472,82.18941,Uttar Pradesh,NER
HDL,HODAL,27.886147,77.38869,,
HDM,Hirdamali,21.342807,80.197137,Maharashtra,SECR
HDN,HAIDARNAGAR,24.498081,83.951049,,
HDP,HADAPSAR,18.526887,73.927844,,
HDS,HARIDASPUR,20.725882,86.116431,,
HDT,HARDATTPUR,25.276911,82.907599,Uttar Pradesh,NER
HDU,HARDUA,23.915054,80.283413,,
HDW,HALDWANI,29.215097,79.533732,Uttarakhand,NER
HEB,HEBBAL,13.042299,77.58606,,
HEI,HEGGERE HALT,13.341342,77.048296,Karnataka,SWR
HEM,HIMAYATNAGAR,19.416709,77.868855,Maharashtra,SCR
HEN,Heria Ph,21.974916,87.795566,,
HER,Her,18.426903,76.971306,Maharashtra,SCR
HET,HETAMPUR,26.611148,77.942969,,
HFZ,HAFIZPETA,17.482275,78.362655,,
HG,HOTGI,17.565668,75.989943,,
HGA,Hogla,22.255044,88.452384,West Bengal,ER
HGH,HAIDERGARH,26.621533,81.363162,,
HGI,HAGARI,15.151239,77.051747,Karnataka,SCR
HGJ,HARDUAGANJ,27.990476,78.128026,Uttar Pradesh,NCR
HGL,HARANGUL,18.385198,76.480912,Maharashtra,CR
HGR,HEMAGIRI,21.876504,83.742815,,
HGT,HINGANGHAT,20.542631,78.833925,,
HGY,HOOGHLY,22.904835,88.375632,,
HHD,HUNSIHADGIL,17.352906,76.646807,,
HHG,HEHEGARA HALT (E),23.790124,84.258524,,
HHL,HIREHALI,13.281576,77.188764,Karnataka,SWR
HHP,HARHAR FATEHPUR,29.562249,77.387342,,
HHR,Hridaypur,22.711098,88.470282,West Bengal,ER
HHT,Habanghata,13.226849,76.249522,Karnataka,SWR
HIH,HAJIGARH,23.007032,88.121403,,
HIJ,HIJILLI,22.319921,87.320169,,
HIL,Hilsa,25.317354,85.277079,Bihar,ECR
HIND,HIND,29.530389,77.363474,Uttar Pradesh,NR
HIP,HALDIPADA,21.571439,86.996648,,
HIR,HARINAGAR,27.156647,84.324507,Bihar,ECR
HIS,Hisua,24.859601,85.417826,,
HIVR,Hiwarkheda,21.431848,78.112944,,
HJI,HOJAI,26.001794,92.851752,Assam,NFR
HJL,HEJJALA,12.848285,77.418417,Karnataka,SWR
HJLI,HUGRAJULI,26.805203,92.358641,,
HJN,HOWRAH JN. CABIN,22.583533,88.342811,,
HJP,HAJIPUR JN,25.702909,85.2155,,
HK,HELAK,27.234442,77.378757,,
HKD,Hailakandi,24.680276,92.56789,Assam,?
HKG,HIRAKUD,21.479827,83.905097,,
HKH,Haranya Kheri,22.583661,75.776745,Madhya Pradesh,WR
HKL,HARKIA KHAL,24.363234,74.919665,Rajasthan,WR
HKNT,Hiwarkheda,21.40605,78.067716,,
HKP,HAKIMPUR,28.879482,78.658864,,
HKR,Kiwar Khed,21.186952,76.8767,Maharashtra,SCR
HLAR,HOLE ALUR,15.81959,75.646461,Karnataka,SWR
HLB,HADALA BHAL,22.487223,72.131796,Gujarat,WR
HLD,Haludpukur,22.742821,86.260765,Jharkhand,SER
HLDD,HALDI ROAD,29.039597,79.459679,Uttarakhand,NER
HLDR,HALDAUR,29.290082,78.27506,Uttar Pradesh,NR
HLE,Heelalige,12.81318,77.710974,Karnataka,SWR
HLIN,HOLDING LINE,26.438271,80.260213,,
HLK,HOLALKERE,14.038158,76.130054,Karnataka,SWR
HLKT,HALAKATTA,17.020771,76.990573,,
HLN,Hole Narsipur,12.786495,76.24646,Karnataka,SWR
HLP,HALDHARPUR,25.963348,83.67908,,
HLR,Halisahar,22.921499,88.436792,West Bengal,ER
HLTS,HALKATTA SHARIEF,17.017117,76.992568,,
HLV,Haliyuru,14.222474,76.336804,Karnataka,SWR
HLW,Hirnawali,29.710121,74.272416,Rajasthan,NWR
HLX,HILARA,24.951767,92.620511,Assam,NFR
HLZ,Haldia,22.045284,88.06589,West Bengal,SER
HM,HADMATIYA JN,22.427905,70.470438,Gujarat,WR
HMA,HUMMA,19.443283,85.075888,,
HMB,Harebetta,12.794145,75.593582,,
HMG,HAMIRGARH,25.187264,74.616939,Rajasthan,NWR
HMH,HANUMANGARH JN,29.614904,74.297633,Rajasthan,NWR
HMI,HIMMATANA,30.458736,75.867119,Punjab,NR
HMK,HINDUMALKOTE,30.147103,73.925834,Rajasthan,NR
HMO,Hanumangarh Town,29.574221,74.331202,Rajasthan,NWR
HMP,HEMPUR,27.616282,80.562649,,
HMPR,HURMUJPUR HALT,25.721525,83.352275,Maharashtra,CR
HMQ,HIMMATPURA,29.750497,75.860597,Haryana,NR
HMR,HAMIRA,31.45628,75.432702,,
HMRR,HAMARAPUR,18.81964,73.086161,Maharashtra,CR
HMT,HIMMATNAGAR,23.591655,72.960358,Gujarat,WR
HMZ,HIND MOTOR,22.683736,88.341605,,
HN,HATHBANDH,21.632219,81.846233,,
HNA,HONNAVAR,14.316931,74.433196,Karnataka,KR
HNB,Hasanabad,22.570155,88.912953,West Bengal,ER
HNC,HINDAN CABIN,29.940002,77.597212,,
HND,HINDOL ROAD,20.768563,85.424456,,
HNDR,HENDEGIR,23.697803,85.169817,,
HNEO,Hathbandh,21.631919,81.845773,,
HNG,HIRANGAON,27.175703,78.314619,,
HNH,HANUMANAHALLI,14.358948,75.998781,Karnataka,SWR
HNHL,Harnahalli,14.04849,75.458286,Karnataka,SWR
HNK,HANAKERE,12.565639,76.979837,Karnataka,SWR
HNL,HINGOLI DECCAN,19.726357,77.146758,Maharashtra,SCR
HNM,HINAUTARAMBAN,24.575192,80.943062,Madhya Pradesh,WCR
HNMN,HANUMAN STATION,15.149519,77.376873,,
HNN,HARANA KALAN,28.945425,77.039135,,
HNPA,HANDAPA,20.943324,84.684665,,
HNS,Hansi,29.088277,75.947241,Haryana,NWR
HNSL,HASLANG P.H.,23.091614,86.011923,,
HNU,HANSPURA,24.131207,75.646705,,
HNZM,Delhi Hazrat Nizamuddin,28.58701,77.253929,,
HOD,HALDITA BIHAR,26.165935,87.35901,,
HOH,HONAGANAHALLI,16.679401,75.732815,Karnataka,SWR
HOJ,HAMITONGANJ,26.688907,89.416841,West Bengal,NFR
HOL,HOL,21.198376,74.784857,,
HP,HARIPUR,26.012397,74.024928,Rajasthan,NWR
HPA,Hampapura,12.479685,76.394664,Karnataka,SWR
HPG,HUPPUGUDA,17.34071,78.481965,,
HPGM,HARIPUR GRAM,20.133572,85.707856,,
HPH,HANUMAPURA,15.971291,77.306203,,
HPI,Harapatti,25.881402,87.092628,Bihar,?
HPKA,HINOTIA PIPALKHERA,24.550797,77.770415,,
HPL,Haripal,22.831158,88.11854,West Bengal,ER
HPLB,Hatpuraini,25.155346,86.98459,,
HPLE,Hatpuraini,25.155826,86.98507,Bihar,ER
HPO,HASANPUR ROAD,25.714772,86.185371,,
HPP,HARPALPUR,25.290501,79.335461,Madhya Pradesh,NCR
HPR,HIRAPUR,20.42454,74.93666,,
HPRD,HAPA ROAD,23.540458,72.938107,Gujarat,WR
HPT,HOSPET JN,15.286807,76.38578,Karnataka,SWR
HPU,HAPUR,28.739613,77.779576,,
HQR,HIRENANDURU,17.258215,76.872212,,
HR,Harpalu,28.569054,75.491047,Rajasthan,NWR
HRB,HARRI,22.82794,81.882604,,
HRBR,HARUBERA,23.499949,85.760229,,
HRDR,HARSAR DEHRI,32.104872,76.038491,Himachal Pradesh,NR
HRE,HIRODIH,24.38304,85.596658,,
HRF,Hathras Kila,27.594876,78.058018,Uttar Pradesh,NCR
HRG,Hirdagarh,22.142795,78.517436,Madhya Pradesh,CR
HRH,HARTHALA,28.871987,78.735595,,
HRI,HARDOI,27.399414,80.147877,,
HRM,Hadmadiya,20.934947,70.841154,Gujarat,WR
HRN,HARAUNI,26.70651,80.748003,,
HRNG,HARPUR NAG HALT,26.386419,85.077136,Bihar,ECR
HRNR,HIRA NAGAR,32.487007,75.268733,Jammu and Kashmir,NR
HRO,Harua Road,22.661628,88.689994,West Bengal,ER
HRPG,HARPALGANJ,25.947583,82.405421,,
HRR,HARIHAR,14.515431,75.812314,Karnataka,SWR
HRS,HATHRAS JN,27.62483,78.137067,,
HRSN,HARISINGA,26.72438,91.985001,,
HRSR,Harish Nagar Halt,23.469777,88.777989,West Bengal,ER
HRT,Harnaut,25.371763,85.540722,Bihar,ECR
HRV,HARRAD,23.161136,81.90404,Madhya Pradesh,SECR
HRW,HARRAWALA,30.260892,78.097705,Uttarakhand,NR
HSA,HASIMARA,26.72689,89.347661,West Bengal,NFR
HSB,Hasanbazar Halt,25.266582,84.349296,Bihar,ECR
HSD,HOSDURGA ROAD,13.863274,76.133233,Karnataka,SWR
HSDA,Hansdiha,24.614194,87.08498,,
HSI,HARSAULI,27.864848,76.615189,Rajasthan,NWR
HSJ,HUSSAIN SAGAR J,17.426453,78.461904,,
HSK,HARISHANKER RD,20.626789,82.766036,,
HSL,HISVAHAL,20.283239,74.57099,,
HSM,HAUSNAGAR,24.646721,87.94988,,
HSP,HASANPARTHI RD,18.078262,79.50185,,
HSQ,HUSAINPUR,31.301125,75.320851,Punjab,NR
HSR,Hisar,29.152341,75.724305,Haryana,NWR
HSRA,Hosur,12.717606,77.822839,Tamil Nadu,SWR
HSX,Hoshiarpur,31.524074,75.905585,Punjab,NR
HSY,HARSINGPUR GOBA,27.430024,79.498254,,
HT,Hotar,22.308541,88.399008,West Bengal,ER
HTA,Hatighisa,26.68763,88.242284,,
HTC,HATHRAS CITY,27.599817,78.055069,,
HTCY,HITECH CITY,17.4694,78.384861,,
HTD,HATUNDI,26.354279,74.644566,Rajasthan,NWR
HTE,HATIA,23.311613,85.308218,,
HTGR,HATHIGADH,21.6201,71.444628,Gujarat,WR
HTJ,HATHRAS ROAD,27.622437,78.136899,,
HTK,HATKANAGALE,16.748424,74.422067,Maharashtra,CR
HTL,HATIKHALI,25.61107,93.090848,Assam,NFR
HTN,HATNA PUR,21.761852,78.334344,,
HTNL,HITNAL,15.335637,76.291469,Karnataka,SWR
HTW,Hathua,26.368902,84.340253,Bihar,NER
HTZ,HATHIDAH JN,25.367027,85.987826,,
HTZU,HATHIDAH UPPER,25.351823,85.987422,,
HUK,HOLAMBI KALAN,28.801187,77.102334,,
HUN,Hunsenahalli,13.399832,77.94645,,
HUP,HINDUPUR,13.819144,77.500362,,
HVD,HALVAD,23.018516,71.182909,,
HVL,HONNAVALLI ROAD,13.274499,76.390049,Karnataka,SWR
HVM,HAMSAVARAM,17.309947,82.484867,,
HVR,HAVERI,14.7943,75.410686,Karnataka,SWR
HW,HARIDWAR JN,29.947787,78.154899,Uttarakhand,NR
HWH,HOWRAH JN,22.584078,88.340999,,
HWHG,HOWRAH GOODS,22.590095,88.334688,,
HWR,HATWAR,26.044989,87.893032,,
HWT,HANWANT,26.059514,73.005205,Rajasthan,NWR
HWX,HABAIPUR,25.871926,92.985863,Assam,NFR
HX,CUDDAPAH,14.45169,78.829184,,
HXR,HANSAPORE,20.906867,72.925984,,
HYA,HADIAYA,30.337054,75.477006,Punjab,NR
HYB,HYDERABAD DECCAN,17.393363,78.467377,Andhra Pradesh,SCR
HYG,HOOGHLY GHAT,22.557209,88.331947,,
HYL,Hadyal,28.526883,75.265041,Rajasthan,NWR
HYT,HAIAGHAT,26.020321,85.878212,,
HZD,HAZARIBAGH ROAD,24.174583,85.892035,,
HZN,Hazrat Nagar Halt,28.633331,78.665909,Uttar Pradesh,NR
HZR,Hafizpur,28.671653,77.785833,Uttar Pradesh,NR
IAA,INDARA JN,25.987832,83.619611,,
IAM,Mai Halt,25.156632,84.987819,,?
IB,IB,21.815777,83.948781,,
IBH1,IBH1,21.861847,83.625911,,
IBH2,IBH2,21.87477,83.794136,,
IBH3,IBH3,22.01621,82.892472,,
IBH4,IBH4,22.029944,82.431192,,
IBH5,IBH5,22.019762,82.620084,,
IBH6,IBH6,22.021243,82.737917,,
IBHA,Ibha,21.206629,81.384639,,
IBHC,Ibhc,21.38637,81.741998,,
IBHD,Ibhd,21.443752,81.763465,,
IBHE,Ibhe,21.60083,81.815212,,
IBHF,Ibhf,21.682533,81.896133,,
IBHG,Ibhg,21.775184,81.988429,,
IBHH,Ibhh,21.846442,82.057491,,
IBL,INDRABIL,23.445294,86.781647,West Bengal,SER
ICBN,Icbn,25.296735,83.156976,,
ICG,ICHCHANGADU,11.371004,79.219755,,
ICL,Ichauli,25.520955,80.178833,Uttar Pradesh,NCR
ICP,ICHCHIPUTTUR,13.132795,79.638907,,
IDAR,Idar,23.835435,73.01088,Gujarat,WR
IDG,INDARGARH,25.727874,76.232938,,
IDGH,INDARGARH,25.775115,77.7382,,
IDGJ,IRADATGANJ,25.317889,81.819281,Uttar Pradesh,NCR
IDH,IDGAH AGRA JN,27.17265,77.997807,,
IDJ,IDALHOND,15.707929,74.518145,Karnataka,SWR
IDL,INDALVAI,18.548665,78.244351,Andhra Pradesh,SCR
IDM,Indemau,26.318344,80.767021,Uttar Pradesh,NR
IDP,INDUPALLI,16.479094,80.877069,Andhra Pradesh,SCR
IDR,INDI ROAD,17.211289,75.919616,Karnataka,SWR
IDS,Ishardaspur,25.947849,81.253954,,
IDT,Sidlaghatta,13.39219,77.865365,,
IFCO,IFFCO CABIN,23.179203,72.535718,,
IFFC,Iffco Cabin,23.212087,72.520108,,
IGL,IRINGAL,11.548117,75.608869,Kerala,SR
IGP,IGATPURI,19.694053,73.562379,,
IGR,INGUR,11.22501,77.587299,,
IGRL,INGORALA,21.823418,71.686981,,
IGTA,Ingohta,25.758384,80.126678,Uttar Pradesh,NCR
IGU,IRUGUR,11.017199,77.069134,,
IHP,INCHHAPURI,28.319499,76.718981,Haryana,NR
IJ,ITAUNJA,27.081067,80.891234,Uttar Pradesh,NER
IJK,IRINJALAKUDA,10.339456,76.280924,,
IK,IKRAN,27.211065,77.608741,,
IKD,Ikdori,26.037543,76.940934,Madhya Pradesh,NCR
IKI,ITKYALA,16.074589,77.852531,,
IKK,IKKAR,29.891989,78.099997,Uttarakhand,NR
IKR,Iklehra,22.207929,78.711385,Madhya Pradesh,CR
ILA,SILSIMAN,9.867401,78.200182,Tamil Nadu,SR
ILO,ILLOO,23.291633,85.858735,,
IMBG,Imlibigha Halt,25.300794,85.531371,,
IMGE,ISMAILPUR,24.815523,84.723433,,
IMLI,IMLI,25.555629,86.302557,,
IMR,IBRAHIMPUR,16.802926,75.719362,Karnataka,SWR
INCI,ISHAN CHANDI HALT,23.33365,87.739668,,
INDB,INDORE JN BG,22.71757,75.868429,Madhya Pradesh,WR
INDM,Indore Junction MG,22.717139,75.868072,Madhya Pradesh,WR
INJ,INNANJE,13.255586,74.76122,,
INK,INTAKANNE,17.727522,79.860507,Andhra Pradesh,SCR
INP,INDAPUR,18.297688,73.24465,Maharashtra,KR
IP,ICHHAPUR,22.799819,88.37342,,
IPG,IPPUGUDA,17.801312,79.326706,,
IPL,EDAPPALLY,10.034338,76.298271,,
IPM,ICHCHPURAM,19.110752,84.680427,,
IPPM,IPURUPALEM,15.851913,80.385122,,
IPPN,IPURUPALEM HALT,15.852303,80.385512,,
IPR,Islampur,25.138577,85.217301,Bihar,ECR
IQB,IQBALPUR,29.875114,77.803799,,
IQG,IQBAL GADH,24.346033,72.533782,Gujarat,NWR
IRA,ISRANA,29.291379,76.85286,Haryana,NR
IRN,Irgaon,23.421551,84.783251,Jharkhand,SER
IRP,IRAVIPURAM,8.866948,76.623059,,
ISA,ISARDA,26.170515,76.030637,,
ISH,ISARWARA,23.927214,78.548987,,
ISM,ISMAILA HARYANA,28.796977,76.746563,Haryana,NR
ITA,ITOLA,22.149889,73.156746,,
ITE,Intiyathok,27.275553,82.025442,Uttar Pradesh,NER
ITKL,ITAYAKALAN,23.049837,77.5462,,
ITKY,Itky,23.352211,85.127096,Jharkhand,SER
ITMA,ITARSI MARSHALING YARD,22.606346,77.759442,,
ITR,ITWARI,21.157819,79.119237,,
ITRN,Itwari Jn (Ng),21.156859,79.118302,,
IVL,ILAVELANGAL,8.937878,77.87235,Tamil Nadu,SR
IZN,IZZATNAGAR,28.388266,79.421171,Uttar Pradesh,NER
J,JALNA,19.830781,75.893142,Maharashtra,SCR
JA,JALIYA,21.816357,71.632491,Gujarat,WR
JAA,JHALIDA,23.370005,85.975282,,
JAB,YAMUNA BRIDGE AGRA,27.191512,78.038127,,
JAC,JALSU,26.844883,74.194547,,
JACN,JALSU NANAK,26.868694,74.250429,,
JADR,Jadar,23.745814,72.952369,Gujarat,WR
JAG,JALARGARH,25.953959,87.529496,,
JAIS,JAIS,26.262162,81.51914,,
JAJ,JHAJHA,24.779456,86.399854,,
JAK,Jakanur,15.845019,75.650291,Karnataka,SWR
JAL,JAWALI,25.462722,73.396871,Rajasthan,NWR
JALD,JALIYA DEVANI,22.420183,70.399597,Gujarat,WR
JAM,JAMNAGAR,22.493992,70.053879,Gujarat,WR
JAMA,Jama,24.345509,87.14492,Jharkhand,ER
JAN,JARANGDIH,23.769553,85.92881,,ECR
JAO,JAORA,23.627773,75.115632,Madhya Pradesh,WR
JAQ,JANDRAPETA,15.809517,80.333681,,
JAR,Junair Halt,25.273607,85.250696,,
JARI,Jari,24.587316,72.061232,Gujarat,NWR
JAT,JAMMU TAWI,32.706975,74.880117,Jammu and Kashmir,NR
JAU,JHAUA,25.613217,87.775043,,
JBB,Jambur,21.032797,70.593046,Gujarat,WR
JBCN,Joda Block Cabin,22.024168,85.43383,,
JBD,Jalalabad,30.60775,74.268446,Punjab,NR
JBG,JUNG BAHADURGNJ,27.768419,80.172851,,
JBK,JAGGAMBOTLA KRISHNAPURAM,15.551156,79.071072,,
JBN,JOGBANI,26.402263,87.263262,,
JBO,Jamadobu,23.715139,86.410031,Jharkhand,SER
JBP,JABALPUR,23.164636,79.950919,Madhya Pradesh,WCR
JBPN,Jabalpur Jn (Ng),23.164248,79.950772,,
JBR,JAHANGIRABAD ROAD,26.973937,81.247283,,
JBS,Jadoli Ka Bas,27.539231,76.880759,Rajasthan,NCR
JBU,Jabugam,22.28593,73.7605,Gujarat,WR
JBW,Jhabelwali,30.510447,74.602033,Punjab,NR
JBX,JABRI,23.294104,76.889341,,
JCH,JETHA CHANDAN,26.999949,71.308307,Rajasthan,NWR
JCL,JADCHERLA,16.752658,78.141972,,
JCN,Junichavand,21.385151,70.683667,Gujarat,WR
JCNR,JUCHANDRA,19.359862,72.872451,Maharashtra,CR
JCU,JAICHOLI,27.131193,77.397778,Rajasthan,WCR
JCY,JIND CITY,29.309693,76.317477,Haryana,NR
JDA,JASODA,27.08393,79.820294,,
JDB,JAGDALPUR,19.066004,82.013757,Chhattisgarh,ECoR
JDD,Jerthi Dadhia,27.731618,75.201077,Rajasthan,NWR
JDDA,JATHA,22.01598,82.875334,,
JDH,JAM JODHPUR JN,21.906659,70.031387,Gujarat,WR
JDI,JHARRADIH,21.999876,83.050747,,
JDL,JAGDEVWALA,28.310858,73.45575,Rajasthan,NWR
JDN,JAGUDAN,23.521841,72.401649,Gujarat,WR
JDNF,Jagudan,23.522071,72.401879,,
JDNM,JAGUDAN,23.521871,72.401679,,
JDNX,JOGINDER NAGAR,31.988433,76.788887,Himachal Pradesh,NR
JDP,Jadabpur,22.495442,88.374697,West Bengal,ER
JDPR,Jagdishpur,24.273109,86.525504,Jharkhand,?
JDPT,Jagdishpur,25.148228,86.98462,,
JDR,JIWDHARA,26.581722,84.906874,Bihar,ECR
JDW,JARAUDA NARA,29.42673,77.705438,Uttar Pradesh,NR
JEA,Nakaha Jungle,26.803135,83.360755,Uttar Pradesh,NER
JEN,JENAPUR,20.850842,86.06508,,
JEP,JEONATHPUR,25.231398,83.061895,,
JER,JALESWAR,21.79749,87.220491,,
JERD,JENAPUR PH,20.018615,85.786976,,
JES,Jaitsar,29.342839,73.652289,,
JET,JAMES STREET,17.433133,78.486911,,
JEUR,JEUR,18.260933,75.162471,,
JFG,JAFARGANJ,26.360277,82.582319,,
JGA,JOGIARA,26.407114,85.746733,,
JGBR,JOGESHWAR BIHAR,23.746057,85.6267,,
JGD,Jagadishpur,24.273027,86.525172,Jharkhand,ER
JGDL,JAGADAL,22.850814,88.394596,,
JGE,JAGANNATH TEMPLE GATE,11.737975,75.507837,Kerala,SR
JGF,JOGIDIH,24.276914,83.052288,,
JGG,JANGIGANJ,25.305317,82.350672,Uttar Pradesh,NER
JGJ,JAGESHARGANJ,26.02764,81.928866,,
JGJN,JUGIJAN,26.028001,92.81771,Assam,NFR
JGKS,JIGNI KHAS,25.802194,84.006273,,
JGM,JHARGRAM,22.454964,86.998532,,
JGN,Jagraon,30.801197,75.472759,Punjab,NR
JGNR,Jogendranagar,23.812162,91.310464,Tripura,NFR
JGP,Jalalpur,26.586308,84.311942,,
JGR,JASWANTNAGAR,26.872978,78.893731,,
JGW,JOGIWALA,31.093842,75.067432,Punjab,NR
JGWL,JAGJIVAN HALT,25.547892,84.630119,,
JGX,JARIAGARH,23.008842,84.986693,,
JGZ,Jamgaon,22.418426,80.198945,Madhya Pradesh,SECR
JHA,JAKHAURA,24.870821,78.400513,,
JHBN,JHAMATPUR BAHARAN,23.749987,88.098669,West Bengal,ER
JHD,Jehanabad,25.224705,84.989964,Bihar,ECR
JHDC,Jehanabad Court,25.201143,84.984156,Bihar,ECR
JHG,JHINGURA,25.124475,82.651346,,
JHH,JHALRA HALT,29.420302,78.176404,,
JHIR,JHIR,26.852187,76.114692,,
JHK,JETHUKE,30.288215,75.318381,Punjab,NR
JHL,JAKHAL JN,29.801813,75.824501,Haryana,NR
JHMR,JHIMRI,23.082344,86.029757,,
JHN,JAKHIM,24.828803,84.525678,,
JHP,JUHJARPUR,22.598117,77.755836,,
JHS,JHANSI JN,25.443585,78.552985,,
JHSA,JHANSI A CABIN,25.41949,78.545787,,
JHT,JUNEHTA,22.78247,78.596143,Madhya Pradesh,WCR
JHW,JHALAWAR ROAD,24.541893,75.919686,,
JHWR,Jhawar,32.002349,75.377777,Punjab,NR
JI,JHUSI,25.431145,81.916644,Uttar Pradesh,NER
JIA,JIGNA,25.157891,82.325555,,
JID,JAGI ROAD,26.126114,92.197461,Assam,NFR
JIGT,JIRIGHAT,24.810092,93.086879,,
JIL,JALILA ROAD,22.23946,71.820315,Gujarat,WR
JIND,JIND JN,29.328876,76.289617,Haryana,NR
JIR,JIRA ROAD,21.450312,71.345267,Gujarat,WR
JIT,JIRAT,23.098255,88.461461,West Bengal,ER
JITE,JITE,18.842284,73.119827,,
JJ,JAJAU,26.934561,77.936725,,
JJA,JAJAN PATTI,27.354894,77.573854,Rajasthan,WCR
JJG,JiaGanj,24.244268,88.27698,West Bengal,ER
JJJ,Jaijon Doaba,31.349656,76.134971,Punjab,NR
JJK,JHINJHAK,26.554994,79.734225,,
JJKR,JAJPUR KEONJHAR ROAD,20.943544,86.132518,,
JJN,Jhunjhunun,28.106884,75.390179,Rajasthan,NWR
JJP,Jhanjharpur,26.228493,86.267833,Bihar,?
JJR,JEJURI,18.286557,74.171451,Maharashtra,CR
JJT,JAI JAI WANTI,29.16948,76.369265,Haryana,NR
JJW,Jojwa,22.253213,73.642431,Gujarat,WR
JK,Jakolari,32.218706,75.545676,Punjab,NR
JKA,JAKHVADA,23.087208,72.135381,,
JKB,Jakhalabandha,26.563801,92.991109,Assam,NFR
JKDP,JANKIDAIPUR,19.888365,85.81927,,
JKE,JUKEHI,23.986873,80.432389,Madhya Pradesh,WCR
JKH,JAHANIKHERA,27.743838,80.239342,,
JKHI,Jakhod Khera,29.209394,75.57373,Haryana,NWR
JKI,Kauriaa Jungle,26.881072,83.299798,Uttar Pradesh,?
JKL,Jalal Khali,23.347508,88.513628,West Bengal,?
JKM,JANKAMPET JN,18.70264,78.05386,Andhra Pradesh,SCR
JKN,JAKHANIAN,25.740942,83.369563,Uttar Pradesh,NER
JKNI,Jharkhandi,27.433051,82.179756,Uttar Pradesh,NER
JKO,JAKKALACHERUVU,15.109121,77.726953,,
JKP,JHAREKAPUR,27.680642,80.728934,Uttar Pradesh,NER
JKPR,JAKHAPURA,20.917821,86.06534,,
JKR,JAULKHERA,21.838466,78.216684,,
JKS,Jaksi,23.222303,72.107648,Gujarat,WR
JKT,JEKOT,22.865616,74.159354,,
JKZ,Jitakheri,29.011779,75.987371,Haryana,?
JL,JALGAON JN,21.018115,75.562875,,
JLD,JARWAL ROAD,27.120389,81.540406,,
JLG,JULGAON DECCAN,19.384261,77.790475,,
JLHI,JHILAHI,27.072604,82.172878,,
JLL,JALALGANJ,25.612516,82.772465,,
JLLO,Jhilo,27.850784,75.890113,Rajasthan,NWR
JLM,JALIYA MATH,23.227583,72.877596,Gujarat,WR
JLN,JAKHALAUN,24.547359,78.341911,,
JLQ,JALPUR,29.012364,78.870355,Uttar Pradesh,?
JLR,JETALSAR JN,21.729374,70.57391,Gujarat,WR
JLRF,Jetalsar Jn,21.729584,70.57412,,
JLS,JALESAR ROAD,27.44546,78.16993,,
JLT,Jhamat Halt,27.200026,83.340382,,
JLW,JHALWARA,23.772191,80.473608,,
JLY,Jhilmili,22.054052,79.154333,Madhya Pradesh,SECR
JM,JALAMB JN,20.813007,76.573236,,
JMBL,JAMBHALI HALT,19.167016,77.592935,,
JMD,Jamdha,20.574085,74.985547,Maharashtra,CR
JMG,JAMGA,21.874971,83.564842,,
JMI,JAMGURI,26.387707,93.960448,Assam,NFR
JMIR,JAMIRA HALT,25.558928,84.709466,,
JMK,JAMUNAMUKH,26.108194,92.741306,Assam,NFR
JMKL,JAMUNIA KALAN,24.413061,74.888662,,
JMKR,JAWLMUKHI ROAD,32.015744,76.226427,Himachal Pradesh,NR
JMKT,JAMIKUNTA,18.290021,79.476918,,
JML,Jumnal,16.723002,75.714134,,
JMM,JAIMURTINAGAR F,26.836932,85.066065,,
JMN,JAMUAWAN,24.81523,85.292477,Bihar,?
JMNR,Jamner,20.806428,75.774823,Maharashtra,CR
JMP,JAMALPUR JN,25.313906,86.492285,,
JMPT,JIMIDIPETA,19.044582,83.422344,,
JMQ,JAMIRGHATA,24.916623,88.06776,,
JMRA,Jamira,24.307199,92.527405,Assam,?
JMS,JAMSAR,28.24751,73.398985,Rajasthan,?
JMT,JAMTARA,23.958904,86.805183,,
JMU,JAMUI,24.971949,86.254775,,
JMV,Jambara,21.943048,78.251975,Madhya Pradesh,CR
JMX,JAMUNI,23.762742,86.193727,,
JN,JHUND,23.160609,71.936147,,
JNA,JULANA,29.120124,76.396508,Haryana,NR
JND,JUNAGADH JN,21.530606,70.457612,Gujarat,WR
JNDO,Jehanabad Court,25.201223,84.984236,,
JNE,JANIYANA,25.827638,72.336284,Rajasthan,NWR
JNH,JANGHAI JN,25.549911,82.310962,,
JNK,Jhinkpani,22.420011,85.770662,Jharkhand,SER
JNKR,Janakinagar,25.881604,87.116949,Bihar,ECR
JNL,JANDIALA,31.589979,75.054412,,
JNM,Jayanagar Majilpur Halt,22.168635,88.415324,West Bengal,ER
JNN,Jamuniatand,23.75454,86.191952,Jharkhand,ECR
JNNA,JAMUNIATANR HALT,23.754898,86.192194,,
JNO,Junnor Deo,22.191279,78.592052,Madhya Pradesh,CR
JNP,JAGAN NATHAPUR,19.330649,84.868144,,
JNR,JANAKPUR ROAD,26.467914,85.700856,,
JNRD,Junagarh Road,19.874057,82.946083,,
JNRI,Jalandari,25.286385,75.342247,,
JNT,Jaintipura,31.773393,75.102192,Punjab,?
JNTR,JINTI ROAD,18.324954,74.877417,,
JNU,JAUNPUR JN,25.762849,82.699696,Uttar Pradesh,NR
JNUK,JAUNPUR KUTCHERRY,25.725186,82.692607,,
JNX,Jagnath Road Halt,25.270948,72.62821,Rajasthan,NWR
JNZ,Jenal,24.327312,72.037736,Gujarat,NWR
JO,JO JAGABOR,23.739453,73.453045,Gujarat,NWR
JOA,JANWAL,18.55964,76.755147,Maharashtra,SCR
JOB,ASALPUR JOBNER,26.900084,75.423467,,
JOBA,JOBA,24.096599,81.762682,Madhya Pradesh,WCR
JOC,JOYCHANDI PAHAR,23.516393,86.680339,West Bengal,SER
JOH,Juharpura,28.199319,74.84733,Rajasthan,NWR
JOK,Jodhka,29.493382,75.218369,Haryana,?
JOL,Jogal,21.696442,86.882714,Orissa,?
JOM,JOGI MAGRA,26.697862,73.818142,,
JON,JONHA,23.358959,85.608914,,
JONR,Jeonara Ph,22.467657,80.073534,Madhya Pradesh,SECR
JOO,KACHEGUDA JAMIA OSMANIA,17.411069,78.517784,,
JOP,JAUNPUR CITY,25.734125,82.666999,,
JOQ,JORAI,26.454875,89.803461,,
JOR,Jalor,25.35418,72.63429,Rajasthan,NWR
JOS,JOGESHWARI,19.136551,72.849066,Maharashtra,WR
JOX,JANAI ROAD,22.722379,88.26511,,
JP,JAIPUR,26.920203,75.786923,,
JPD,Jalalpur Dhai,26.021201,81.135977,Uttar Pradesh,?
JPE,JALPAIGURI ROAD,26.559017,88.709453,,
JPG,JALPAIGURI,26.51816,88.723026,,
JPH,JHANTIPAHARI,23.353363,86.904491,West Bengal,?
JPI,JHADUPUDI,19.028201,84.613031,,
JPL,JAPLA,24.538969,84.002866,,
JPM,JIYAPURAM,10.873546,78.606343,Tamil Nadu,?
JPML,JAI PRAKASH MAHULI,25.4538,85.600631,,
JPO,Jora Alapur,26.344599,77.802358,Madhya Pradesh,NCR
JPP,JALALPUR PANWARA,27.062313,79.873611,,
JPQ,JHAPANDANGA,23.064129,88.091187,,
JPR,JAKPUR,22.362509,87.389853,,
JPRD,JENAPUR ROAD,20.018355,85.786572,,
JPS,Jamalpur Shaikhan,29.699949,75.857438,Punjab,?
JPV,Jamtara Paraswara,23.091964,79.960351,Madhya Pradesh,SECR
JPZ,JOGIGHOPA,26.241537,90.576384,Assam,NFR
JRA,JARAIKELA,22.309556,85.113703,,
JRAE,JAUGRAM,23.078737,88.080887,,
JRBM,JIRIBAM,24.798849,93.124376,Assam,NFR
JRC,JALANDHAR CANT,31.306235,75.632106,,
JREA,Jhareda,27.476348,77.032106,,
JRG,Jugpura,21.668795,86.912796,Orissa,?
JRJ,JARGAON,28.560472,78.768653,Uttar Pradesh,NR
JRK,JERUWA KHERA,23.973745,78.478729,,
JRKN,Jorkian,29.832524,74.222151,Rajasthan,NWR
JRKT,JADARAMA KUNTE,16.284267,75.838661,Karnataka,SWR
JRL,Jharili,28.50653,76.374648,Haryana,NWR
JRLE,JANGIPUR ROAD,24.459515,88.04076,West Bengal,ER
JRLI,Jaroli,21.952769,85.419294,Orissa,?
JRMG,JAIRAMNAGAR,22.034344,82.296511,,
JRNA,Jirania,23.827373,91.431986,Tripura,NFR
JRO,JIRON,24.608534,78.361937,,
JRPD,JARAPADA,20.885087,84.887597,,
JRQ,JHAROKHAS,24.179616,83.164151,Uttar Pradesh,ECR
JRR,JUGAUR,26.881922,81.088561,,
JRRI,Jrri,25.308243,83.178547,,
JRS,JORAVASAN,20.729778,72.96576,Gujarat,WR
JRT,JARTI,18.890456,82.665101,Orissa,?
JRTR,Jurtara,22.253005,79.761272,,
JRU,CHIKJAJUR JN,14.126112,76.138705,Karnataka,SWR
JRW,JORAMOW,24.201663,86.707773,,
JRWN,Jirwan,21.681178,76.501037,,
JRX,Juriagaon,26.441079,92.644475,Assam,NFR
JRZ,JORANDA ROAD,20.623365,85.640413,,
JSA,Jasai,25.716785,71.24586,Rajasthan,?
JSB,Yamuna South Bank,25.902334,80.226651,Uttar Pradesh,NCR
JSC,Jalesar City,27.459871,78.30634,Uttar Pradesh,NCR
JSD,Jaisingder,25.755537,70.358859,Rajasthan,?
JSG,JHARSUGUDA JN,21.862274,84.017427,,
JSGR,JHARSUGUDA ROAD,21.850125,84.010526,,
JSH,Jaswantgarh,27.668988,74.443968,Rajasthan,NWR
JSI,JASALI,24.169914,71.914081,,
JSKA,JATAULA SAMPHKA,28.372602,76.799492,Haryana,NR
JSL,JASSOWAL HALT,30.799159,75.831803,,
JSM,JAISALMER,26.91655,70.928239,Rajasthan,NWR
JSME,JASIDIH JN,24.514517,86.644255,,
JSP,JAYASINGPUR,16.791339,74.551613,Maharashtra,CR
JSPN,JASPALON,30.784738,76.080152,,
JSPR,JASHAPAR,21.837131,69.873584,,
JSR,JASRA,25.280002,81.774617,Uttar Pradesh,NCR
JSRD,Jhankad Sarala Road,20.290186,86.304284,Orissa,?
JSRY,JHARSUGUDA R YARD,21.887644,84.071878,,
JSS,JASIA,29.005749,76.649455,Haryana,?
JSV,JARANDESHWAR,17.750767,74.07732,Maharashtra,CR
JTB,JAGATBELA,26.772224,83.278505,,
JTDM,Jatdumri Halt,25.474493,85.095063,,?
JTG,Jatinga,25.132585,93.007958,Assam,NFR
JTH,Jhoktahal Singh,30.80909,74.495544,Punjab,NR
JTI,JAITHARI,23.045187,81.797092,,
JTIN,Jethian,24.929548,85.314128,,
JTJ,JOLARPETTAI,12.560852,78.57782,,
JTK,Jhitkia,25.626133,88.052972,West Bengal,NFR
JTL,JHAPATER DHAL,23.367646,87.750181,,
JTN,Jotana,23.459002,72.29427,,
JTO,Jutogh,31.100734,77.122043,Himachal Pradesh,NR
JTP,Jetpur,21.735313,70.615184,Gujarat,WR
JTR,JATKANHAR,21.1798,80.821965,,
JTRD,JATH ROAD,17.2166,75.110555,Maharashtra,CR
JTS,Jatusana,28.331448,76.521104,Haryana,NWR
JTT,Jumapatti,19.004154,73.308384,,
JTTN,Jorhat Town,26.750692,94.217106,Assam,NFR
JTU,JAITIPUR,26.663567,80.688946,,
JTV,Jetalvad,21.35276,70.824718,Gujarat,WR
JTW,JAITWAR,24.740226,80.863876,Madhya Pradesh,WCR
JTX,JATPIPLI,23.076354,71.702216,,
JTY,JETHI,24.291967,72.507154,Gujarat,NWR
JU,JODHPUR JN,26.283765,73.02319,,
JUA,JARAUNA,25.55713,82.399136,Uttar Pradesh,NR
JUBS,Jubbasahani,26.17489,85.369793,,
JUC,JALANDHAR CITY,31.331665,75.591499,,
JUCT,JODHPUR CANTT,26.304264,73.075277,,
JUD,YAMUNANAGAR-JAGADHRI,30.116844,77.287602,,
JUDW,JAGADHRI WORKSHOP,30.135558,77.240819,,
JUH,JUJHARPUR,22.604977,77.75641,,
JUJA,JUJUMURA,21.239342,84.134611,,
JUK,JAULKA,20.285443,77.075909,Maharashtra,SCR
JUL,JHULASAN,23.326699,72.471355,Gujarat,WR
JULF,Jhulasan,23.326449,72.471105,,
JUNX,JUNONA HALT,19.476362,77.161843,,
JUP,Jhunpa,28.777449,75.521553,Rajasthan,?
JUR,JUTTURU,14.978847,77.898103,,
JUYA,Jodhpuriya,25.070196,74.814653,,
JVA,JAVALE,17.298963,75.157805,Maharashtra,CR
JVL,Jamwala,20.971057,70.772358,Gujarat,WR
JVN,JORAWARNAGAR JN,22.71246,71.641594,Gujarat,WR
JVT,JIVANTI HALT,24.080517,88.192446,West Bengal,ER
JW,JATWARA,26.86882,76.214055,,
JWB,JAWAI BANDH,25.114043,73.147325,Rajasthan,NWR
JWK,Jawaharpur Kamsan,27.52481,78.588278,,
JWKA,Jandwala Kharta,30.357634,74.029054,,
JWL,JAJIWAL,26.368058,73.222828,,
JWLS,JAWAN WALA SHEHAR,32.14165,76.003772,Himachal Pradesh,NR
JWN,Jiwa Arain,30.673761,74.355654,Punjab,NR
JWNR,Jawaharnagar,23.924911,91.895623,Tripura,NFR
JWO,JAWAD ROAD,24.557577,74.764389,Rajasthan,WR
JWP,JWALAPUR,29.928457,78.120775,Uttarakhand,NR
JWS,JHARWASAA,26.210097,74.7074,Rajasthan,NWR
JXN,JIRONA,19.407451,77.951395,Maharashtra,?
JYG,JAYNAGAR,26.589465,86.134871,,
JYM,JAI SAMAND ROAD,24.22064,73.86827,Rajasthan,NWR
JYP,JEYPORE,18.896375,82.554679,Orissa,?
KAA,KAURARA,27.029,78.664813,,
KAD,KHANDALA,18.755087,73.377469,,
KADH,Khairadih Halt,25.035047,84.054715,Bihar,ECR
KADI,Kadi,23.292133,72.326105,Gujarat,WR
KADL,Kumradol,24.695171,87.07556,,
KADR,Kadiyadra,23.885219,73.057502,Gujarat,WR
KAG,KODAGANUR,14.330509,76.033543,Karnataka,SWR
KAGR,KAGANGARH,29.83946,75.739115,Punjab,NR
KAH,KALHAR,23.978071,78.057178,,
KAI,KAIRLA,25.847435,73.19551,Rajasthan,NWR
KAJ,Kaliyaganj,25.6393,88.330404,West Bengal,NFR
KAJG,KARANJGAON,19.949383,74.924036,,
KAKN,Kaimarkalan,26.176561,77.222727,Madhya Pradesh,NCR
KAL,Kallai,9.977293,78.670312,Tamil Nadu,SR
KALI,Kaili,28.785394,77.75277,Uttar Pradesh,NR
KALS,KALAS HALT,15.086447,75.389978,Karnataka,SWR
KAMA,Kamta Halt,25.336744,85.277916,,
KAMG,KAMAKHYAGURI,26.484168,89.721829,,
KAMP,KAMALPUR,28.182673,77.839981,,
KAMR,Khurrampur,25.168723,85.221316,,
KAN,KHANA JN,23.320577,87.769547,,
KANJ,KANIL,22.867204,72.705473,,
KANO,Kanoh,30.992083,77.118006,Himachal Pradesh,NR
KANS,Kansiya Nes,21.244102,70.640042,Gujarat,WR
KAO,KALUBATHAN,23.758149,86.661294,,
KAOT,KAOTHA,20.737041,78.376203,,
KAP,KALIANPUR,26.503485,80.252892,,
KAPG,KALUPARA GHAT,19.896585,85.403651,,
KAPP,KHARIAPIPRA HALT,25.243589,86.627487,,
KAQ,KOLANUKONDA,16.448173,80.604782,,
KAR,KARNA,27.32161,80.196235,,
KARD,KAMAN ROAD,19.33655,72.919123,Maharashtra,CR
KARH,Kakraha Rest House,27.998447,81.420529,Uttar Pradesh,NER
KARO,Khario P.H.,23.835655,86.192092,,?
KARR,KHARAR,30.72638,76.636052,,
KART,KIRATPUR SAHIB,31.186811,76.563302,,
KASH,Kulthamabdullashah Halt,31.203335,75.848386,Punjab,NR
KASR,KANAS ROAD,20.06205,85.7428,,
KASU,KASU,18.64059,73.079446,Maharashtra,CR
KAT,KHATAULI,29.273712,77.736988,Uttar Pradesh,NR
KATA,KATILI,27.616759,80.614094,,
KATB,KHATKURA,22.477455,86.930224,,
KATI,Kanthi P Halt,21.788743,87.734128,West Bengal,?
KATL,KATOL,21.263201,78.590664,,
KATR,KATARIYA,23.289037,70.604533,,
KAU,Kachna,25.633738,88.024643,West Bengal,NFR
KAV,KALAMNA,21.168195,79.140955,,
KAVI,Kavi,22.472291,88.398084,Gujarat,WR
KAVM,KATHIVAKKAM,13.204344,80.316742,,
KAVR,KALAVUR HALT,9.567254,76.318097,,
KAW,KHAJRI,25.563234,77.617075,Madhya Pradesh,WCR
KAWL,KANDWAL HALT,32.282959,75.769823,Himachal Pradesh,NR
KAWR,KARWAR,14.821387,74.183139,Karnataka,KR
KAWT,Kanwat,27.589521,75.676266,Rajasthan,NWR
KAY,Karaimadai,11.238611,76.957617,Tamil Nadu,SR
KAYR,KAYAR,19.90643,78.907292,Maharashtra,?
KB,KHAIRATABAD,27.521338,80.740844,Uttar Pradesh,NER
KBA,Kurabalakota,13.666284,78.485843,Andhra Pradesh,SCR
KBE,KUREBHAR,26.409469,82.111598,Uttar Pradesh,NR
KBGB,Komagata Maru Budge Budge,22.492832,88.194422,,
KBGH,Karea Kadambagachhi,22.705299,88.534887,West Bengal,ER
KBH,KHANDBAARA,21.324398,74.101865,,
KBI,KAMBRGANVI,15.459597,74.875061,Karnataka,SWR
KBJ,KANTABANJI,20.474059,82.906517,,
KBK,Khamil Ghat,25.626813,73.864884,Rajasthan,NWR
KBKN,Khabra Kalan,29.322476,75.412296,,
KBL,KOPPAL,15.353868,76.143959,Karnataka,SWR
KBM,KOTABOMMALI,18.488355,84.199842,,
KBN,KARBIGWAN,26.200502,80.502629,,
KBP,KUBERPUR,27.221966,78.128812,,
KBPR,Kabakaputtur,12.768396,75.204502,Karnataka,SWR
KBQ,KUMRABAD ROHINI,24.467308,86.645348,,
KBR,KABRAI,25.385191,80.03824,Uttar Pradesh,NCR
KBRV,KANJARI BORIYAV,22.614849,72.921535,,
KBS,Kusmuda Block Station,22.342991,82.680149,,
KBSH,Krishna Ballabh,24.255819,86.482965,Jharkhand,ER
KBSN,KASBE-SUKENE,20.072296,74.027149,,
KBT,KADAMBATTUR,13.099513,79.862172,,
KBU,KASU BEGU,30.856795,74.671641,Punjab,NR
KBY,KHOIRABARI,26.626143,91.840413,,
KCA,KUCHMAN,25.318878,83.21503,,
KCAB,K-CABIN BONDAMUNDA,22.233321,84.913857,,
KCB,KUSLAMB,18.274834,75.777193,Maharashtra,CR
KCC,KRISHNA CANAL,16.477152,80.604553,,
KCCN,KCCN,25.239081,75.879265,,
KCD,KURICHEDU,15.913391,79.572175,,
KCF,KALCHINI,26.687507,89.447487,West Bengal,NFR
KCG,KACHEGUDA,17.389561,78.499756,,
KCHV,Kachchanvilai,8.579344,78.022519,Tamil Nadu,SR
KCI,Kallkiri,13.643625,78.801131,Andhra Pradesh,SCR
KCJ,KASIMPUR,26.257189,81.539941,,
KCKI,KECKHI,23.928363,84.146829,,
KCLA,Kenchanalu Halt,14.017784,75.285447,,
KCM,Kalasumudram,14.21716,78.099683,Andhra Pradesh,SCR
KCN,KARCHANA,25.313666,81.916127,,
KCNR,KACHNARA ROAD,23.829547,75.101751,Madhya Pradesh,WR
KCO,Kachhia Bridge,27.944171,78.863805,Uttar Pradesh,NER
KCP,Kalgupur,18.163878,77.19175,Karnataka,SCR
KCR,KHONKER,25.316453,77.578988,Madhya Pradesh,WCR
KCT,Kirakat,25.645355,82.924798,Uttar Pradesh,NER
KCU,Kachhiaa,27.973382,78.883109,Uttar Pradesh,NER
KCV,Krishnachandrapur,21.824613,86.82005,Orissa,SER
KCVL,KOCHUVELI,8.509254,76.8961,,
KCYN,KACHHIYANA HALT,25.133117,85.980111,,
KD,KUNDARKHI,28.680444,78.788065,Uttar Pradesh,NR
KDBA,Kodimbala Halt,12.718252,75.476631,Karnataka,SWR
KDBM,Khed Brahma,24.029406,73.041259,Gujarat,WR
KDBR,KHADKI BAZAR,19.406761,77.832038,,
KDE,KORADACHERI,10.771022,79.490035,Tamil Nadu,SR
KDER,KUNDER HALT,25.051321,86.185614,,
KDF,KHUNDAUR,26.020077,82.015054,Uttar Pradesh,NR
KDG,KEDGAON,18.482085,74.376373,,
KDGH,KODIGEHALLI,13.063358,77.575972,,
KDGI,KUDGI,16.530215,75.811482,Karnataka,SWR
KDGL,KONDRAPOL,16.785299,79.601075,,
KDH,KHARDAHA,22.725065,88.377157,,
KDHA,KARCHHA,23.104819,75.909843,Madhya Pradesh,WR
KDHI,Kaladehi,22.87917,79.83489,Madhya Pradesh,SECR
KDHL,Kundhela,22.227958,73.28142,Gujarat,WR
KDHN,Kandharan Halt,28.594924,75.45245,,
KDI,KUNDLI,22.278844,71.683949,Gujarat,WR
KDJ,KHUDAGANJ,27.184464,79.666264,,
KDJR,Kendujhargarh,21.66029,85.626905,Orissa,ECoR
KDK,KOHDAD,21.702623,76.365478,Madhya Pradesh,CR
KDKN,KENDUKANA,26.374067,91.63681,,
KDL,Kankroli,25.049119,73.909586,Rajasthan,NWR
KDLG,KUNDALGARH,24.02828,73.81051,Rajasthan,NWR
KDLR,KANDEL ROAD,20.126381,83.27893,,
KDM,KESAMUDRAM,17.686252,79.896471,Andhra Pradesh,SCR
KDMD,KANDAMBAKKAM,11.811502,79.386975,,
KDMR,KODIYAR MANDIR,21.739201,72.004602,Gujarat,WR
KDN,KUDATINI,15.21516,76.763569,Karnataka,SWR
KDNL,KADAYNALLUR,9.085394,77.363198,,
KDO,KADAKOLA,12.190407,76.663729,Karnataka,SWR
KDP,KONDAPURAM,14.773549,78.193462,,
KDPA,KHADAPA,19.00582,82.445719,,ECoR
KDPR,KUMEDPUR,25.433448,87.804358,,
KDPS,KADIPUR SANI HA,27.862753,80.779037,Uttar Pradesh,NER
KDQ,KADIPUR,25.44872,83.091303,Uttar Pradesh,NER
KDRD,KHULDIL ROAD,24.368372,82.86161,Uttar Pradesh,ECR
KDRI,Kendri,21.131542,81.729967,Chhattisgarh,SECR
KDRL,KONDRAPOL,16.784736,79.600292,,
KDRP,Kandarpur,20.396528,86.017399,Orissa,ECoR
KDS,KASUNDA JN,23.789989,86.395894,,
KDSD,KUDSAD,21.37682,72.91648,,
KDT,KHADARPET,14.983078,77.54277,,
KDTN,KADETHAN,18.477804,74.421733,,
KDTR,KIRODIMALNAGAR,21.926994,83.332507,,
KDTY,KADUTURUTTI HALT,9.756128,76.4926,,
KDU,KADAMBUR,9.002019,77.863633,Tamil Nadu,SR
KDV,KHADAVLI,19.356219,73.21871,,
KDX,KADABARI HAT,26.476201,88.730986,,
KDY,KETTANDAPATTI,12.626458,78.571491,,
KDZ,Kandaghat,30.965544,77.106996,Himachal Pradesh,NR
KE,KHARDI,19.579952,73.393442,,
KEA,KATRA,26.842992,82.204937,,
KEB,KARAMBELI,20.316435,72.901534,Gujarat,WR
KED,KENDUAPADA,21.030623,86.383531,,
KEE,KASEETAR,24.004444,86.75251,,
KEF,KRISHNAMA KONA,15.505221,78.267907,,
KEG,KARENGI,28.346844,79.041353,Uttar Pradesh,NR
KEH,KAPSETI,25.357848,82.717694,,
KEI,KASHI,25.326564,83.031939,,
KEJ,Kathleeghat,31.021478,77.103224,Himachal Pradesh,NR
KEK,KARKHELI,18.944571,77.7382,Maharashtra,SCR
KEM,KEM,18.177509,75.274626,,
KEMA,KUKMA,23.217031,69.766265,Gujarat,WR
KEMP,Kempalsad,21.087653,79.263378,,
KEMR,KEMRI,28.809864,79.197796,Uttar Pradesh,NER
KEN,KOTALA,13.606321,79.287254,,
KEP,Kelanpur,22.233139,73.277017,Gujarat,WR
KEPR,KOIRIPUR,26.02164,82.339595,,
KEQ,KACHHPURA,23.168783,79.903128,Madhya Pradesh,WCR
KER,KIRIHRAPUR,26.045501,83.737065,Uttar Pradesh,NER
KES,KESRI,30.264574,76.933887,,
KESR,Kesri Singhpur,29.950589,73.61854,Rajasthan,NWR
KEV,KELA DEVI,27.015612,77.329069,Rajasthan,WCR
KEX,KHEKRA,28.8715,77.288916,Uttar Pradesh,NR
KEY,KAGANKARAI,12.412541,78.510114,,
KEZ,Kelzar,19.98294,79.56394,Maharashtra,SECR
KFA,KOPARIA,25.661041,86.59816,Bihar,ECR
KFC,KALPATTICHATRAM,10.518066,78.234368,,
KFD,KARANJADI,17.998115,73.404252,Maharashtra,KR
KFE,KURIKAD,9.923277,76.37635,,
KFF,KOLDA,21.165523,73.893108,,
KFH,Katphal,18.232551,74.596032,Maharashtra,CR
KFI,KAPPIL,8.779435,76.67963,,
KFK,KATKA,25.250251,82.634249,Uttar Pradesh,NER
KFN,KANOR,24.459564,74.266275,,
KFP,Kukra Khapa,21.825569,78.897525,Madhya Pradesh,SECR
KFPR,KAFURPUR,28.865412,78.359332,,
KFQ,KUMARANALLUR,9.617136,76.531679,,
KFT,KAJRI,24.106792,84.072528,,
KFU,KOHAND,29.494782,76.968758,,
KFV,Kundara East,8.969608,76.691337,Kerala,SR
KFY,KARAPGAON,22.915557,78.98454,Madhya Pradesh,WCR
KGA,KHAGA,25.761853,81.102658,,
KGB,KARGI ROAD,22.297935,82.026832,,
KGBS,Kishangarh Balawas,28.262787,76.571554,Haryana,NWR
KGD,KALLIGUDI,9.695381,77.97402,,
KGF,KATHGHAR,28.826066,78.796689,,
KGFE,KATHGHAR EAST,28.832685,78.8095,,
KGFR,KATHGHAR RIGHT BANK,28.832108,78.808227,,
KGG,KHAGARIA JN,25.505891,86.465251,,
KGH,Kotegangur,13.982162,75.520656,,
KGI,KENGERI,12.918047,77.48431,Karnataka,SWR
KGIH,KALGURKI HALT,16.585004,75.775752,,
KGK,KANKURGACHHI ROAD,22.572603,88.385079,,
KGKD,Kang Khurd,31.126338,75.213236,Punjab,NR
KGL,KUPGAL,15.726256,77.219229,,
KGLE,KHAGRAGHAT ROAD,24.106842,88.226481,West Bengal,ER
KGM,KATHGODAM,29.266583,79.54633,Uttarakhand,NER
KGMR,KANGRA MANDIR,32.09449,76.276521,Himachal Pradesh,NR
KGN,Kurseong,26.877401,88.277001,West Bengal,NFR
KGP,KHARAGPUR JN,22.341432,87.328456,,
KGQ,KASARAGOD,12.491175,74.987652,Kerala,SR
KGRA,KANGRA,32.085157,76.262565,Himachal Pradesh,NR
KGS,KHONGSARA,22.551352,81.934151,,
KGVE,Konagavalli Halt,14.024985,75.496474,,
KGVL,Kadagaravalli,12.83778,75.696016,,
KGW,KARIGANURU,15.251727,76.43343,Karnataka,SWR
KGX,KANGINHAL,15.447817,75.719041,Karnataka,SWR
KGY,KULGACHIA,22.472352,88.020395,,
KGZ,KARUNGUZHI,12.531919,79.91149,,
KH,KAHILIYA,27.775896,79.960138,,
KHA,Khaigaon,22.011786,76.481257,Madhya Pradesh,WCR
KHAI,KHIRAI,22.374504,87.696628,,
KHAR,KHAR,19.069166,72.840078,Maharashtra,WR
KHAT,KHAT,21.242242,79.550792,,
KHBJ,KHANNA BANJARI,23.897087,80.822716,Madhya Pradesh,WCR
KHBV,KHARBAO,19.297247,72.983444,Maharashtra,CR
KHC,KHORANA,22.39349,70.829991,Gujarat,WR
KHD,KHODIYAR,23.156554,72.548244,Gujarat,WR
KHDB,KHODIYAR,23.156344,72.548034,,
KHDH,Karahdih Halt,25.068848,85.432679,,
KHDI,KHANDERI,22.361076,70.716676,Gujarat,WR
KHDP,KHUDLAPUR,27.098961,79.780273,,
KHE,KANKATHER,28.801361,78.180192,,
KHED,KHED,17.712059,73.408815,Maharashtra,KR
KHF,KHANTAPARA,21.39628,86.822911,,
KHGR,Kashinagar Halt,21.905394,88.201323,West Bengal,ER
KHH,KICHHA,28.913427,79.519746,Uttar Pradesh,NER
KHHJ,Khatkar Kalan,31.166967,76.02555,Punjab,NR
KHI,KURHANI,25.979631,85.339288,,
KHJ,KHAJRAHA,25.304158,78.478365,,
KHJA,KHANJA HALT,26.088482,82.744969,,
KHKN,KHERA KALAN,28.769718,77.115838,,
KHKT,KHOTKHOTI,25.952483,93.754761,Assam,NFR
KHLL,KETOHALLI,12.758926,77.335544,Karnataka,SWR
KHM,KUSMHI,26.72824,83.453837,,
KHMA,Khatima,28.915441,79.969431,Uttarakhand,NER
KHN,KHANYAN,23.046222,88.314472,,
KHNM,Kunda Harnamganj,25.714175,81.509547,Uttar Pradesh,NR
KHNP,Khanapur Deccan,17.942175,77.382161,Karnataka,SCR
KHNR,KACHNARA,23.808778,75.101024,,
KHOH,KHOH,25.209491,80.979976,Uttar Pradesh,NCR
KHPL,KHALIPALI,20.950218,83.536231,,
KHQ,KHARIK,25.388883,87.014958,,
KHR,Khairee Halt,22.343556,79.860374,,
KHRA,Khachera,27.53076,75.648912,Rajasthan,NWR
KHRI,Kharkhari,23.760124,86.234894,Jharkhand,SER
KHRJ,KUMBHRAJ,24.363097,77.079574,,
KHRK,Kharak,28.83755,76.308694,Haryana,NWR
KHRS,KHARESHWAR ROAD,23.062785,71.980472,Gujarat,WR
KHRY,KHAIRAHI,24.802037,82.985774,Uttar Pradesh,NCR
KHS,KHARSIA,21.99178,83.102414,,
KHSN,KHERA SANDHAN HALT,27.240587,77.727048,,
KHST,KASHANATTI,15.464278,74.829594,,
KHT,SRI KALAHASTI,13.746362,79.683041,,
KHTG,KHATGAON,21.26417,73.992081,,
KHTN,Khutauna,26.494365,86.397414,Bihar,ECR
KHTU,Khatu,27.116118,74.331631,Rajasthan,NWR
KHTX,KHED TEMPLE HALT,25.886234,72.109226,Rajasthan,NWR
KHU,KHURHAND,25.352584,80.49498,Uttar Pradesh,NCR
KHV,KARAINTHI,29.01382,76.481782,Haryana,NR
KHW,KHERODA,24.570581,74.068536,,
KHXB,KHAKHRECHI,23.056445,70.90346,,
KI,KONDAPALLI,16.623242,80.546693,Andhra Pradesh,SCR
KIA,KHARI AMRAPUR,23.390711,72.913948,Gujarat,WR
KIAT,KYATSANDRA,13.316196,77.148113,Karnataka,SWR
KID,KHAIRAR JN,25.451955,80.236073,Uttar Pradesh,NCR
KIF,Kuri,9.035099,76.817395,,
KIG,KOLAGHAT GOODS,22.435189,87.880874,,
KII,KILLE,11.43755,79.722552,Tamil Nadu,SR
KIJ,Kuldiha,22.333103,86.276641,Orissa,SER
KIK,Karaikal,10.925606,79.839712,,
KIKA,KURWAI KETHORA,24.117852,78.114978,,
KILE,KANDIVLI,19.204551,72.852098,Maharashtra,WR
KIM,KIM,21.399697,72.926702,,
KIN,Kapasan,24.86221,74.312762,Rajasthan,NWR
KIP,KHALILPUR,28.274856,76.678362,Haryana,NR
KIQ,Khai Phemeki,30.901617,74.551218,Punjab,NR
KIR,KATIHAR JN,25.548947,87.566409,,
KIRB,KATIHAR CBO MB,25.552735,87.578873,,
KIRP,KHIDIRPUR,22.5357,88.315889,,
KIS,KAPILAS ROAD,20.558554,85.993925,,
KISN,KALISEN,23.1816,87.162499,,
KIT,KHALLIKOT,19.611205,85.128091,,
KITA,KITA,23.364885,85.764248,,
KITN,KHIRI TOWN,27.902944,80.788481,Uttar Pradesh,NER
KIU,KINANA,29.227482,76.336659,Haryana,NR
KIUL,KIUL JN,25.171504,86.106198,,
KIV,KAIALSA,28.880252,78.560568,,
KIW,KANWALPURA,24.788625,75.98301,,
KIY,Kalayat,29.679484,76.228181,Haryana,NR
KIZ,KANSUDHI,22.789343,73.64823,,
KJ,KAJGAON,20.573753,75.140405,,
KJA,KHAJURHAT,26.525308,82.126813,Uttar Pradesh,NR
KJC,Kasganj City,27.814972,78.658063,Uttar Pradesh,NER
KJG,KARAJGI,14.851426,75.407636,Karnataka,SWR
KJGY,Khanalampura Gy,29.929193,77.583508,,
KJH,KAJRA,25.182766,86.261571,,
KJI,KHAJAULI,26.483942,86.161422,,
KJJ,KODAVALURU,14.564331,79.994908,,
KJKD,KANJIKODE,10.800919,76.755316,,
KJL,KHUMGAON BURTI,20.866943,76.401107,,
KJLU,KHARI JHALU,29.331864,78.218904,Uttar Pradesh,NR
KJM,KRISHNARAJAPURAM,13.000534,77.674016,,
KJME,KAJORAGRAM,23.615327,87.184665,West Bengal,ER
KJMG,KANJUR MARG,19.128181,72.928041,,
KJN,KANNAUJ,27.026507,79.926109,,
KJNC,KANNAUJ CITY,27.039814,79.909983,,
KJP,Khojeepura,25.918097,76.851134,Madhya Pradesh,NCR
KJPD,Kurinjipadi,11.572583,79.595999,Tamil Nadu,SR
KJR,Kalajhari,20.369711,85.838015,,
KJS,Krishnarajasagar,12.401426,76.567029,Karnataka,SWR
KJT,KARJAT,18.911158,73.320691,,
KJTW,KAJGAON TERHWAN,25.685669,82.70545,Uttar Pradesh,NR
KJU,KUNTIGHAT,23.016799,88.413149,West Bengal,ER
KJV,Khijadiya Junction,21.740875,71.275556,Gujarat,WR
KJW,KHAJWANA,26.923262,73.861764,,
KJY,Khurja City,28.252454,77.841161,Uttar Pradesh,NR
KJZ,KARONJI,23.282475,82.923013,Chhattisgarh,SECR
KK,KHADKI,18.56301,73.840513,,
KKA,KANKI,26.003233,87.864524,,
KKAE,Kaikala,22.839987,88.093379,West Bengal,ER
KKAH,KANKAHA,26.618868,81.007582,,
KKB,KARAK BEL,22.992315,79.341259,Madhya Pradesh,WCR
KKD,Kalkund,22.47801,75.85927,Madhya Pradesh,WR
KKDE,KURUKSHETRA JN,29.96944,76.852795,,
KKDI,Karaikkudi Junction,10.068518,78.793315,Tamil Nadu,SR
KKET,KAMRUP KHETRI,26.127178,92.081877,Assam,NFR
KKF,KANKARIA,23.008817,72.607102,,
KKG,KEKATUMAR,20.012339,77.100811,Maharashtra,SCR
KKGM,KAKIRIGUMMA,18.923382,83.007309,,
KKGT,Kalkalighat,24.58042,92.295272,Assam,NFR
KKHT,KAKARGHATTI,26.183484,85.948265,,
KKI,KARKELI,23.460957,80.919056,,
KKJ,KAKORI,26.885454,80.79835,,
KKK,Khakharia,21.653052,70.932064,Gujarat,WR
KKL,KALA BAKRA,31.475181,75.630348,Punjab,NR
KKLR,KAIKOLUR,16.551026,81.218316,Andhra Pradesh,SCR
KKLU,Kaklur,18.883305,81.619792,Chhattisgarh,ECoR
KKM,KAMALAPURAM,14.591762,78.666113,,
KKMB,KASTLA KASAMBAD,28.721071,77.710295,,
KKN,KHIRKIYA,22.166444,76.859447,Madhya Pradesh,WCR
KKNA,Khunkhuna,27.277761,74.49286,Rajasthan,NWR
KKNH,Karukhirharnagar Halt,25.891166,86.616491,,ECR
KKP,KOT KAPURA,30.578496,74.818173,Punjab,NR
KKPM,KALLAKKUDI PLGH,10.966119,78.948759,,
KKPR,KOKPARA,22.474065,86.642797,,
KKQ,KALAIKUNDA,22.329454,87.244,,
KKR,KHAKHRALA ROAD,22.897133,70.722232,,
KKRD,KIKAKUI ROAD,21.12908,73.481234,,
KKRH,KARAHIA,25.471614,83.771397,,
KKRL,Kakrala,30.367615,76.074534,Punjab,NR
KKRM,KAIKORAM,16.815341,81.364219,,
KKS,KURASTI KALAN,25.955085,80.752455,,
KKT,Kath Kuiyan,26.856802,84.047871,,
KKTA,Kollikhutaha,25.18966,86.987831,Bihar,ER
KKTI,KUTTAKUDI,11.591907,79.154962,,
KKU,KANAKPURA,26.92883,75.702559,,
KKV,Kunkavav Junction,21.653448,70.975052,Gujarat,WR
KKW,KANKAVALI,16.258777,73.719871,Maharashtra,KR
KKZ,Kottarakara,9.000279,76.765986,Kerala,SR
KL,KHERLI,27.200257,77.036424,,
KLA,KULWA,27.982509,78.007062,,
KLAD,KALANAD HALT,12.467679,74.998515,Kerala,SR
KLAR,KULPAHAR,25.29552,79.63751,Uttar Pradesh,NCR
KLAT,Khelpatta,21.274489,77.872524,,
KLB,KIRAOLI,27.133898,77.785812,Uttar Pradesh,NCR
KLBA,KALAMBHA,21.344635,78.558413,,
KLCR,Katlicherra,24.453018,92.547042,Assam,?
KLD,KHALILABAD,26.77453,83.055073,,
KLDI,KALDHARI,16.837853,81.678046,Andhra Pradesh,SCR
KLE,Kaithal,29.792735,76.397796,Haryana,NR
KLG,KALUNGA,22.222144,84.733673,,
KLGD,KOLLENGODE,10.626984,76.697715,,
KLGM,KALLAGAM,11.025615,79.005426,,
KLGR,KHALAIGRAM,26.55042,89.052194,,
KLH,Khemli,24.690834,73.842386,Rajasthan,NWR
KLHD,KOLHADI,20.900243,76.058938,,
KLI,Kauli,30.418388,76.519879,Punjab,NR
KLJ,KAMALGANJ,27.292663,79.620832,,
KLJI,KALIJAI,19.647604,85.151414,,
KLK,Kalka,30.837667,76.931759,Haryana,NR
KLKH,Kalladaka,12.845834,75.059842,,
KLKR,Kalikapur,22.412606,88.47503,West Bengal,ER
KLL,KALOL JN,23.244576,72.50363,Gujarat,WR
KLLF,Kalol Jn,23.244426,72.50348,,
KLM,KADLIMATTI,16.236489,75.796092,Karnataka,SWR
KLMC,KALAMBOLI,19.035625,73.114809,Maharashtra,CR
KLMD,Kollumangudi,10.980702,79.655933,,
KLMG,KALAMBOLI GOODS,19.035116,73.114949,Maharashtra,CR
KLMJ,Kalhe Majra,30.335841,76.211493,,
KLMR,KALAMASSERY,10.061818,76.326956,,
KLNA,KOLHANA HALT,24.810754,85.188728,Bihar,?
KLNC,Kullanchavadi,11.628136,79.667563,,
KLNK,Kalanaur Kalan,28.834924,76.389612,Haryana,NWR
KLNP,Kalinarayanpur,23.206506,88.573216,West Bengal,ER
KLNT,KALINAGAR,23.365861,88.335819,,
KLOD,Kelod,21.470222,78.891017,Maharashtra,SECR
KLP,KOTALPUKUR,24.741141,87.823724,,
KLPG,KAMALPURGRAM,23.166227,83.080298,Chhattisgarh,SECR
KLPM,KAILASAPURAM,8.847387,77.99461,Tamil Nadu,SR
KLQ,Kilikollur,8.918295,76.632794,Kerala,SR
KLRD,KALI ROAD,23.097473,72.577873,Gujarat,WR
KLRE,KHALARI,23.651055,85.001627,,
KLRS,KOLARAS,25.224926,77.590411,Madhya Pradesh,WCR
KLS,KOLATUR,10.700678,78.547696,,
KLSP,Kushal Pura,28.484266,75.764732,,
KLSX,Kaulseri,30.369503,75.941435,Punjab,NR
KLT,KULITALAI,10.932727,78.420893,Tamil Nadu,SR
KLTR,KALMITAR,22.234246,82.057635,,
KLU,KALLURU,14.924474,77.581419,,
KLV,KELVA ROAD,19.624601,72.790821,Maharashtra,WR
KLVA,KALVA,19.196049,72.997651,,
KLVD,KALAVAD,21.899698,69.808324,,
KLVR,Kolvihir,21.26585,77.854259,,
KLW,Kalwan Halt,22.076525,88.256019,West Bengal,ER
KLWL,KILANWALI PUNJAB,30.137221,74.11242,Punjab,NR
KLWN,KALWAN,29.701333,75.952638,Haryana,NR
KLX,KOLAKALUR,16.295186,80.627521,,
KLYH,Kallur Yedahli,12.421124,76.497258,Karnataka,SWR
KLYT,Kolayat,27.835319,72.955074,Rajasthan,NWR
KLZ,Keolari,22.374838,79.90885,Madhya Pradesh,SECR
KM,KALEEM,15.293341,74.188843,Goa,SWR
KMA,KAIMA,24.611085,80.845912,Madhya Pradesh,WCR
KMAE,KHAMARGACHHI,23.054229,88.44421,West Bengal,ER
KMAH,KAMATHE,17.477292,73.515552,Maharashtra,KR
KMBL,KHAMBHALIYA,22.217513,69.657344,Gujarat,WR
KMC,KAMAREDDI,18.32586,78.335858,Andhra Pradesh,SCR
KMD,KODUMUDI,11.076073,77.885771,Tamil Nadu,SR
KMDR,KARIMUDDIN PUR,25.700369,83.860581,Uttar Pradesh,NER
KMEZ,Kumar Maranga,19.038845,81.94987,,
KMGE,KUMAHU,24.976944,83.946305,,
KMGH,KAMARGANJ,25.236952,86.645723,,
KMH,KALAMALIA,14.667107,78.470174,,
KMHT,KARMAHAT,23.712696,85.541075,,
KMI,KUMHARI,21.243782,81.516054,,
KMJ,KAIMGANJ,27.540977,79.327216,,
KMK,KOMAKHAN,20.979703,82.457692,,
KMKD,KHAMKHED,20.904161,76.122339,,
KML,KAMTAUL,26.337348,85.808624,,
KMLI,KAMLI,23.863182,72.375949,Gujarat,WR
KMLM,Kelamangalam,12.6162,77.865703,Tamil Nadu,SWR
KMLP,KOMMARAPUDI,14.257777,79.893501,,
KMLR,Kamalur,18.854521,81.276887,Chhattisgarh,ECoR
KMM,KANNAMANGALAM,12.753547,79.161135,,
KMMD,Kirmiti Mendha,20.593933,79.774173,,
KMME,KUMARDUBI,23.747453,86.794065,,
KMNC,KUCHAMAN CITY,27.053547,74.851457,,
KMND,KUMENDI,23.766868,84.352452,,
KMNN,KHAMANON,30.775754,76.488695,,
KMNP,Kishan Manpura,27.299546,75.504945,Rajasthan,NWR
KMNR,Kamalnagar,18.240644,77.178835,Karnataka,SCR
KMP,KAMLAPUR,27.378437,80.822278,Uttar Pradesh,NER
KMPH,KAMALPUR HALT,25.518312,87.837462,,
KMPS,Kumara Patnam Bg Sdg,14.527464,75.780127,,
KMPT,KOMATIPALLI,18.023547,79.515892,,
KMQ,KUMBLA,12.590263,74.943503,Kerala,SR
KMQA,KOMALI,14.936387,77.927597,,
KMRD,KALAMB ROAD,18.371892,76.04934,Maharashtra,CR
KMRJ,KUMARGANJ,25.218816,88.065592,,
KMS,KARAMNASA,25.239738,83.430892,,
KMSD,Kumar Sadra,18.912986,81.671506,Chhattisgarh,ECoR
KMSI,Kumsi,14.051954,75.402042,,
KMST,KAMSHET,18.766938,73.552352,,
KMT,KHAMMAM,17.249347,80.138491,Andhra Pradesh,SCR
KMTI,Kumarhatti,30.889186,77.055981,Himachal Pradesh,NR
KMU,KUMBAKONAM,10.952962,79.388644,Tamil Nadu,SR
KMV,KARMAD,19.872664,75.537898,Maharashtra,SCR
KMX,KOMATIPALLI,18.381027,83.341047,,
KMZ,KATNI MURWARA,23.834356,80.401484,,
KMZA,Kankra Mirzanagar,22.658005,88.721428,West Bengal,ER
KN,KADALUNDI,11.133481,75.828033,Kerala,SR
KNAD,Kanad,21.649251,71.92634,Gujarat,WR
KNAR,KHANPUR AHIR,27.911754,76.589847,Rajasthan,NWR
KNB,KANIYAMBADI,12.809317,79.124418,,
KNBR,Kanaibazar,24.63874,92.326722,Assam,NFR
KNC,KANCHANPUR ROAD,24.065548,81.660307,Madhya Pradesh,WCR
KND,KANDRA,22.852966,86.047863,,
KNDI,KANDRORI,32.184403,75.668807,Himachal Pradesh,NR
KNDL,Khandel,26.952947,75.279878,Rajasthan,NWR
KNDP,KHANDIP,26.641031,76.911821,Rajasthan,WCR
KNE,KISHANGANJ,26.097746,87.949657,,
KNF,Khanudih,23.820218,86.192157,Jharkhand,SER
KNG,Kathunangal,31.7287,75.015194,Punjab,NR
KNGN,KANHEGAON,19.8173,74.571287,,
KNGR,Kashinagar Halt,18.856864,83.875696,Orissa,ECoR
KNGT,KARNAWAS,28.130539,76.590073,Haryana,NWR
KNH,Konch,25.995106,79.157707,Uttar Pradesh,NCR
KNHE,KANHE,18.762352,73.594016,,
KNHN,KANTHAN JN,21.225502,79.238908,,
KNHP,KANHAIPUR,25.45827,85.838512,,
KNJ,Krishnanagar City Junction,23.388714,88.493636,West Bengal,ER
KNJI,Karanjali,22.0353,88.245999,,
KNJJ,KANNJARA HALT,19.603965,77.210229,,
KNKD,Kankanadi,12.866703,74.881137,,
KNKP,KONDIKOPPA,15.431088,75.469303,,
KNKT,KANAKOT,22.488122,70.876238,Gujarat,WR
KNL,Kalanwali,29.835057,74.97985,Haryana,NWR
KNLE,Kanale,14.225099,74.959367,,
KNLP,KANAMALO PALLE,14.428769,78.925335,,
KNLS,KANALAS JN,22.319955,69.896549,Gujarat,WR
KNM,KANIMAHULI,22.482202,86.778394,,
KNN,KHANNA,30.707973,76.225134,,
KNNA,Khinaniyan,29.345637,74.717957,Haryana,NWR
KNNK,Kanina Khas,28.321249,76.300375,Haryana,NWR
KNNT,KUNNATHUR,12.360518,78.497376,,
KNO,KUNDGOL,15.258352,75.250168,Karnataka,SWR
KNP,KHANAPUR,15.637934,74.499757,Karnataka,SWR
KNPR,KENDRAPARA ROAD,20.498481,85.917437,,
KNPS,Kendposi,22.294845,85.732482,Jharkhand,SER
KNR,KANKINARA,22.86517,88.404501,,
KNRA,KACHNARIA,23.883958,76.878726,,
KNRG,KANHARGAON NAKA,19.943971,77.146226,Maharashtra,SCR
KNRI,KUNURI,23.916306,87.611518,,
KNRN,KANAROAN,22.600484,84.877026,,
KNRT,KUNERU,18.966946,83.440724,,
KNS,KANCHAUSI,26.597924,79.635426,,
KNSN,KARNA SUBARNA,24.035537,88.176458,West Bengal,ER
KNSR,KANASAR,28.145913,73.324726,Rajasthan,NWR
KNT,KANTH,29.059768,78.621471,,
KNU,Kanjh,23.298285,72.148428,,
KNVH,Kanivehalli,13.327121,75.898661,,
KNVT,KINWAT,19.618502,78.202435,Maharashtra,SCR
KNW,KHANDWA,21.823596,76.353227,Madhya Pradesh,CR
KNWF,Khandwa Jn,21.823906,76.353537,,
KNWS,KARANWAS,23.80408,76.808926,,
KNYR,Kaniuru Halt,12.717207,75.365526,Karnataka,SWR
KNZ,KALANOUR,30.082428,77.341227,,
KO,KOSGI,15.847872,77.236408,,
KOA,KARONDA,24.330273,78.265477,,
KOAA,KOLKATA CHITPUR,22.601175,88.385179,,
KODI,KODI,19.710119,76.005253,Maharashtra,SCR
KODN,KODUMUNDA,10.816931,76.142879,Kerala,SR
KODR,Kodinar,20.797371,70.695807,Gujarat,WR
KOF,Marwar Kori,24.911941,72.27384,Rajasthan,NWR
KOG,KONNAGAR,22.699453,88.341834,,
KOHL,KOHLI,21.273749,78.807616,,
KOHR,Kohir Deccan,17.608886,77.711977,Andhra Pradesh,SCR
KOI,KHODRI,22.665094,81.935696,,
KOJ,KOKRAJHAR,26.405057,90.274125,,
KOK,KORUKKUPET JN,13.12049,80.278377,,
KOKA,KOKA,21.263021,79.712409,,
KOL,KOLAD,18.392294,73.223871,Maharashtra,KR
KOLA,KOTLA,15.812034,78.037552,,
KOLE,KOLE,23.695961,85.104901,,
KOLI,KESHOLI,24.727194,76.790369,Rajasthan,WCR
KOLR,KOLNUR,18.496319,79.419909,,
KOM,Kodikkalpalaiym,10.786311,79.648699,,
KON,KUDALNAGAR,9.944876,78.108666,,
KONN,KONNUR,16.424621,77.884404,,
KONY,KISONI,23.301733,76.371773,,
KOO,KHUSROPUR,25.484893,85.387309,,
KOP,C SHAHU M RAJ KOLHAPUR TERM,16.70257,74.237695,Maharashtra,CR
KOPR,KOPAR ROAD,19.211345,73.077841,,
KOQ,KUTHUR,10.755434,79.718883,Tamil Nadu,SR
KORI,Khori,28.187268,76.498091,Haryana,NWR
KOTA,KOTA JN,25.223553,75.8805,,
KOTI,Koti,30.852821,76.994519,Himachal Pradesh,NR
KOTR,KORATTUR,13.113345,80.184062,,
KOTT,KOTTUR,17.14974,78.286221,,
KOU,KODURU,13.948578,79.345687,,
KOV,KIRLOSKARVADI,17.084152,74.416358,Maharashtra,CR
KOWN,KHOWANG,27.299563,94.895843,,
KOX,KACHUJOR,23.842678,87.465046,,
KOY,KHEROL,23.310434,72.934133,Gujarat,WR
KOZ,KOSMA,27.156663,78.837282,Uttar Pradesh,NCR
KP,KAMPTEE,21.21172,79.197947,,
KPA,Kanchrapara,22.946024,88.451231,West Bengal,ER
KPAW,Kanchrapara Workshop Gate,22.935794,88.445352,,
KPB,KHARPOKHRA,27.142566,84.152693,,ECR
KPCM,KUWARCHINTAWA,26.51743,84.942114,,
KPD,KATPADI JN,12.972734,79.135341,,
KPDH,Kapurdha Halt,22.053903,79.304203,Madhya Pradesh,SECR
KPE,Kauwapur,27.515822,82.297902,Uttar Pradesh,NER
KPG,KOPARGAON,19.902943,74.503328,,
KPGM,KARPURIGRAM,25.869802,85.724178,,
KPH,KAMEPALLI,16.505304,79.832233,,
KPI,KALPI,26.119339,79.755607,,
KPJG,KEREJANGA,20.855813,84.976706,,
KPK,KALIPAHARI,23.6652,87.01593,,
KPKD,Khapri Kheda,21.279557,79.113667,Maharashtra,SECR
KPKI,QASIMPUR KHERI,29.18277,77.28593,Uttar Pradesh,NR
KPL,KANTAKAPALLE,17.954719,83.208205,,
KPLD,KAPALI ROAD,21.040967,86.407911,,
KPLE,KOPAI,23.759063,87.689548,,
KPLL,KOTTA PANDILA PALLI,15.761414,80.281949,,
KPLR,KOPARLAHAR,32.05191,76.250443,Himachal Pradesh,NR
KPM,KUMARAPURAM,9.088507,77.833638,,
KPN,KUPPAM,12.746834,78.339549,,
KPNA,KAPAN,22.026018,82.494827,,
KPO,KARANPURA,27.123047,76.778365,,
KPP,KALAPIPAL,23.332775,76.834002,,
KPPR,KARUPPUR,11.724176,78.090379,,
KPQ,KANNAPURAM,11.984076,75.31381,Kerala,SR
KPRD,KALYANPUR ROAD,25.275565,86.580635,,
KPRR,KOTAPAR ROAD,19.041434,82.30895,Chhattisgarh,ECoR
KPS,KOPA SAMHOTA,25.851866,84.652814,,
KPTM,KANJIRAMITTAM,9.862331,76.410949,,
KPTN,KESHORAI PATAN,25.324522,75.937733,,
KPTO,KARANPUR ATO,25.136401,87.734028,,
KPU,KRISHNAPURAM,14.493468,78.776559,,
KPV,KASHIPUR,29.204978,78.96071,Uttarakhand,NER
KPXR,KAIPADA ROAD,20.10484,85.639666,,
KPY,KARUNAGAPALLI,9.065268,76.544023,,
KPZ,KAPREN,25.444815,76.086492,,
KQA,KONDAGUNTA,14.080028,79.79392,,
KQD,KHAIRATABAD DCN,17.414221,78.46165,Andhra Pradesh,SCR
KQE,KALA AKHAR,22.394549,77.818115,,
KQI,KALACHAND,25.339051,93.13312,Assam,NFR
KQK,KOTIKULAM,12.423507,75.024008,Kerala,SR
KQL,KANDHLA,29.324701,77.293239,Uttar Pradesh,NR
KQLS,KAMARKUNDU,22.820899,88.204309,,
KQN,KODAIKANAL ROAD,10.179613,77.909593,,
KQQ,KAUKUNTLA,16.538962,77.850451,,
KQR,KODERMA,24.434741,85.529458,,
KQS,Kailaras,26.304661,77.620659,Madhya Pradesh,NCR
KQT,KURGUNTA,17.191165,77.359574,,
KQU,KAMARKUNDU,22.821631,88.205127,,
KQW,KHEDULI,26.759393,74.014573,,
KQX,KACHUJOR,23.841225,87.462774,,
KQY,KHARIKATIA,26.615923,94.248092,Assam,NFR
KQZ,Kolar,13.124594,78.132044,,
KRA,Karepalli,17.511408,80.271865,Andhra Pradesh,SCR
KRAI,KAHET,21.137196,73.294162,,
KRAN,KORATTI ANGADI,10.260123,76.355901,,
KRAR,KHARIAR ROAD,20.901386,82.510513,,
KRBA,Korba,22.337584,82.713013,Chhattisgarh,SECR
KRBO,Karaboh,22.05458,79.262358,Madhya Pradesh,SECR
KRBP,KHUDIRAM B PUSA,25.906434,85.672677,,
KRBR,KERKHABARI,26.300344,90.625041,,
KRC,Kiroda,26.991165,74.311248,Rajasthan,NWR
KRCA,KARACHIYA YARD,22.380046,73.132981,,
KRCD,KHARWA CHANDA,24.417763,73.794095,Rajasthan,NWR
KRD,KARAD,17.310011,74.215686,Maharashtra,CR
KRDH,Koradih,21.249152,79.101401,Maharashtra,SECR
KRDL,Kirandul,18.757486,81.258131,Chhattisgarh,ECoR
KRE,KARTARPUR,31.432388,75.492544,,
KRG,KOREGAON,17.690976,74.147622,Maharashtra,CR
KRGA,KURANGA,22.061244,69.171715,Gujarat,WR
KRGN,Kargaon Halt,20.801363,79.41345,,
KRH,KHAIRTHAL,27.797324,76.641704,Rajasthan,NWR
KRHA,KORAHIA,26.52984,86.153614,,
KRHR,Kharar,30.726294,76.636042,Punjab,NR
KRHT,KHARAHAT,27.070551,94.749659,,
KRI,KHAPTI,21.049338,79.048839,,
KRIH,KORAI HALT,20.959417,86.175994,,
KRJ,KHURJA JN,28.206407,77.81904,,
KRJA,Karanja,20.491826,77.481522,Maharashtra,CR
KRJD,KARJODA,24.218469,72.455671,Gujarat,NWR
KRJR,KARJARA,24.808297,85.151844,Bihar,ECR
KRKD,KARAKKAD,10.782804,76.227856,Kerala,SR
KRKM,Khara-Kameri,25.427702,73.929025,,
KRKN,Karkend,23.765615,86.369799,West Bengal,SER
KRKP,KYARKOP,15.442249,74.967948,Karnataka,SWR
KRKR,KURKURA,22.763217,84.931238,,
KRL,KOTARLIA,21.883182,83.482238,,
KRLI,KURALI,30.835005,76.57193,,
KRLR,KARAILA ROAD JN,24.261081,82.719311,Madhya Pradesh,ECR
KRLS,KURLAS,24.354201,75.726009,,
KRMA,KARAMTOLA,25.255421,87.553143,,
KRMB,KARMABAD BH,24.07875,85.973866,,
KRMD,Kuarmunda,22.286675,84.789851,Orissa,SER
KRMG,Kumaramangalam,10.696433,78.724107,Tamil Nadu,SR
KRMI,KARMALI,15.490213,73.924664,Goa,KR
KRMP,Kumaripur Halt,25.437544,87.605722,,
KRND,KHORASON ROAD,26.089746,82.867173,,
KRNG,Kargaon Halt,20.800933,79.41302,,
KRNH,Karanahalli,13.667161,75.934385,Karnataka,SWR
KRNI,KRISHNAI,26.070884,90.682568,Assam,NFR
KRNN,Karnauti Halt,25.396292,85.547049,,
KRNR,Krishnarajanagara,12.44541,76.388627,Karnataka,SWR
KRNT,KURNOOL TOWN,15.833715,78.032655,,
KRNU,KONANUR,12.025334,76.809835,Karnataka,SWR
KRO,KURAWAN,22.191568,76.888706,Madhya Pradesh,WCR
KRON,Karona Halt,25.263397,85.005411,,?
KRP,Krishnapur,24.406331,88.256132,West Bengal,ER
KRPA,KHARIAPIPRA HALT,25.242819,86.626717,,
KRPB,KORAPUT B CABIN B.H.,18.797786,82.724006,,
KRPC,KHARIA-PIPRA HALT,18.807373,82.724227,,
KRPP,KURUPPANTHARA,9.734535,76.510609,,
KRPR,KAREPUR,18.589152,76.681135,Maharashtra,SCR
KRPU,KORAPUT,18.79219,82.719436,,
KRQ,KARARI,25.5308,78.509084,,
KRR,KARUR,10.965642,78.085087,Tamil Nadu,SR
KRRA,KARRA,23.121932,85.132742,,
KRRH,Kharuara Halt,25.431778,85.543767,,
KRRI,Khairranji,22.419012,80.039379,,
KRS,KARISATH,25.549488,84.563141,,
KRSA,KHARSALIYA,22.705088,73.554481,,
KRSH,KARAMGARH SDRGH,30.213009,74.748627,,
KRSL,Krishnashilla,24.155025,82.768496,Uttar Pradesh,ECR
KRSW,Kohar Singhwala,30.76024,74.445824,Punjab,NR
KRT,KHURAHAT,25.984989,83.455442,,
KRTA,KARKATA,24.296038,83.837652,,
KRTH,KIRATGARH,22.538155,77.77251,,
KRTL,Kartauli,28.311044,79.427618,Uttar Pradesh,NER
KRTN,KIRTI NAGAR,28.646929,77.145074,Delhi NCT,NR
KRTR,KAROTA PATRI HALT,25.152409,86.037737,,?
KRUR,Keeranur,10.576655,78.787292,Tamil Nadu,SR
KRV,KARAVADI,15.553014,80.113156,,
KRW,KHARWA,26.204384,74.42653,Rajasthan,NWR
KRX,Kurud,20.833165,81.696451,,SECR
KRXM,Krishnamohan Halt,22.330258,88.449759,West Bengal,ER
KRY,Kadiri,14.114788,78.165591,Andhra Pradesh,SCR
KRYA,KURRAIYA,28.416819,80.244212,Uttar Pradesh,NER
KRZ,KHARAWAR,28.83154,76.681044,Haryana,NR
KS,KHETA SARAI,25.965775,82.688664,Uttar Pradesh,NR
KSA,KHASA,31.610411,74.714584,Punjab,NR
KSAE,KOSAI,19.639502,78.334546,Maharashtra,SCR
KSAR,KUDALA SANGAM,16.306774,75.891059,Karnataka,SWR
KSB,KOSAMBA JN,21.464052,72.954598,,
KSBI,KASHIABARI,26.384654,88.768566,,
KSBP,Keshabpur,22.221674,87.948672,West Bengal,SER
KSC,KASHI CHAK,25.070799,85.718754,Bihar,ECR
KSD,KESHOD,21.297662,70.252274,Gujarat,WR
KSDE,KARSINDHU,29.392008,76.731866,Haryana,NR
KSE,KOSAD,21.255892,72.86573,,
KSF,KHALISPUR,25.525798,82.831747,,
KSG,KISHANGARH,26.588968,74.855553,Rajasthan,NWR
KSGL,KARASANGAL,12.333838,79.749958,,
KSH,KALI SINDH,23.344476,76.430306,,
KSHR,KESHWARI,24.194873,85.864202,,
KSI,Kosli,28.411947,76.464704,Haryana,NWR
KSIH,Khodseoni,21.155848,80.112715,,
KSJ,KASGANJ,27.801887,78.646026,,
KSJF,Kasganj Mg,27.801268,78.64517,Uttar Pradesh,NER
KSK,KASIMKOTA,17.673315,82.963751,,
KSLA,KESLA,22.541217,77.806509,,
KSM,KAMASAMUDRAM,12.880706,78.200119,,
KSMB,KASTLA KASMABAD,25.114944,85.798364,Bihar,ECR
KSN,KRISHNA,16.409324,77.328563,,
KSNG,KESINGA,20.188103,83.224709,,
KSNR,KHUSHAL NAGAR,26.987775,83.698393,Uttar Pradesh,NER
KSO,KHEMASULI,22.337768,87.184863,,
KSP,KISHANPUR,25.925351,85.840384,,
KSPR,KASHIPURA SARAR,22.120086,73.145838,,
KSQ,KANSPUR GUGAULI,26.074302,80.625838,,
KSR,KASTURI,27.139983,81.728838,,
KSRA,KASARA,19.647159,73.472003,,
KSRK,KASRAK HALT,28.02503,79.684256,,
KSTA,KASTHA,24.802484,84.921751,,
KSTE,KISTAMSETTIPALI,15.37238,78.883844,,
KSTH,KASHTI,18.525294,74.5994,,
KSU,KUSHTAUR,23.430416,86.498336,West Bengal,SER
KSUA,Kashipura,23.120701,73.170262,Gujarat,WR
KSV,KOSI KALAN,27.788551,77.445999,,
KSVM,KESAVARAM,16.930994,81.879858,,
KSW,KHERI SALWA,26.428511,73.390754,,
KSWD,KASAR WADI,18.607555,73.820701,,
KSWR,KALMESHWAR,21.229072,78.915861,,
KSX,KOTSHILA,23.411691,86.079548,,
KSY,KUSIARGAON,26.057858,87.479818,,
KT,KUMTA,14.436871,74.420652,Karnataka,KR
KTA,KUSHTALA,25.961351,76.326705,,
KTAL,Kathalal,22.899659,72.986389,Gujarat,WR
KTBR,Kasturba Nagar,13.005609,80.248086,Tamil Nadu,SR
KTCE,KATOGHAN,25.730035,81.165606,,
KTCH,KAITHALKUCHI,26.450315,91.339022,,
KTCR,KOTHACHERUVU,14.18577,77.760132,,
KTD,KANTADIH,23.21838,86.29629,,
KTDD,KATAIYA DANDI,25.149062,81.398481,Uttar Pradesh,NCR
KTE,KATNI,23.833385,80.400543,Madhya Pradesh,WCR
KTES,KATNI SOUTH,23.824725,80.401113,,
KTF,KOT FATTEH,30.120716,75.087931,Punjab,NR
KTGA,KEUTGUDA,19.303471,83.368072,,
KTGD,KOTH GANGAD,22.628275,72.301689,Gujarat,WR
KTGM,Kayasthagram,24.721172,92.353216,Assam,NFR
KTGO,Kotgaon,20.625413,79.674577,,
KTH,KATRASGARH,23.795757,86.302399,,
KTHA,KHUTAHA,24.802248,80.86085,Madhya Pradesh,WCR
KTHD,Kothari Road,22.156964,82.70858,Chhattisgarh,SECR
KTHE,KATAHRI,26.4952,82.447764,,
KTHL,KATHOLA,27.146556,81.855663,,
KTHU,KATHUA,32.397897,75.551922,Jammu and Kashmir,NR
KTI,KANTI,26.198944,85.285092,Bihar,ECR
KTJ,KHALTIPUR,24.875742,88.021646,,
KTJI,KATHA JORI,20.45107,85.896353,,
KTK,KYATANEAKERI RD,17.05336,75.821206,Karnataka,SWR
KTKA,KOTAKADRA,16.668744,77.869477,,
KTKD,KATANGI KHURD,23.77587,80.486734,Madhya Pradesh,WCR
KTKH,Kotlakheri,22.078204,76.173654,Madhya Pradesh,WR
KTKL,KOTLI KALAN,30.041102,75.297551,Punjab,NR
KTKR,Kumtha Khurd,18.421839,77.009296,Maharashtra,SCR
KTKS,Kantakosh Halt,25.333657,87.673892,,
KTKU,KOTTEKAD,10.815731,76.693457,,
KTLA,KATKOLA JN,21.85218,69.884136,Gujarat,WR
KTLN,KHAT LABANA,30.039012,73.861247,,
KTLP,Katalpur Halt,26.229289,84.772843,,
KTLR,KANTHALIYA ROAD,23.991771,88.179001,West Bengal,ER
KTM,KUTRALAM,11.069825,79.557389,Tamil Nadu,SR
KTMA,KOTMA,23.202833,81.979022,Madhya Pradesh,SECR
KTNA,Kathana,22.235721,72.752631,Gujarat,WR
KTO,KATORA,23.311593,82.711219,Chhattisgarh,SECR
KTOA,KOTANA,23.91693,73.726342,Rajasthan,NWR
KTP,KATEPURNA,20.723777,77.259381,,
KTPK,KOTHA PAKKI,30.143767,73.966186,Rajasthan,NR
KTPM,Kotturpuram,13.013835,80.248209,Tamil Nadu,SR
KTQ,KUDRA,25.048552,83.793371,,
KTR,KOTHAR,24.980982,73.123647,Rajasthan,NWR
KTRA,KOTRA,25.811254,78.381661,,
KTRD,Katosan Road,23.409181,72.246237,Gujarat,WR
KTRH,KATAREAH,25.400488,87.194836,,
KTRR,Kathara Road,26.310011,80.228735,Uttar Pradesh,NCR
KTSC,KOTA JN SOUTH C,25.198051,75.885111,,
KTSH,KOTMI SONAN HLT,22.024158,82.360215,,
KTT,KHUTBAV,18.486104,74.315463,,
KTTR,KATTUR,10.895834,78.855173,,
KTU,KUTTIPPURAM,10.845724,76.033397,Kerala,SR
KTV,KOTTAVALASA,17.892375,83.1851,,
KTW,KOTDWARA,29.742928,78.521164,Uttarakhand,NR
KTWS,Kathuwas,28.133107,76.343794,Haryana,NWR
KTX,KATAKHAL JN,24.83436,92.627067,Assam,NFR
KTY,Kotturu,14.826788,76.213541,Tamil Nadu,SWR
KTYM,KOTTAYAM,9.594177,76.532168,,
KTYR,Kottaiyur,10.112077,78.786317,Tamil Nadu,SR
KTZ,KHUTWANSA,22.545189,77.602425,Madhya Pradesh,WCR
KU,KULIKARAI,10.766395,79.579324,Tamil Nadu,SR
KUA,KULHARIA,25.568173,84.757807,,
KUB,KASBA,25.860675,87.529476,,
KUC,KARUKKUTTY,10.225757,76.373077,,
KUCE,Kuchai,22.013657,86.695652,,
KUCH,KUCHAVARAM HALT,17.732096,78.457224,,
KUD,KUDACHI,16.62608,74.858687,Karnataka,SWR
KUDA,KUNDAPURA,13.612909,74.728366,Karnataka,KR
KUDL,KUDAL,16.017651,73.67813,Maharashtra,KR
KUDN,Kudni,29.777709,75.844701,Punjab,NR
KUE,KURSELA,25.440774,87.253655,,
KUF,KAURHA,27.462683,80.102675,,
KUG,KUSUGALI,15.392095,75.233643,Karnataka,SWR
KUGT,Kumarghat,24.15063,92.034833,Tripura,NFR
KUH,KHACHROD,23.442673,75.286337,,
KUHI,Kuhi,21.007558,79.35072,Maharashtra,SECR
KUI,KULALI,17.357949,76.470592,,
KUK,KORUKONDA,18.054196,83.320296,,
KUKA,Khui Khera,30.305206,74.077804,,
KUL,KALLAYI,11.234607,75.788884,Kerala,SR
KULH,Kulha-Halt,26.369411,80.656456,,
KUM,KURAM,20.808396,77.58733,,
KUMB,KUMARBAGH,26.874522,84.51158,Bihar,ECR
KUMM,KUMBALAM,9.906723,76.3116,,
KUN,KARNAL,29.694566,76.969821,,
KUND,Kund,28.145184,76.398481,Haryana,NWR
KUP,KUP,30.600732,75.852846,Punjab,NR
KUPR,Khurdpur,31.424854,75.72317,Punjab,NR
KUQ,KURETHA,25.49556,87.644323,,
KUR,KHURDA ROAD JN,20.153076,85.708234,,
KURJ,KHAJURAHO,24.796984,79.890022,Madhya Pradesh,NCR
KURN,KHUKRANA,29.400184,76.924226,,
KURO,Korari,26.48788,80.529002,Uttar Pradesh,NR
KUT,KANAUTA,26.842216,75.955996,,
KUTI,Khumtai,26.626404,93.864273,Assam,NFR
KUTL,Kuwanthal,25.498041,73.918994,Rajasthan,NWR
KUTR,Kulathur,10.572175,78.792077,Tamil Nadu,SR
KUU,KUHURI,19.859987,85.3527,,
KUV,Kundara,8.960373,76.678549,Kerala,SR
KUW,KANWAR,25.703652,81.214644,,
KUX,Khirsadoh Junction,22.14045,78.798394,Madhya Pradesh,CR
KUY,TIRUPPUR KULIPALAYAM,11.144028,77.389314,,
KVA,KAVAS,25.867466,71.538716,Rajasthan,NWR
KVC,KAPARPURA,26.179892,85.309233,Bihar,ECR
KVD,KHURMABAD ROAD,25.021489,83.848303,,
KVDU,KADAVAKUDURU,15.722541,80.257298,,
KVE,KAVALANDE,12.033304,76.799272,Karnataka,SWR
KVG,KUNEANGANJ,26.395661,81.13642,,
KVGM,KOLVAGRAM,26.989484,76.468765,,
KVH,Khambhel,23.610866,72.042973,Gujarat,WR
KVJ,KESHAVGANJ,24.856164,73.071329,Rajasthan,NWR
KVK,KAVATHE MAHANKL,17.007517,74.944911,Maharashtra,CR
KVL,KIZHELUR,10.754288,79.743134,Tamil Nadu,SR
KVLR,Karuvalli,11.831114,78.027912,Tamil Nadu,SWR
KVLS,Karakavalasa,18.292228,82.991426,Andhra Pradesh,ECoR
KVM,Kavutaram,16.32892,81.069608,Andhra Pradesh,SCR
KVN,KAVANUR,12.948577,78.969273,,
KVNJ,Kapadvanj,23.01905,73.078323,Gujarat,WR
KVP,KAVARAIPPETTAI,13.36347,80.146879,,
KVQ,KOSIARA,24.478657,83.908564,,
KVR,KOVVUR,17.007084,81.726495,,
KVS,KALSUR,14.888042,75.400957,Karnataka,SWR
KVTA,KARUVATTA HALT,9.316791,76.431242,Kerala,SR
KVU,KADAKAVUR,8.679078,76.766672,,
KVX,KUSUMBHI,26.639853,80.654261,,
KVZ,KAVALI,14.915993,79.988271,,
KW,KHERVADI,20.046948,73.973978,,
KWAE,KATWA,23.640315,88.124085,West Bengal,ER
KWB,Kaniwara,22.218261,79.732914,Madhya Pradesh,SECR
KWBR,KATWAR BAZAAR,25.562644,82.448864,,
KWC,KUNDWA CHAINPUR,26.771884,85.183119,,
KWD,KARWANDIA,24.953195,84.084599,,
KWDP,Kakdwip,21.8796,88.193879,West Bengal,ER
KWE,KHURIAL,25.491114,87.826855,,
KWF,Katwa,23.639805,88.123575,West Bengal,ER
KWGN,Kawargaon,18.896086,81.533522,Chhattisgarh,ECoR
KWH,KACHHWA ROAD,25.250465,82.706617,Uttar Pradesh,NER
KWI,KIVARLI,24.540507,72.842419,Rajasthan,NWR
KWJ,KHOJEWALA,31.359247,75.474956,Punjab,NR
KWKC,KHERWA KOCHA,23.360568,85.594856,,
KWM,KAMPUR,26.160601,92.657787,Assam,NFR
KWMD,KUMBHAWAS MUNDA,28.255391,76.660871,Haryana,NR
KWN,KACHEWANI,21.43031,79.981657,,
KWO,KARAUTA,25.468639,85.46824,,
KWP,KHATIPURA,26.835709,75.890498,,
KWR,KOELWAR,25.5687,84.792055,,
KWV,KURDUVADI,18.091348,75.417118,,
KWW,Kuswa,27.473814,78.403697,Uttar Pradesh,NCR
KXA,Kuanriya,25.130668,74.000153,Rajasthan,NWR
KXB,KANJAI,24.331047,78.169132,,
KXE,KALIAN CHAK,25.03452,87.736758,,
KXF,KAMPIL ROAD,27.567619,79.265007,,
KXG,KHARIA KHANGARH,26.609843,73.686313,,
KXH,KAPURTHALA,31.366846,75.382724,Punjab,NR
KXI,KURUMURTHI,16.494924,77.863463,,
KXJ,Karimganj Junction,24.860717,92.373769,Assam,NFR
KXK,Kharkhauda,28.833445,77.739043,Uttar Pradesh,NR
KXL,KAMARBANDHA ALI,26.529561,94.056352,Assam,NFR
KXM,KITHAM,27.253709,77.817054,,
KXN,KANSHBAHAL,22.215278,84.666289,,
KXO,KUDIKADU,10.775636,79.241642,Tamil Nadu,SR
KXP,KANIYAPURAM,8.587612,76.854482,,
KXR,KURIA,26.468217,85.005407,,
KXT,Ketti,11.381409,76.736915,Tamil Nadu,SR
KXX,KATA ROAD,20.187339,77.11088,Maharashtra,SCR
KXZ,KESARIYA ROAD,22.908846,71.814406,,
KY,KARELI,22.932344,79.066765,Madhya Pradesh,WCR
KYA,KAURIYA,25.550912,84.521285,,
KYBR,Khairatiya Bandh Road,28.272292,81.081765,Uttar Pradesh,NER
KYE,KHURAI,24.051525,78.331128,,
KYF,KAJRAT NAWADIH,24.591041,84.05014,,
KYG,KIDIYANAGA,23.47934,70.768891,,
KYH,Khairah,25.861013,84.760114,Bihar,NER
KYI,Kalyani,22.969219,88.467499,West Bengal,ER
KYJ,KAYANKULAM JN,9.182586,76.512933,,
KYM,KADIYAN,16.914338,81.832674,,
KYN,KALYAN JN,19.234716,73.12974,,
KYNT,KALYANKOT,29.298805,73.637024,Rajasthan,NWR
KYO,KHANDIKAR,26.463321,91.642769,,
KYOP,KOTTAPALLI,18.540268,79.403859,,
KYP,Kalyanpur,22.343456,88.414597,West Bengal,ER
KYQ,KAMAKHYA,26.156154,91.689505,,
KYR,KARUPPATTI,10.044465,77.948393,,
KYS,Kusumkasa,20.637273,81.087812,Chhattisgarh,SECR
KYSB,KAIYAL SEDHAVI,23.426814,72.428531,,
KYSD,KAIYAL SEDHAVI,23.427144,72.428861,Gujarat,WR
KYT,KAILAHAT,25.155223,82.947581,,
KYV,KOYILVENNI,10.776294,79.368646,Tamil Nadu,SR
KYW,KARCHHUE,26.231124,84.207154,,
KYX,KARHIYA BHADELI,23.858464,79.504563,,
KYY,Kariha,31.146278,76.068043,Punjab,NR
KZA,KHADA,27.182926,83.868376,Uttar Pradesh,NER
KZB,Kurumbur,8.585755,78.03964,Tamil Nadu,SR
KZC,Kulukkalur,10.868287,76.239443,Kerala,SR
KZE,KANHANGAD,12.320268,75.085248,Kerala,SR
KZH,KILA ZAFARGARH,29.080581,76.428953,Haryana,NR
KZI,KHANDRAWALI,29.382585,77.293885,Uttar Pradesh,NR
KZJ,KAZIPET JN,17.974211,79.511025,,
KZJE,KAZIPET E CABIN,17.975697,79.561183,,
KZJF,KAZIPET F CABIN,17.974824,79.577271,,
KZJT,KAZIPET TOWN,17.983151,79.517705,,
KZK,KAZHAKUTTAM,8.555848,76.872235,,
KZPE,KAZIPARA HALT,23.909674,88.188311,,
KZPR,KAZIPARA,23.909854,88.188491,West Bengal,ER
KZQ,KHIMEL,25.300189,73.279577,Rajasthan,NWR
KZS,KUAKHERA HALT,28.546471,78.766517,Uttar Pradesh,NR
KZT,KULITTHURAI,8.302348,77.218817,Tamil Nadu,SR
KZTW,KULITTURAI WEST,8.323734,77.209792,Tamil Nadu,SR
KZU,KUNKI,22.875933,86.067757,,
KZW,KATAR SINGHWALA,30.15413,75.010844,Punjab,NR
KZX,KHUDDA KORALA,31.729693,75.647484,Punjab,NR
KZY,Kayalpattinam,8.566912,78.09973,Tamil Nadu,SR
LAA,LAKHPAT,23.597666,71.028821,,
LAC,LACHHIPURA,26.323672,74.653294,,
LAD,Lohardaga,23.445967,84.70733,Jharkhand,SER
LAE,LAKHOLI,21.201827,81.890652,,
LAK,LAKHO,25.41636,86.205004,Bihar,ECR
LAL,LUSHALA,21.391824,70.32629,Gujarat,WR
LAN,LOTANA,22.523268,73.363557,,
LAP,Lohapur,24.302357,87.963719,West Bengal,ER
LAR,LALITPUR,24.688222,78.395791,,
LAT,Lathi,21.73935,71.386531,Gujarat,WR
LATI,LATIA CABIN,22.027897,82.402106,,
LAU,Ladnun,27.64255,74.4056,Rajasthan,NWR
LAUL,LAUL,18.033873,75.39501,Maharashtra,CR
LAV,LABHA,25.439647,87.74514,,
LB,Lain Bazar,26.429191,84.280601,,
LBA,LAMBHUA,26.133687,82.223283,,
LBG,LIMBGAON,19.176458,77.206134,Maharashtra,SCR
LBH,DILKUSHA CABIN,26.83113,80.966867,,
LBN,LABAN,25.574304,76.207965,,
LBO,Latabor,20.789828,81.26577,Chhattisgarh,SECR
LBT,LALGARH BIHAR HALT,24.161147,83.979632,,
LBTL,Lebutala,22.666791,88.640107,West Bengal,ER
LBW,Laiburwa Halt,27.526042,82.468345,Uttar Pradesh,NER
LBZ,LALBAG BH,24.509662,85.446702,,
LC,LUCKNOW CITY,26.859109,80.917866,,
LCAE,LALBAGH COURT ROAD,24.173693,88.246307,West Bengal,ER
LCH,Linch,23.526718,72.355484,Gujarat,WR
LCK,LAKHOCHAK HALT,25.139185,86.136411,,
LCN,LALPUR CHANDRA,27.659296,80.451791,,
LCNC,LUCKNOW CITY,26.859254,80.917984,,
LCR,LOKUR,11.927787,78.174049,,
LCT,LANGCHOLIET,25.759323,93.304636,Assam,NFR
LD,LONDA JN,15.450273,74.496982,Karnataka,SWR
LDA,LIDHORA KHURD,23.852972,78.872323,,
LDCY,LODI COLONY,28.579455,77.216548,Delhi NCT,NR
LDE,Lokdhikhera,21.582533,78.855877,Madhya Pradesh,SECR
LDH,LUDHIANA JN,30.912367,75.847873,,
LDK,Ladhuka,30.49849,74.119614,Punjab,NR
LDM,Ledarmer,25.055439,72.347019,Rajasthan,NWR
LDP,LODIPUR BISHANPUR,28.872302,78.709099,,
LDR,LANDAURA,29.814493,77.941557,,
LDU,Lunidhar,21.715431,71.085551,Gujarat,WR
LDW,LADHOWAL,31.016957,75.785811,,
LDX,LADDA,19.102692,83.412196,,
LDY,LAKKITI,10.753217,76.434467,,
LEB,LEMUABAD,25.482271,85.778358,,
LEDO,Ledo,27.288435,95.725374,Assam,NFR
LEK,LAKHAKHERA,23.7639,80.574139,Madhya Pradesh,WCR
LER,Lehra,27.161243,83.234142,Uttar Pradesh,NER
LGCE,LAGARGAWAN,24.464248,80.81431,Madhya Pradesh,WCR
LGD,LALLAGUDA,17.441464,78.525617,,
LGDH,LALAGUDA GATE,17.440355,78.524403,,
LGH,LALGARH JN,28.043638,73.313909,Rajasthan,NWR
LGL,Lalgola,24.421152,88.257513,West Bengal,ER
LGO,LalgopalGanj,25.642195,81.630185,Uttar Pradesh,NR
LGRE,LINGIRI,16.670289,77.188998,,
LGT,LANGTING,25.49759,93.110265,Assam,NFR
LGTR,LINGARAJ TEMPLE ROAD,20.234947,85.815872,,
LH,LAHING,26.741201,94.437149,Assam,NFR
LHA,LEHRA GAGA,29.937832,75.810079,Punjab,NR
LHB,LAHABON,24.64034,86.600138,,
LHBK,LOTHAL BHURKI,22.55299,72.222393,Gujarat,WR
LHD,LOHOGAD,20.467176,77.078506,Maharashtra,SCR
LHK,LAIHRA KHANA,30.225855,75.138985,,
LHL,LAHOAL,27.4525,94.999525,Assam,NFR
LHLL,Lahli,28.854317,76.445338,Haryana,NWR
LHM,LEHRA MUHABBAT,30.236037,75.162817,Punjab,NR
LHN,LACHYAN,17.279574,75.971701,Maharashtra,SWR
LHNA,Lohanda,25.354115,85.279024,,
LHNR,Lakshmanpur Halt,27.53183,82.339764,,
LHU,Loharu,28.427051,75.801613,Haryana,NWR
LHW,Loharwara,27.19839,75.67687,Rajasthan,NWR
LIG,Linga,21.963575,78.936403,Madhya Pradesh,SECR
LIJ,Lakshmiganj,26.927786,83.788161,,
LIM,SONALIUM,15.309987,74.292427,,
LIN,LINGAMGUNTLA,16.439709,80.273943,,
LING,Ling,25.290392,87.361583,Maharashtra,CR
LIR,Lachmipur,27.25415,83.379037,,NER
LJKR,LAJKURA CABIN,21.809025,83.888267,,
LJN,LUCKNOW JN,26.831967,80.918587,,
LJR,LANJIGARH ROAD,19.943422,83.400342,,
LKA,LANKA,25.914426,92.958001,Assam,NFR
LKB,LAKSHMIPUR BHORANG,25.288258,87.36336,,
LKBL,LAKHABAWAL,22.409215,69.999514,Gujarat,WR
LKBR,LAKSHMI BAI NAGAR,22.741887,75.858162,,
LKD,LAKODARA,21.991872,73.098994,,
LKDU,Lankalakoderu,16.534517,81.681244,Andhra Pradesh,SCR
LKE,LAKHERI,25.639864,76.192147,,
LKF,LAKE GARDENS,22.507947,88.352371,,
LKG,LAMSAKHANG,25.796536,93.046846,Assam,NFR
LKJN,LINK JN. CABIN,25.356832,81.841869,,
LKKD,LAKKADKOT,21.163562,73.603025,,
LKMN,Lokmanya Nagar,22.691279,75.847166,Madhya Pradesh,WR
LKMR,LAXMIPUR ROAD,19.003986,83.104298,,
LKN,LAKHMINIA,25.426072,86.309269,Bihar,ECR
LKNA,LAKHNA,20.729266,82.662489,,
LKNR,LAKHPAT NAGAR,27.027626,82.277589,,
LKO,LUCKNOW,26.830675,80.925291,,
LKPL,LAKDIKAPUL,17.404048,78.463527,Andhra Pradesh,SCR
LKPR,Lakshmikantpur,22.110055,88.321958,West Bengal,ER
LKQ,Laukaha Bazar,26.543198,86.463013,Bihar,ECR
LKR,LUCKEESARAI JN,25.171662,86.093211,,
LKS,LUNKARANSAR,28.493395,73.743155,Rajasthan,NWR
LKSH,LAKSHMINARAYANAPURAM,16.600703,81.592567,Andhra Pradesh,SCR
LKT,HULKOTI,15.434667,75.531958,Karnataka,SWR
LKU,LAL KUAN,29.071574,79.517641,Uttarakhand,NER
LKW,Lakhewali,30.447834,74.341781,Punjab,NR
LKX,LAKSHMIPUR,23.502512,88.302374,West Bengal,ER
LKY,LAKHMAPUR,15.870282,75.627712,Karnataka,SWR
LKZ,LAKADIYA,23.339664,70.586745,Gujarat,WR
LLBR,Lalabazar,24.56185,92.610161,Assam,?
LLD,Lalavadi,21.930347,78.189646,,
LLGM,LELIGUMA,19.304006,83.208299,,
LLH,LILUAH,22.621521,88.339559,,
LLI,LALGUDI,10.875733,78.813672,,
LLJ,LalGanj,26.172392,80.973175,Uttar Pradesh,NR
LLKN,LAL KALAN,30.827549,76.101493,,
LLP,Lalitgram,26.356665,87.012266,Bihar,ECR
LLPR,LALIT LAKSHMIPR,26.436785,86.1562,,
LLR,LALPUR,26.318818,79.948516,,
LLU,LALRU,30.479756,76.7941,Punjab,NR
LM,LIMBDI,22.56604,71.789599,Gujarat,WR
LMA,LAMBIYA,25.578334,74.585615,Rajasthan,NWR
LMC,LAKHAMANCHI,22.571812,71.148414,Gujarat,WR
LMD,LINGANENIDODDI,15.399929,77.703397,Andhra Pradesh,SCR
LMG,LUMDING JN,25.750036,93.1766,Assam,NFR
LMGF,LUMDING JN,25.750176,93.17674,,
LMGS,LUMDING SOUTH,25.757118,93.163576,,
LMK,LIMKHEDA,22.833894,73.984515,,
LMM,LAILAKH MAMLKHA,25.21827,87.105067,,
LMN,Lachhmanpur,26.050472,81.257263,Uttar Pradesh,NR
LMNR,LAKSHMIBAI NAGAR,22.742296,75.858526,Madhya Pradesh,WR
LMO,LILIYA MOTA,21.540317,71.372863,Gujarat,WR
LMP,LAKHIMPUR,27.947414,80.777625,Uttar Pradesh,NER
LMT,ALMATTI,16.3459,75.9005,Karnataka,SWR
LMU,Limarua,22.52425,80.349702,Madhya Pradesh,SECR
LNA,LAMANA,26.244934,74.46563,Rajasthan,NWR
LNH,Lachhmangarh Sikar,27.832586,75.034114,Rajasthan,NWR
LNK,LOHIAN KHAS JN,31.165462,75.196445,Punjab,NR
LNKC,LINK C-CABIN,22.267173,84.974611,,
LNL,LONAVALA,18.748883,73.407657,,
LNN,LONAND,18.040769,74.190477,Maharashtra,CR
LNO,Lohna Road,26.220882,86.229057,Bihar,ECR
LNP,LANGARPETH,17.084723,74.967125,Maharashtra,CR
LNQ,LAKHNAURIA,27.782774,80.139264,,
LNR,LUNI RICHHA,23.660393,75.51367,,
LNS,LUNSU HALT,32.018944,76.1797,Himachal Pradesh,NR
LNT,LINGTI,19.86677,78.901334,Maharashtra,?
LNWT,LUCKNOW WEST (ALH),26.829443,80.909614,,
LO,LOLIYA,22.512244,72.166923,Gujarat,WR
LOA,LORHA,23.581228,80.751613,,
LOD,Lekoda,23.075768,75.698491,Madhya Pradesh,WR
LOG,LOHGARA,25.25045,81.73019,Uttar Pradesh,NCR
LOGH,LOTTEGOLLAHALLI,13.043169,77.562257,,
LOHA,Loha,28.006921,74.619424,Rajasthan,NWR
LOK,Loknath,22.871718,88.033921,West Bengal,ER
LOL,LOLIEM,14.939155,74.08778,,
LOM,LODHMA,23.22335,85.200121,,
LONI,LONI,18.491631,74.020514,,
LOT,LOHRA,25.315602,82.930664,,
LOV,Lovedale,11.382403,76.704285,Tamil Nadu,SR
LP,LALAPET,10.95132,78.339233,Tamil Nadu,SR
LPB,LODIPUR BISHANP,28.869781,78.718028,,
LPG,LAPANGA,21.732794,84.03998,,
LPH,LOTAPAHAR,22.617663,85.565671,,
LPI,LINGAMPALLI,17.482874,78.316774,,
LPJ,LALPUR JAM,22.194538,69.95242,Gujarat,WR
LPN,LAOPANI,26.200308,92.595989,Assam,NFR
LPNR,LAJPAT NAGAR,28.57927,77.244136,Delhi NCT,NR
LPR,LILAPUR ROAD,22.954447,71.862567,Gujarat,WR
LPTA,LONGPATIA,27.079731,95.095336,Assam,NFR
LPW,Loharpurwa,27.082641,83.268484,Uttar Pradesh,NER
LR,LADPURA,26.504385,74.728726,Rajasthan,NWR
LRB,LARABAD,24.407021,85.562123,,
LRD,LAR ROAD,26.21389,83.910183,Uttar Pradesh,NER
LRI,Lihuri Halt,18.913242,83.849833,Andhra Pradesh,ECoR
LRJ,LAKSAR JN,29.754038,78.019628,,
LRJC,LAKSAR NORTH CABIN,29.767009,78.00176,,
LRNC,LAKSAR NORTH CABIN,29.771552,78.011318,,
LRU,LALPUR UMRI,26.429998,76.680536,Rajasthan,WCR
LS,LASALGAON,20.154848,74.225976,,
LSD,LUSADIYA,23.68541,73.421111,Gujarat,NWR
LSE,Laseri,28.713124,75.479624,,
LSG,Lawa Sardargarh,25.272756,73.948453,Rajasthan,NWR
LSGS,Lavan Satyagraha Smarak P.H,22.096296,87.850571,,
LSI,LAHERIA SARAI,26.110633,85.903825,,
LSR,LASUR,19.926081,75.011489,Maharashtra,SCR
LSX,LOISINGHA,20.852667,83.514083,,
LT,LAHAVIT,19.852905,73.815119,,
LTA,Lamta,22.139038,80.124429,Madhya Pradesh,SECR
LTD,LATHIDAD,22.090056,71.702802,Gujarat,WR
LTHR,LATEHAR,23.725092,84.46812,,
LTI,LATTERI,12.966994,79.065255,,
LTK,Lathikata,22.131808,84.894961,Orissa,SER
LTMD,LATEMDA,23.098392,85.989117,,
LTR,LAKHTAR,22.873403,71.776727,Gujarat,WR
LTRR,LATUR ROAD,18.506494,76.845289,Maharashtra,SCR
LTT,LOKMANYA TILAK TERM,19.07032,72.891739,,
LTV,LOTARVA,21.153797,73.202399,,
LUA,Laluri Khera,28.607969,79.746243,,
LUNI,LUNI JN,26.001256,73.003175,Rajasthan,NWR
LUR,LATUR,18.429166,76.556049,Maharashtra,CR
LUSA,LUSA,24.876546,82.843318,Uttar Pradesh,NCR
LVK,Lakkavarapukota,18.018465,83.147449,,
LVR,Lokvidyapith Nagar,27.154414,83.306841,Uttar Pradesh,NER
LW,LORWADA,24.217193,72.08968,,
LWR,ALNAVAR JN,15.424244,74.738116,Karnataka,SWR
LWS,LUKWASA,25.110195,77.590102,Madhya Pradesh,WCR
LXA,LAKSWA,27.004637,94.843982,Assam,NFR
LXD,LAKSHANNATH ROAD,21.842011,87.250953,,
LXR,LUNSERIYA,22.585491,71.036258,Gujarat,WR
LYD,Layabad,23.773417,86.351907,Jharkhand,SER
MA,MADHA,18.029712,75.546507,,
MAA,MAVAL,24.432277,72.70044,Rajasthan,NWR
MAAR,Malhar,27.204116,72.375536,Rajasthan,?
MABA,MANDI BAMORA,24.054032,78.082437,,
MABB,MABBI HALT,25.749213,86.06347,,
MABD,MAHBUBABAD,17.597561,79.999792,Andhra Pradesh,SCR
MABG,MATANA BUZURG,23.113851,75.867117,,
MABN,MABAN,24.641196,77.371542,,
MACR,MANGULI CHOWDWAR,20.529594,85.943313,,
MAD,MADDUR,12.604742,77.049522,Karnataka,SWR
MADA,Maonda,27.809478,75.827673,Rajasthan,NWR
MADM,Matradham Halt,22.048253,79.451401,,
MADP,MADHAPUR ROAD,23.242661,69.716415,,
MADR,MADURE,15.812975,73.808967,Maharashtra,KR
MAE,Matheran,18.989244,73.270911,Maharashtra,CR
MAEL,MAEL,23.574668,85.626042,,
MAF,MANUR,13.096025,79.801508,,
MAG,MANGALAGIRI,16.438256,80.564992,,
MAGH,MANIKGARH,19.787693,79.398527,,
MAH,Madhoganj,27.117963,80.135457,Uttar Pradesh,NR
MAHD,Mohadi Praganel,21.294083,79.726457,,
MAHE,MAHE,11.699227,75.546967,Puducherry,SR
MAHO,MAHOLI,27.64872,80.477073,,
MAI,MEHSI,26.354898,85.096319,Bihar,ECR
MAJN,MANGALORE JN,12.866193,74.88006,Karnataka,SR
MAK,Mallikpur,22.396985,88.433315,West Bengal,ER
MAKH,MOKHAMPURA,26.030315,74.68323,Rajasthan,NWR
MAKM,MARARIKULAM,9.597994,76.318018,,
MAKR,MALKHERI,24.169924,78.223009,,
MALA,MALA,28.592851,79.916972,Uttar Pradesh,NER
MALB,MALIYA MIYANA,23.103167,70.754885,,
MALK,MALKAPUR ROAD,21.904426,77.967468,,
MALM,MANTHRALAYAM RD,15.949035,77.299196,,
MAM,MANGAL MAHUDI,22.83578,74.058492,,
MAN,MANI NAGAR,23.000142,72.610413,,
MANA,MANA,20.761491,77.469063,,
MAND,MANDURAI,10.873068,78.786196,,
MANE,MANESWAR,21.411344,84.043988,,
MANG,MAHANAGAR,25.247077,88.251102,,
MANI,Mani Halt,25.173994,84.231268,Bihar,ECR
MANK,MANKI,14.174439,74.493236,Karnataka,KR
MANU,Manu,23.988193,91.998932,Tripura,NFR
MANW,MANWA,27.218852,80.849604,Uttar Pradesh,NER
MAO,MADGAON,15.267911,73.970724,Goa,KR
MAP,MORAPPUR,12.124073,78.393874,,
MAQ,MANGALORE CNTL,12.862325,74.844068,Karnataka,SR
MAR,MULANUR,12.661485,78.406389,,
MAS,CHENNAI CENTRAL,13.084761,80.274856,,
MASK,MAISAR KHANA,30.099805,75.13917,Punjab,NR
MAU,MAU JN,25.93948,83.564347,,
MAUL,MAULA ALI,31.17531,75.769544,,
MAUR,MAUR,30.062746,75.22772,Punjab,NR
MAV,MARIAMMANKOVIL,10.773265,79.198201,Tamil Nadu,SR
MAY,MARIAHU,25.597006,82.598166,Uttar Pradesh,NR
MAYR,Mayar,29.100107,75.860747,,
MAZ,MANGRA,23.881768,84.111898,,
MB,MORADABAD,28.831621,78.765801,,
MBA,MAHOBA,25.306914,79.849079,Uttar Pradesh,NCR
MBB,Murshidabad,24.176964,88.281598,West Bengal,ER
MBC,MAHANANDA BGE,25.188336,88.083399,,
MBD,MUSTABADA,16.546882,80.731768,,
MBE,MIRZAPUR BANKIPUR,22.78738,88.224626,,
MBF,Munabao,25.742614,70.276543,Rajasthan,NWR
MBG,MAIBANG,25.30497,93.135371,Assam,NFR
MBGA,Marwar Bagra,25.208689,72.593761,Rajasthan,NWR
MBI,MADHUBANI,26.348165,86.076784,,
MBL,MANUBOLU,14.226551,79.87707,,
MBM,MAMBALAM,13.038154,80.228164,,
MBNL,Marwar Bhinmal,25.000633,72.275398,Rajasthan,NWR
MBNR,MAHBUBNAGAR,16.757768,77.999429,,
MBO,Mairabari,26.450839,92.421058,Assam,NFR
MBP,MOHIBULLAPUR,26.909235,80.938923,Uttar Pradesh,NER
MBQ,MUMBRA,19.190223,73.02326,,
MBS,MADHOSINGH,25.249931,82.552278,Uttar Pradesh,NER
MBSK,Marwar Balia,27.357827,74.545106,Rajasthan,NWR
MBT,MARWAR BIRTHI,27.099589,72.290171,Rajasthan,NWR
MBU,MELPATTAM BAKKAM,11.784898,79.622949,Tamil Nadu,SR
MBV,Mirzapur Bachhaud,28.077937,76.198447,Haryana,NWR
MBW,Malwara,24.799469,72.267008,Rajasthan,NWR
MBWC,MORADABAD WEST,28.838658,78.759634,,
MBY,MANDI DABWALI,29.966227,74.700155,Haryana,NWR
MC,MANDAPAM CAMP,9.281533,79.134997,Tamil Nadu,SR
MCA,MECHEDA,22.414105,87.85883,,
MCF,Manik Chauree Halt,21.004164,81.783198,Chhattisgarh,SECR
MCI,MANCHIRYAL,18.878745,79.448848,,
MCJ,MANJATTIDAL,10.792057,78.731401,Tamil Nadu,SR
MCL,MADIMANGALAM,12.598975,79.1862,,
MCLA,Macherla,16.46951,79.438277,Andhra Pradesh,SCR
MCLE,MANCHILI,16.662928,81.613684,Andhra Pradesh,SCR
MCN,MUKUNDARAYAPURM,12.977678,79.289067,,
MCO,MOTIHARI COURT,26.62564,84.905431,,
MCPE,MARWAR CHAPRI,26.783488,73.907394,,
MCPK,Chepauk,13.061372,80.28015,Tamil Nadu,SR
MCPT,Chintadripet,13.07406,80.274188,Tamil Nadu,SR
MCQ,MIRCHADHORI,24.291847,82.793413,Madhya Pradesh,ECR
MCRD,MECHERI ROAD,11.804211,77.921857,,
MCS,MANCHESWAR,20.321861,85.844866,,
MCU,Mulacalacheruvu,13.802188,78.264829,Andhra Pradesh,SCR
MCV,MACHARYA,28.772575,78.803702,Uttar Pradesh,NR
MCVM,MACHAVARAM,16.025343,80.541541,,
MCY,Machriawan,25.46248,85.29442,,
MCZ,MAHABUANG,22.719929,84.935276,,
MD,MADAR,26.465014,74.687227,Rajasthan,NWR
MDA,MANDHANA JN,26.557002,80.222507,,
MDB,MANDOR,26.350708,73.042126,Rajasthan,NWR
MDBP,Madhabpur,22.119207,88.347323,West Bengal,ER
MDCR,Masaudhi Court Halt,25.366289,85.043906,Bihar,?
MDD,MALAD,19.187089,72.84917,Maharashtra,WR
MDDG,Malad Gaon,18.36212,74.596581,Maharashtra,CR
MDDP,MANDI DIP,23.093747,77.511077,,
MDE,Makhdumpur Gaya,25.077131,84.979105,Bihar,ECR
MDF,MURADI,23.593092,86.80929,West Bengal,SER
MDG,MANDAL GHAT,26.430757,88.754758,,
MDGR,Manendragarh,23.219747,82.197734,Madhya Pradesh,SECR
MDH,MANDHAR,21.33807,81.704606,,
MDHA,Madhada,21.608001,71.905398,Gujarat,WR
MDJ,MUHAMMADGANJ,24.42644,83.869978,,
MDJN,Madar Jn,26.464294,74.686507,,
MDKD,MADHUKUNDA,23.62663,86.869091,West Bengal,SER
MDKI,MADUKARAI,10.900858,76.94295,,
MDKU,MODUKURU,16.124988,80.583808,,
MDL,MANDAL,25.439632,74.593959,Rajasthan,NWR
MDLA,MUNDLANA,29.212025,76.757452,Haryana,NR
MDLE,Mandar Hill,24.806078,87.026158,Bihar,ER
MDLL,MUDDALINGAHALLI,13.239144,77.30474,Karnataka,SWR
MDLM,MUNDALARAM,23.687953,75.102087,,
MDN,MIDNAPORE,22.42498,87.307379,West Bengal,SER
MDNR,MODINAGAR,28.827907,77.571716,Uttar Pradesh,NR
MDP,MADHUPUR JN,24.270633,86.642183,,
MDPA,MANDPIYA,25.261369,74.635713,Rajasthan,NWR
MDPB,MADHOPUR PUNJAB,32.359168,75.594728,Punjab,NR
MDPD,MANDAPADU,16.388652,80.320507,,
MDPJ,Madanapur Halt,19.549184,78.189939,,
MDPR,MODPUR,22.262588,69.811704,Gujarat,WR
MDR,MADHIRA,16.921826,80.366849,Andhra Pradesh,SCR
MDRA,MEDRA,23.13609,72.712778,Gujarat,WR
MDRR,MADHAVNAGAR ROA,23.78661,80.394824,Madhya Pradesh,WCR
MDS,MANDASOR,24.075937,75.076343,Madhya Pradesh,WR
MDSA,Modasa,23.451923,73.304944,Gujarat,WR
MDSE,MADHU SUDANPUR,22.845108,88.193499,,
MDT,MADARIHAT,26.694551,89.274559,West Bengal,NFR
MDU,MADURAI JN,9.919907,78.110314,,
MDUN,Madhura Nagar,16.525352,80.647608,,
MDVB,Mandar Vidyapith Halt,24.834403,87.020258,Bihar,ER
MDVE,MAHENDRA VADI,13.022631,79.517851,,
MDVK,MAHADEOKHEDI,24.217392,78.193689,,
MDVL,MANDAVALLI,16.518809,81.160744,Andhra Pradesh,SCR
MDVR,MADHAVNAGAR,16.886605,74.575493,Maharashtra,CR
MDW,MARWAR MUNDWA,27.063606,73.815965,,
MDXR,MUDARIA,23.358604,81.095067,,
ME,MASAIPET,17.880537,78.466957,Andhra Pradesh,SCR
MED,MEDCHAL,17.639335,78.474557,Andhra Pradesh,SCR
MEE,Methai,25.907006,86.724589,,ECR
MEG,MELENG,26.794395,94.305982,,
MEH,MELALATHUR,12.917803,78.875384,,
MEJ,VANCHIMANIYACHI,8.882103,77.890651,Tamil Nadu,SR
MEKM,Melakkonnakkulam,9.724593,78.466557,Tamil Nadu,SR
MEM,MAU AIMMA,25.698324,81.91377,Uttar Pradesh,NR
MENP,MEENAPUR,25.614051,87.802483,,
MEP,MAHIDPUR ROAD,23.567509,75.500338,,
MEQ,MALETHU KANAK,26.60377,82.124891,Uttar Pradesh,NR
MER,METPANJRA,21.26917,78.659159,,
MES,MADURAI EAST,9.908505,78.134188,Tamil Nadu,SR
MET,MALERKOTLA,30.529403,75.871692,Punjab,NR
METR,Methi Tikur,26.698845,80.418467,,
MEU,MENDU,27.614247,78.099957,,
MEW,Marhaura,25.969081,84.850984,Bihar,NER
MEX,MUKERIAN,31.941873,75.611838,Punjab,NR
MFA,MAKURIA,25.629245,87.887153,,
MFB,MUSTAFABAD,30.181009,77.123303,,
MFH,MAHRAULI,28.663865,77.468815,,
MFJ,Muftiganj,25.700913,82.827774,Uttar Pradesh,NER
MFKA,MUSAFIR KHANA,26.379585,81.799817,,
MFL,MISRAULI,26.11437,81.848396,,
MFM,MAHALAM,31.018428,74.706748,Punjab,NR
MFP,MUZAFFARPUR JN,26.122311,85.378006,,
MFQ,MAHROI,23.951414,80.919501,Madhya Pradesh,WCR
MFR,Mandla Fort,22.586017,80.355908,Madhya Pradesh,SECR
MFX,MADARAHA,25.273637,81.764284,Uttar Pradesh,NCR
MFZ,MALAHAR,25.303709,87.95782,,
MG,Modelgram,30.891527,75.836183,Punjab,NR
MGAE,Morgram,24.304919,88.018413,West Bengal,ER
MGB,Mudigubba,14.349934,77.994996,Andhra Pradesh,SCR
MGC,MUGAT,19.17485,77.427262,Maharashtra,SCR
MGD,MUGAD,15.46241,74.915401,Karnataka,SWR
MGDR,Magardharra Ph,21.966193,80.125559,,
MGE,MIGRENDISA,25.171242,93.061557,Assam,NFR
MGF,Mandagere,12.730158,76.378905,Karnataka,SWR
MGG,MANGLIYA GAON,22.815074,75.918051,Madhya Pradesh,WR
MGI,Manigachi,26.213719,86.146605,Bihar,ECR
MGK,MULANGUNNATHUKAVU,10.596939,76.207809,,
MGKM,Mungiakami,23.88383,91.710109,Tripura,NFR
MGL,MANGELA,16.223191,75.749383,Karnataka,?
MGLE,MANIGRAM,24.342855,88.107882,West Bengal,ER
MGLI,Mangli,20.643536,79.666123,,
MGLP,MANGOLPURI,28.683246,77.090574,Delhi NCT,NR
MGM,Muragacha,23.529636,88.421243,West Bengal,ER
MGME,MCCLUSKIEGANJ,23.651781,84.940855,,
MGMY,MUGHAL SARAI MARSHALING YARD,25.287126,83.13617,,
MGN,MEGHNAGAR,22.907459,74.539834,,
MGO,MAHISGAON,18.111324,75.501817,Maharashtra,CR
MGPA,MUNDA GOPAL ASHRAM,27.255493,81.139283,,
MGPI,MANGARPATTI HALT,26.371005,86.110032,,
MGRD,MAGARDOH,22.248104,77.894738,,
MGRL,MANGROLLA,21.156258,73.182172,,
MGRP,MEGH RAJ PURA,32.079397,76.071419,Himachal Pradesh,NR
MGRR,MAGARPUR,25.322705,78.858785,Uttar Pradesh,NCR
MGS,MUGHAL SARAI JN,25.278149,83.11925,,
MGSJ,MAGNESITE JN,11.696253,78.096286,,
MGT,Magra Hat,22.242111,88.372713,West Bengal,ER
MGTD,MEGHPUR TITODI,22.138132,69.451972,,
MGV,MOLAGAVALLI,15.357784,77.371821,,
MGVK,Malegaon Vyenku,21.37586,78.956134,Maharashtra,SECR
MGW,MAGARWARA,26.523705,80.428892,,
MGWD,Mahngarwal Doaba,31.325405,76.088969,Punjab,NR
MGWN,MAHGAWAN HALT,25.817256,82.696251,Uttar Pradesh,NR
MH,Marahra,25.100178,85.446664,,CR
MHA,MARAHRA,27.746474,78.555044,,
MHAD,Mohadi Pragane Laling,20.863002,74.779784,Maharashtra,CR
MHBG,Mahadev Buzurg,27.451001,82.87452,Uttar Pradesh,NER
MHBT,MAHBUBNAGAR TOWN HALT,16.742879,77.982649,,
MHBZ,Mahtha Bazar,27.391561,82.957379,Uttar Pradesh,NER
MHC,Masrakh,26.102229,84.808543,Bihar,NER
MHD,MAHEMDAVAD KHEDA RD,22.819556,72.752481,,
MHDA,MAHDEIYA,24.210039,82.588309,Madhya Pradesh,ECR
MHDB,MAHADIA PH,20.750947,85.475883,,
MHDP,Mahadevpara,23.677025,72.949202,Gujarat,WR
MHF,Mohari Junction,26.700553,77.553785,Rajasthan,NCR
MHH,MAGHAR,26.750013,83.133741,,
MHHR,MAHESRA,28.856392,78.330321,,
MHI,Manihari,25.343215,87.619725,Bihar,NFR
MHJ,MAHAJAN,28.793007,73.853666,Rajasthan,NWR
MHKT,MOHKHUTI,27.106537,94.80821,,
MHL,MAHWAL,26.301858,85.126314,Bihar,ECR
MHLC,MONKEY HILL,18.769161,73.363746,,
MHLT,MAHESH LETA HALT,25.151109,86.130158,,
MHMB,MAHIMBA,19.419885,78.076322,Maharashtra,SCR
MHN,Mahanadi,26.882301,88.318628,West Bengal,NFR
MHO,MAHPUR,25.605166,83.246984,Uttar Pradesh,NER
MHOW,Mhow,22.55518,75.771097,Madhya Pradesh,WR
MHP,MUHAMMADPUR,26.236878,85.852798,,
MHPE,Mhope,18.943255,73.19412,,
MHPR,Mahiyarpur,25.411453,87.613385,,
MHQ,Mahuda,23.747481,86.270783,Jharkhand,SER
MHRG,Mahendragarh,28.281433,76.14863,Haryana,NWR
MHRL,Mahrail,26.294081,86.284783,Bihar,ECR
MHRN,MAHENDRANATH,26.000739,84.509909,,
MHT,MANJHI,25.828485,84.584759,,
MHTR,MALIHATI TALIBPUR ROAD,23.79372,88.126194,West Bengal,ER
MHU,Manheru,28.701227,76.203117,Haryana,NWR
MHUA,Mahudha,22.817129,72.946947,Gujarat,WR
MHUL,Mehuwala Halt,29.411154,75.314968,,
MHUR,Mohanpur,24.488461,86.785648,Jharkhand,ER
MHV,MAHUVA JN,21.09412,71.756011,Gujarat,WR
MHWL,MACHROWAR,31.516333,75.636644,,
MIA,MANIA,26.805806,77.91965,,
MIAL,Milaoli,26.296423,78.120963,Madhya Pradesh,NCR
MIAN,MIANGRAM,23.853212,88.17146,West Bengal,ER
MIB,NAGPUR MOTI BAGH,21.146062,79.088986,,
MID,MADHI,21.145672,73.24268,,
MIG,MIDGHAT,22.828141,77.647526,,
MIH,MIHRAWAN,25.871178,82.694333,Uttar Pradesh,NR
MIJ,Majhdia,23.414562,88.719031,West Bengal,ER
MIK,MANIKUL,22.919528,86.066359,,
MIL,MILAK,28.612475,79.164117,,
MILA,MILAKPUR HALT,27.988261,79.717962,,
MILE,MILE-FIVEB,22.509944,88.343231,,
MIM,Maniram,26.838267,83.342407,Uttar Pradesh,NER
MIN,Mihinpurwa,28.027344,81.384467,Uttar Pradesh,NER
MINA,MIYANA,24.85653,77.472164,Madhya Pradesh,WCR
MINJ,MAIKALGANJ,27.717537,80.337822,,
MIO,Molisar,28.13104,74.739025,Rajasthan,NWR
MIPM,MARRIPALEM,17.7363,83.252629,,
MIQ,MIRHAKUR,27.151204,77.866012,Uttar Pradesh,NCR
MIR,MAIJAPUR,27.141734,81.773788,,
MIRA,MIRA ROAD,19.280299,72.856072,Maharashtra,WR
MITA,MITHA,24.082494,71.672422,,
MIU,MARIPAT,28.586886,77.495428,,
MIW,Mighauna,28.24322,79.826515,Uttar Pradesh,NER
MIX,Manipuram Cabin,16.29953,80.45759,,
MIYN,MANIYAN,25.523274,87.606942,,
MJ,MARWAR JN,25.720479,73.609301,Rajasthan,NWR
MJA,MEJA ROAD,25.221545,82.089337,,
MJBK,MANJARI BUDRUK,18.512039,73.971424,,
MJBT,MAJBAT,26.784587,92.287814,,
MJE,MUJNAL,26.693328,89.191957,West Bengal,NFR
MJF,MALKAJGIRI,17.448392,78.529606,,
MJG,MAJHAGAWAN,24.913389,80.811656,Madhya Pradesh,WCR
MJGP,MAJHGAWAN PHATA,23.883133,80.347474,,
MJHL,MAJADA HALT,28.461762,78.743209,Uttar Pradesh,NR
MJHR,MAJHIARI,25.178984,81.518833,Uttar Pradesh,NCR
MJKN,MAJRI KHADAN,20.109731,79.019078,,
MJL,MAJHOWLIA,26.802772,84.619139,Bihar,ECR
MJM,MANJHAULIGRAM H,25.478252,85.422051,,
MJN,Makum Junction,27.485742,95.440958,Assam,NFR
MJNL,MAJRI NANGAL,28.011997,76.554869,Rajasthan,NWR
MJO,MAJORDA,15.314045,73.922408,Goa,KR
MJP,MOHARAJPUR,25.219587,87.740308,,
MJPB,Manjhra Purab,28.300646,81.160402,Uttar Pradesh,NER
MJR,MINJUR,13.281979,80.260192,,
MJRI,MAJRI JN,20.139283,79.043522,,
MJS,MANJESHWAR,12.724197,74.887582,Kerala,SR
MJT,MAJERHAT,22.518978,88.322256,,
MJV,Manjhagarh,26.417226,84.504257,Bihar,NER
MJY,MARAMJHIRI,21.946123,77.883002,,
MJZ,Majhola Pakarya,28.831681,79.899341,Uttarakhand,NER
MK,MIRANPUR KATRA,28.03708,79.674809,,
MKA,MOKAMEH JN,25.391885,85.913049,,
MKB,MANKATHA,25.207216,86.056352,,
MKBH,Manwala Kot Bakhtu,30.040499,74.95205,,
MKC,MAKSI,23.251625,76.159116,,
MKD,MARKUNDI,25.017393,80.947114,Madhya Pradesh,WCR
MKDD,MUKUNDWADI HALT,19.859544,75.367553,Maharashtra,SCR
MKDI,MAKUDI,19.592555,79.44826,,
MKDN,Morkadhana,22.11073,78.501566,Madhya Pradesh,CR
MKG,MANAK NAGAR,26.810176,80.890615,,
MKH,MALAKHERA,27.390236,76.618982,Rajasthan,NWR
MKHI,Makhi,26.661427,80.461137,Uttar Pradesh,NR
MKHR,MARWAR KHARA,27.060569,72.130072,Rajasthan,NWR
MKI,BAPUDHAM MOTIHARI,26.65552,84.90525,Bihar,ECR
MKJ,MAKKAJIPALLI,14.196118,77.628447,,
MKK,KODAMBAKAM,13.052566,80.231305,,
MKL,MAKLIDRUG,13.409545,77.509037,,
MKLI,MAKRAULI,28.946971,76.62755,Haryana,NR
MKM,Marikuppam,12.918968,78.263789,Karnataka,SWR
MKN,MAKRANA JN,27.037532,74.723149,,
MKO,MARKONA,21.195555,86.596117,,
MKP,MANIKPUR JN,25.063492,81.093657,Uttar Pradesh,NCR
MKPR,MUKTAPUR,25.884676,85.79556,,
MKPT,MALIKPETH,17.899982,75.608752,,
MKR,MADDIKERA,15.256635,77.411496,Andhra Pradesh,SCR
MKRA,MAKRERA,26.310925,74.533372,Rajasthan,NWR
MKRD,Machhakunda,18.566875,82.666955,Orissa,ECoR
MKRH,MALLICKPUR HAT,25.325703,88.676426,,
MKRN,MAKRONIA,23.86705,78.808077,,
MKS,Muktsar,30.47821,74.514271,Punjab,NR
MKSP,MUKHASA PARUR,11.566638,79.240919,,
MKSR,Mokalsar,25.62535,72.518045,Rajasthan,NWR
MKT,Mukhtiar Balwar,22.398362,75.973751,Madhya Pradesh,WR
MKTP,MUKETASHWAR,19.919138,85.437914,,
MKU,MALKAPUR,20.891974,76.202946,,
MKX,MORAK,24.730953,75.973339,,
MKY,MEKKUDI,10.87109,78.628737,Tamil Nadu,SR
MKZ,Mahkepar Road,21.632916,79.67892,,
ML,MALHOUR,26.853449,81.040475,,
MLAR,MALANPUR,26.413118,78.272811,Madhya Pradesh,NCR
MLB,MODNIMB,17.916548,75.405544,Maharashtra,CR
MLC,MALKISAR,28.654232,73.862645,Rajasthan,NWR
MLD,MALIHABAD,26.930598,80.715032,,
MLDE,MADLAUDA,29.399824,76.809711,Haryana,NR
MLDT,MALDA TOWN,25.015659,88.130338,,
MLG,MALHARGARH,24.265618,74.972666,Madhya Pradesh,WR
MLGH,Mandalgarh,25.194176,75.08094,Rajasthan,WCR
MLGT,MALLAPPA GATE,15.225027,77.387152,Andhra Pradesh,SCR
MLH,MANAKLAO,26.485986,73.003204,Rajasthan,NWR
MLHA,MALIYA HATINA,21.15957,70.299701,Gujarat,WR
MLHS,Light House,13.044646,80.276539,Tamil Nadu,SR
MLI,MANGALIYAWAS,26.278197,74.492705,Rajasthan,NWR
MLIH,MAULI HALT,31.175,75.769234,,
MLJ,MOHANLALGANJ,26.687033,80.984093,,
MLK,MALKAPURAM,15.368944,77.967556,,
MLKA,Maluka,22.202912,85.672936,Jharkhand,SER
MLKH,Mulewal Khaihra,31.102966,75.299694,Punjab,NR
MLKP,MALIKPUR,27.161781,79.690181,,
MLM,MALTHAN,18.368951,74.724367,,
MLMG,MALLEMADUGU,17.325138,80.160588,Andhra Pradesh,SCR
MLMR,MELMARUVATTUR,12.429554,79.833801,,
MLN,MAILANI,28.284349,80.347318,Uttar Pradesh,NER
MLND,MULUND,19.172355,72.956933,,
MLNH,MALANCHA,25.368716,88.586067,,
MLO,MALUR,12.992108,77.940033,,
MLP,MALLAPUR,15.672447,75.610219,Karnataka,SWR
MLPM,MELPAKKAM,13.080671,79.659245,,
MLPR,MALIPUR,26.281482,82.6313,,
MLQ,Malkera Junction,23.779733,86.296949,Jharkhand,SER
MLR,MALKHED,20.821793,77.862831,,
MLS,MALASA,26.28889,79.907312,,
MLSA,MALLASANDRA,13.335173,77.015018,Karnataka,SWR
MLSR,Malsar,21.889408,73.31641,Gujarat,WR
MLSU,MALSAILU,19.868049,77.123238,Maharashtra,SCR
MLT,MALATIPATPUR,19.865258,85.83177,,
MLTR,Melattur,11.06543,76.272805,Kerala,SR
MLU,MALUGUR,13.866614,77.531591,,
MLV,MALLARPUR,24.080029,87.726275,,
MLW,Mallanwan,27.036238,80.158335,Uttar Pradesh,NR
MLX,Mullanpur,30.83811,75.665016,Punjab,NR
MLY,MAULA ALI,17.44041,78.550541,,
MLYA,Maliya,22.831668,88.136281,West Bengal,ER
MLYC,MAULA ALI,17.447219,78.548135,,
MLYG,MLYG,17.455347,78.53417,,
MLYR,MELNARIYAPANUR,11.615911,78.814791,,
MLZ,MALARNA,26.231078,76.534634,Rajasthan,WCR
MM,MUMBAI MAHIM JN,19.040547,72.846876,Maharashtra,WR
MMA,MUHAMMADABAD,26.026235,83.376007,,
MMB,MAHMUDABAD AVADH,27.288295,81.114404,,
MMC,MAHAMANDIR,26.308745,73.037935,Rajasthan,NWR
MMCC,MOOR MARKET,13.084876,80.275222,,
MMD,Maheshmunda,24.232416,86.389033,Jharkhand,ER
MMDA,MUTHALAMADA,10.626386,76.771723,,
MMDL,MOHINI MANDAL(H,26.678677,85.389062,,
MMDP,Mohamadpur,24.877386,85.415625,,
MME,Mul Marora,20.053466,79.658279,Maharashtra,SECR
MMG,Madhyamgram,22.693938,88.452254,West Bengal,ER
MMH,MAHADANAPURAM,10.953711,78.299178,Tamil Nadu,SR
MMK,MADURANTAKAM,12.50442,79.893087,,
MMKB,MEMRAKHABAD,25.472508,85.826852,,
MML,MADAN MAHAL,23.159475,79.920425,Madhya Pradesh,WCR
MMLN,MAHUAMILAN,23.662241,84.854527,,
MMM,MANDAPAM,9.280516,79.157354,Tamil Nadu,SR
MMNK,MARAIMALAM NAGAR,12.79662,80.019875,,
MMP,MAMBALAPPATTU JN,11.952233,79.373905,Tamil Nadu,SR
MMPL,MANTAPAMPALLE,14.321639,79.078603,,
MMPR,MAMDAPUR,17.382575,78.977931,,
MMR,MANMAD JN,20.249887,74.438305,,
MMRB,MANMAD B CABIN,20.231474,74.449556,,
MMS,MANDASA ROAD,18.840628,84.494113,,
MMU,MUGMA,23.751414,86.747614,,
MMV,MAHALI MARUP,22.757135,85.879316,,
MMVR,Murga Mahadev Road,22.060486,85.465862,,
MMY,MARWAR MATHANYA,26.532173,72.978778,Rajasthan,NWR
MMZ,MANDAMARI,18.971272,79.470148,,
MN,MINAMBAKKAM,12.98432,80.174625,,
MNAE,MANKAR,23.420373,87.555822,,
MNC,MADANKATA,24.140881,86.70195,,
MNCR,Monacherra,24.611951,92.550058,,?
MND,MUNDERWA,26.776435,82.903373,,
MNDA,MANDURA,20.78015,77.522584,,
MNDH,MANDIR HASAUD,21.226192,81.772807,,
MNDR,MANDI DHANAURA,28.953119,78.261498,Uttar Pradesh,NR
MNDV,MANDAWARIYA,26.621072,74.890472,,
MNDY,Mandaveli,13.027861,80.260507,Tamil Nadu,SR
MNE,MANSI JN,25.509398,86.554446,,
MNF,MANDA ROAD,25.162718,82.236678,,
MNGD,MUNIGUDA,19.62753,83.488343,,
MNGR,Mohan Nagar,29.45876,73.523178,,
MNGT,MYSORE NEW GOOD,12.338554,76.642542,Karnataka,SWR
MNHA,Mindha,27.112061,75.33241,Rajasthan,NWR
MNHL,MAJHAIRAN HIMACHAL,32.046378,76.602793,Himachal Pradesh,NR
MNI,MANGAON,18.247286,73.275679,Maharashtra,KR
MNJ,MANOHARGANJ,25.524992,81.559075,,
MNJR,Manjhlepur,25.994578,81.178625,Uttar Pradesh,NR
MNKB,MIYONKA BARA,25.872727,72.728511,Rajasthan,NWR
MNKN,MANIKALAN HALT,25.917549,82.691157,Uttar Pradesh,NR
MNL,MINCHNAL,16.971395,75.822432,Karnataka,SWR
MNM,MANAMADURAI JN,9.681539,78.45351,Tamil Nadu,SR
MNME,Manamadurai East,9.697777,78.45435,Tamil Nadu,SR
MNMU,MANI MAU,26.989139,79.965183,,
MNO,MEHNAR ROAD,25.654308,85.504478,Bihar,ECR
MNP,MANANPUR,25.104932,86.155405,,
MNPR,MINAPUR,30.911265,76.567332,,
MNPT,MUNGILIPATTU,13.556546,79.241098,,
MNQ,MAINPURI,27.216507,79.034774,Uttar Pradesh,NCR
MNR,MAKKHANPUR,27.119485,78.4715,,
MNS,Manshahi,25.475683,87.588123,Bihar,NFR
MNSR,MANAKSAR,29.680074,74.383621,Rajasthan,NWR
MNTT,MULANTURUTTI,9.901576,76.389673,,
MNU,MUNDIKOTA,21.372513,79.834833,,
MNUR,MANNANUR,10.749322,76.323555,,
MNV,MUNGAOLI,24.402175,78.11099,,
MNWL,MANWAL,32.769105,75.132225,Jammu and Kashmir,NR
MNX,Manganallur,11.02421,79.649805,,
MNY,MANKARAI,10.771526,76.500232,,
MNZ,MANANI,29.884915,77.498609,Uttar Pradesh,NR
MO,MOHOL,17.805205,75.675995,,
MOA,MANOPAD,15.994114,77.941968,,
MOAR,Manipur Bagan,24.400845,92.54072,Assam,?
MOB,MANOHARABAD,17.75573,78.454396,Andhra Pradesh,SCR
MOBD,Moabund,26.66857,94.071748,Assam,NFR
MOD,MORAMPUDI,16.353115,80.620208,,
MOF,MONDH,25.427572,82.484637,,
MOG,MOHIUDDINNAGAR,25.606296,85.703323,Bihar,ECR
MOGA,Moga,30.817296,75.168467,Punjab,NR
MOI,MORI BERA,25.035575,73.136306,Rajasthan,NWR
MOJ,MOHANA,25.980208,77.833955,Madhya Pradesh,WCR
MOL,MULI ROAD,22.676562,71.43486,Gujarat,WR
MOLK,MOLAKARAMPATTI,12.466956,78.541815,,
MOM,Maman,28.330372,77.861087,Uttar Pradesh,NR
MOMU,Molakalmuru,14.709669,76.745727,Karnataka,SWR
MON,Modran,25.187428,72.447631,Rajasthan,NWR
MONJ,MONGLAJHORA,26.259236,89.963309,Assam,NFR
MOO,MUDDANURU,14.688415,78.395393,,
MOP,MOHITNAGAR,26.53055,88.669651,,
MOPR,MOHANPURA,29.992445,73.845031,Rajasthan,NR
MOR,MOR,25.430345,85.85676,,
MORA,MORAIYA,22.946834,72.454814,Gujarat,WR
MOT,MALOUT,30.184671,74.495508,Punjab,NR
MOTA,MOTA,27.288978,79.253729,Uttar Pradesh,NCR
MOTC,MOTICHUR,29.98115,78.177678,Uttarakhand,NR
MOTG,MOTIGANJ,27.101387,82.103635,,
MOTH,MOTH,25.74157,78.948673,,
MOU,MANOHARPUR,22.373359,85.196894,,
MOW,MANANWALA,31.612827,74.966562,,
MOX,MORAN,27.14711,94.888404,,
MOY,MOHRI,30.255264,76.850054,,
MOZ,MUZAFFARNAGAR,29.468689,77.707807,Uttar Pradesh,NR
MP,MELAPPALAIYAM,8.706718,77.701856,Tamil Nadu,SR
MPA,MANAPARAI,10.607562,78.417765,,
MPC,Muttampatti,11.984107,78.152895,Tamil Nadu,SWR
MPD,MADPUR,22.369694,87.443268,,
MPE,Malatipur,22.651892,88.762823,West Bengal,ER
MPF,MUIRPUR ROAD,24.206087,83.094386,,
MPG,Manpur Nagaria,27.908304,78.818201,Uttar Pradesh,NER
MPH,MUNDHA PANDE,28.800367,78.939038,,
MPI,MELPATTI,12.859507,78.797049,,
MPJ,Madanpur,23.005928,88.489717,West Bengal,ER
MPK,CHENNAI PARK,13.080627,80.27285,,
MPKT,CHENNAI PARK TOWN,13.07995,80.275985,Tamil Nadu,SR
MPL,Madanapalle Road,13.644442,78.554424,Andhra Pradesh,SCR
MPLE,MAHIPAL,24.30631,88.162107,West Bengal,ER
MPLI,MINNAMPALLI,11.67108,78.284985,,
MPLM,MARTHIPALAYAM,11.021579,78.023359,Tamil Nadu,SR
MPLR,MAHIPAL ROAD,24.287545,88.191171,West Bengal,ER
MPLY,MEPPULIYUR,11.676385,79.306638,,
MPML,Mohapani Mal,21.812143,78.910005,Madhya Pradesh,SECR
MPN,Madhyampur,22.619981,88.896007,West Bengal,ER
MPNH,MAJNUPUR NAWADA,25.532196,85.931268,,
MPO,MANPUR JN,24.807111,85.044738,,
MPR,MAKARPURA,22.232706,73.175422,,
MPRD,Mathurapur Road,22.140587,88.390923,West Bengal,ER
MPT,Mangalampeta,13.568344,79.074022,Andhra Pradesh,SCR
MPU,MEDAPADU,17.005091,82.096133,,
MPUE,MAINPURI KACHRI,27.227142,79.065632,Uttar Pradesh,NCR
MPUR,New Madanpur,24.312218,87.226329,,?
MPY,MURARPUR,25.232759,86.886908,,
MQ,Mannargudi,10.674541,79.455639,Tamil Nadu,SR
MQA,Matoda,24.11526,73.00915,,
MQC,MUNDKA,28.688491,77.028569,Delhi NCT,NR
MQE,MOHAMMADKHERA,23.384268,76.665757,,
MQG,MILANGARH,25.368746,87.896223,,
MQJ,MARADAM HALT,18.400797,83.346343,,
MQL,MIRKHAL,19.203641,76.915057,Maharashtra,SCR
MQN,MANYAMKONDA,16.683425,77.904883,,
MQO,MUNROTURUTTU,8.994998,76.611908,,
MQP,Makrandpur,28.213407,79.290097,Uttar Pradesh,NER
MQQ,Markahandi U Halt,22.049857,79.191328,Madhya Pradesh,SECR
MQR,MALKHAID ROAD,17.147112,77.173961,,
MQS,Malsian Shahkot,31.110293,75.354756,Punjab,NR
MQU,MURUKKAMPUZHA,8.61363,76.830245,,
MQX,MERALGRAM,24.19691,83.709634,Jharkhand,ECR
MQZ,MOTA JADRA,21.082538,71.704462,Gujarat,WR
MR,MARTUR,17.199686,76.902717,,
MRA,MORENA,26.500504,78.003442,,
MRB,MUNIRABAD,15.308524,76.335537,Karnataka,SWR
MRBL,MURIBAHAL,20.385885,83.016704,,
MRC,MARICHETHAL,16.111362,77.309318,,
MRDA,Maroda,20.095174,79.660732,,
MRDD,Mordar,21.74264,76.449244,Madhya Pradesh,SCR
MRDG,Maradanga,26.301078,89.556685,,
MRDL,MERAMANDOLIL,20.802387,85.304943,,
MRDW,MURDESHWAR,14.100277,74.505247,Karnataka,KR
MRE,MANAURI,25.470171,81.662491,,
MRF,Marpalli,17.54542,77.771485,Andhra Pradesh,SCR
MRG,Margherita,27.289315,95.6726,Assam,NFR
MRGA,MIRYALAGUDA,16.860392,79.533503,,
MRGM,MAURIGRAM,22.580154,88.256078,,
MRHA,Murahara,24.91338,86.934526,Bihar,?
MRHT,MORANHAT,27.182978,94.919308,Assam,NFR
MRIJ,Murliganj,25.888506,87.000446,Bihar,ECR
MRJ,MIRAJ JN,16.819946,74.638839,Maharashtra,CR
MRJD,Marajdwa,27.043053,84.601916,Bihar,ECR
MRK,MARKAPUR ROAD,15.714678,79.301115,,
MRL,MAROLI,21.019949,72.889998,Gujarat,WR
MRLI,Murli Halt,25.017163,87.773199,Jharkhand,ER
MRLM,MARUDALAM,12.99726,79.399298,,
MRM,MAMANDURU,13.745895,79.458115,,
MRN,MORWANI,23.276486,74.977969,,
MRND,MORINDA,30.791519,76.502461,,
MROA,Mora,27.516762,77.612747,,
MRPL,MARAMPALLI,16.843925,81.633874,,
MRPM,MATHURAPUR MOR HALT,29.660955,78.422242,,
MRPR,MAU RANIPUR,25.261271,79.136793,Uttar Pradesh,NCR
MRQ,MATARI,23.840519,86.239035,,
MRR,MURARAI,24.440886,87.858653,,
MRSH,Morshi,21.326057,77.995446,,
MRT,MATHURA CANT,27.491013,77.685113,,
MRTA,MURAITHA,26.369765,85.786612,,
MRTL,MIRTHAL,32.112895,75.608482,Punjab,NR
MRTY,MURTI,18.681887,76.591573,Maharashtra,SCR
MRU,MUMBAI MATUNGA ROAD,19.028606,72.847143,Maharashtra,WR
MRV,MARSUL,19.233398,77.098156,Maharashtra,SCR
MRWS,Marwar Ranawas,25.669354,73.739883,Rajasthan,NWR
MRX,MURUD,18.380482,76.251585,Maharashtra,CR
MRYA,MERIYANA,21.201567,71.415981,,
MRZA,MIRZA,26.072751,91.517401,Assam,NFR
MS,CHENNAI EGMORE,13.077678,80.260193,,
MSAE,MASAGRAM,23.134791,88.042182,,
MSB,CHENNAI BEACH,13.09034,80.291601,,
MSBR,MUSAHIBPUR,31.983448,75.609457,,
MSC,CHENNAI CHETPAT,13.074663,80.24337,,
MSD,BOMBAY MASJID,18.952385,72.838561,Maharashtra,CR
MSDG,MASOBA DONGARGAON,17.265554,75.136269,,
MSDH,MASNADIH,26.958112,84.832613,,ECR
MSDL,Mahisadal,22.176299,88.010799,West Bengal,SER
MSDN,MASUDAN,25.235271,86.357883,,
MSDR,MURSHADPUR,29.572395,78.375646,,
MSF,CHENNAI FORT,13.08354,80.282936,,
MSH,MAHESANA JN,23.602623,72.388708,Gujarat,WR
MSHF,Mahesana,23.603326,72.38937,,
MSHM,MAHESANA,23.606147,72.388756,,
MSHW,MUSHARWA HALT,27.051627,84.486962,,
MSK,MAHES KHUNT,25.46082,86.641818,,
MSMD,MAHASAMUND,21.113138,82.10389,,
MSMI,MISAMARI,26.811265,92.595773,,
MSN,MURSAN,27.574211,77.9363,,
MSO,MISROD,23.168701,77.458046,,
MSOD,MASODHA,26.709217,82.125339,,NR
MSP,MANSURPUR,29.355377,77.719182,Uttar Pradesh,NR
MSQ,Marwar Ratanpur,24.67822,72.142853,Gujarat,NWR
MSR,MASUR,17.404241,74.144209,Maharashtra,CR
MSRP,MURHESI RAMPUR,27.412426,77.627418,Uttar Pradesh,WCR
MSS,Masarahalli,13.804192,75.735905,Karnataka,SWR
MSSD,Maheshari Sandhuan,30.848579,74.992929,Punjab,NR
MST,MASIT,27.269929,80.257914,,
MSTH,Misrikh Tirath,27.422484,80.530303,Uttar Pradesh,NR
MSU,MOSUR,13.085735,79.718841,,
MSV,MUSTARA,25.496702,78.63498,,
MSW,MASKANWA,27.001379,82.35974,,
MSWA,Masaniwala,29.399943,73.590387,,
MSZ,MANSA,29.989695,75.402584,Punjab,NR
MT,Matera,27.784934,81.553447,Uttar Pradesh,NER
MTA,MATHELA,21.880256,76.389971,Madhya Pradesh,WCR
MTB,MATLABPUR,28.989821,78.656727,,
MTBG,Matia Barghat Halt,26.941536,83.757104,,
MTC,MEERUT CITY,28.97761,77.675106,Uttar Pradesh,NR
MTCN,Triplicane,13.054862,80.280206,Tamil Nadu,SR
MTD,MERTA ROAD JN,26.728077,73.917896,,
MTDI,MALTEKDI,19.1674,77.334354,,
MTDM,METUR DAM,11.807081,77.832008,,
MTFA,MERTALA PHALEYA,23.479666,88.319686,West Bengal,ER
MTGE,MUTHANI,25.173237,83.619143,,
MTH,MATAUNDH,25.418978,80.148507,Uttar Pradesh,NCR
MTHP,MITHAPUR,22.411601,69.008695,Gujarat,WR
MTI,MITAWAL,27.292311,78.198924,,
MTJ,MATHURA JN,27.480145,77.673117,,
MTJL,Motijheel,26.249743,78.142209,Madhya Pradesh,NCR
MTJR,MOTERJHAR,26.133968,89.864509,Assam,NFR
MTL,MAILAM,12.160501,79.6022,,
MTM,Machilipatnam,16.171258,81.137763,Andhra Pradesh,SCR
MTMI,MOTIMARI,16.956602,80.320896,Andhra Pradesh,SCR
MTMY,Thirumayilai,13.03497,80.267038,Tamil Nadu,SR
MTN,MUMBAI MATUNGA,19.027347,72.849842,,
MTND,Mattagajpur,20.441552,85.946128,Orissa,ECoR
MTNL,MUTTARASANALLUR,10.86586,78.648401,Tamil Nadu,SR
MTO,MAITHA,26.476492,80.025181,,
MTP,Mettupalayam,11.299729,76.934533,Tamil Nadu,SR
MTPC,MOTIPURA CHAUKI,24.609338,77.0483,Rajasthan,WCR
MTPR,Raimehatpur,31.405747,76.324311,Himachal Pradesh,NR
MTR,MOTIPUR,26.257039,85.168197,Bihar,ECR
MTRA,Matigara,26.716817,88.384065,,
MTSK,MOTA SURKA,21.724542,71.924583,,
MTU,MATMARI,16.046723,77.302973,,
MTUR,MATHUR,11.318107,79.205803,,
MTV,Matalkunta,17.768291,77.56294,Andhra Pradesh,SCR
MTWN,Mitewani,21.424028,79.712797,,
MTY,MULTAI,21.783543,78.26283,,
MU,MAKANSAR,22.760355,70.906093,,
MUA,MUSRA,21.152966,80.879372,,
MUC,MULLURKARA,10.705843,76.271415,,
MUD,MURADNAGAR,28.759017,77.506774,Uttar Pradesh,NR
MUDI,Mududi,13.151294,76.233204,,
MUE,MUDKHED,19.148087,77.509661,Maharashtra,SCR
MUG,MAGRA,22.983125,88.36829,,
MUGA,MAHUGARHA,24.627745,77.241742,,
MUGN,MAHUTGAON,26.962757,94.792882,Assam,NFR
MUGR,Manuguru,17.925272,80.799034,Andhra Pradesh,SCR
MUH,Murthiha,28.030462,81.378147,Uttar Pradesh,NER
MUHI,Murhari Halt,25.341408,85.533014,,
MUK,MUNUMAKA,16.190922,79.981319,,
MUKE,MUKKALI,11.68423,75.550362,Kerala,SR
MULK,MULKI,13.068517,74.804962,Karnataka,KR
MUM,MANGAPATNAM,14.736696,78.260753,,
MUO,MASANGAON,22.272733,77.005257,Madhya Pradesh,WCR
MUP,MURHIPAR,21.183141,81.148154,,
MUPA,MUPA,25.368686,93.122747,Assam,NFR
MUQ,MARUDUR,10.914737,78.450293,Tamil Nadu,SR
MUR,MANKAPUR JN,27.039058,82.227648,,
MURD,MANDAWAR MAHUA RD,27.156098,76.850823,,
MURI,MURI,23.376284,85.866991,,
MUT,MEERUT CANT,29.015997,77.686937,Uttar Pradesh,NR
MUU,MANKUNDU,22.846462,88.346368,,
MUUA,MAHUAWA KHURD,26.854361,83.593922,Uttar Pradesh,NER
MUV,MANDUADIH,25.300001,82.972079,Uttar Pradesh,NER
MUW,MATHURAPUR,24.386518,86.631692,,
MUY,MUGAIYUR,11.976522,79.305326,,
MUZ,MOHIUDDINPUR,28.885405,77.621531,Uttar Pradesh,NR
MV,MAYILADUTURAI JN,11.095237,79.62868,Tamil Nadu,SR
MVA,Malaka Vemala,14.268888,78.053936,,
MVC,Mavinkere,12.816193,76.201872,Karnataka,SWR
MVD,MULVAD,16.620372,75.746926,Karnataka,SWR
MVE,MUNDHEWADI,17.741765,75.706548,,
MVF,MANABAR,18.839732,82.695903,Orissa,ECoR
MVG,MALIGURA,18.953175,82.638614,Orissa,ECoR
MVH,MANTATTI,17.227693,77.509481,,
MVI,MORBI,22.825342,70.829277,Gujarat,WR
MVJ,MAVLI JN,24.794585,73.973721,Rajasthan,NWR
MVKR,Mahawan Khor Halt,26.975829,83.276815,,
MVL,MALAVLI,18.743833,73.48064,,
MVLK,MAVELIKARA,9.239487,76.545692,,
MVN,MILAVITTAN,8.811577,78.087335,Tamil Nadu,SR
MVO,MANWATH ROAD,19.358161,76.534516,Maharashtra,SCR
MVP,MOKHASA KALVPDI,16.495533,81.13029,Andhra Pradesh,SCR
MVPM,MAVELIPALAIYAM,11.480914,77.899212,,
MVRM,MALLAVARAM,17.181025,82.315285,,
MVS,MANAVASI,10.934013,78.220496,Tamil Nadu,SR
MVV,MAHESHI,25.236912,86.799239,,
MVW,Mallividu,17.971931,83.172858,Andhra Pradesh,ECoR
MW,MAIRWA,26.240309,84.151979,,
MWA,MANDWA,21.517291,76.389861,Madhya Pradesh,CR
MWAD,Mowad,21.455554,78.451335,,
MWC,MANDAWALI CHANDER VIHAR,28.613384,77.253315,,
MWD,MHASAVAD,20.870402,75.458462,,
MWE,MEWA NAWADA,29.118385,78.613167,,
MWF,MAGARDAHA,24.388753,82.905844,Uttar Pradesh,ECR
MWG,Mindala,20.515626,79.716809,,
MWH,MALWAN,26.017246,80.685594,,
MWJ,MARWASGRAM,24.098212,81.836685,Madhya Pradesh,WCR
MWK,Mordad Tanda,20.68819,74.904782,Maharashtra,CR
MWM,MALLESWARAM,13.001289,77.563207,Karnataka,SWR
MWP,MAHRANI PACHHIM,26.087672,82.288578,,
MWQ,MOTARI HALT,20.090583,85.729192,,
MWR,Mahansar,28.199841,75.031292,Rajasthan,NWR
MWRN,Madwarani,22.165407,82.711553,Chhattisgarh,SECR
MWT,MARWAR LOHWAT,26.981256,72.58927,Rajasthan,NWR
MWUE,MAHRAWAL,27.937875,78.04247,,
MWW,MAHWA,27.48372,76.608871,Rajasthan,NWR
MWX,MALLANWALA KHAS,31.047005,74.813427,Punjab,NR
MWY,MAILARAM,17.280412,77.809709,,
MWZ,MAHISHADAHARI,23.916311,87.649654,,
MX,Mumbai Mahalakshmi,18.982103,72.823908,Maharashtra,WR
MXA,MARAUDA,21.15958,81.35973,Chhattisgarh,SECR
MXH,MAKHU,31.105935,74.983505,Punjab,NR
MXJ,MANGURJAN,26.412488,88.256909,,
MXK,MANDRAK,27.768635,78.110287,,
MXL,MOKHOLI,26.160967,76.460845,Rajasthan,WCR
MXM,MINATCHIPURAM,10.629748,76.875347,,
MXN,MARIANI JN,26.652435,94.308203,Assam,NFR
MXO,MORTHALA,24.502605,72.803419,Rajasthan,NWR
MXP,Malupota,31.184014,75.965393,Punjab,NR
MXR,MAHUR,25.187996,93.126299,Assam,NFR
MXS,MOHASA,24.378687,78.2889,,
MXT,MALAKPET KACHEGUDA,17.375398,78.494244,,
MXW,MAHADEV SAL,22.510448,85.328849,,
MXY,MAHUARIYA,24.22774,83.310519,Uttar Pradesh,ECR
MXZ,Mohdara Halt,20.960497,79.347023,,
MY,MALLIYAM,11.079116,79.595866,Tamil Nadu,SR
MYA,MANDYA,12.529176,76.897256,Karnataka,SWR
MYD,MANDERDISA,25.707319,93.123109,Assam,NFR
MYE,Mandhali,31.204703,75.831855,Punjab,NR
MYG,MIYAGAM KARJAN,22.050722,73.120353,,
MYGL,MIYAGAM KARJAN JUNCTION NG,22.050132,73.119763,,
MYHT,Mayurhat,23.363017,88.661013,West Bengal,ER
MYJ,MAHEJI,20.768924,75.42462,,
MYK,MAYAKONDA,14.284214,76.081381,Karnataka,SWR
MYKR,MATYAKHERI HALT,24.309449,74.951915,,
MYL,MALLIYALA,15.397805,77.776755,Andhra Pradesh,SCR
MYM,MEMARI,23.172935,88.095637,,
MYP,MUNDILYAMPAKKAM,11.99568,79.511687,,
MYR,MAIHAR,24.255485,80.763148,Madhya Pradesh,WCR
MYS,MYSORE JN,12.318946,76.646013,Karnataka,SWR
MYU,MAYANOOR,10.954704,78.236511,Tamil Nadu,SR
MYX,METYAL SOHAR,23.482582,86.748784,West Bengal,SER
MYY,MAYYANAD,8.837759,76.647331,,
MZA,MEZENGA S,26.884475,94.679344,Assam,NFR
MZB,Mahuli Halt,21.033308,79.315031,,
MZC,MIRZA CHEUKI,25.258777,87.49798,,
MZGI,MANZURGARHI,27.96429,78.10663,Uttar Pradesh,NCR
MZH,MAUHARI,23.118661,81.769465,Madhya Pradesh,SECR
MZHL,MAJHAOLI,24.136642,82.37058,Madhya Pradesh,WCR
MZL,MIRZAPALI,18.017963,78.415299,Andhra Pradesh,SCR
MZM,MUZZAMPUR NARAIN,29.58301,78.222356,,
MZN,MAHMUDPUR SARAIYAN,27.754198,80.209625,,
MZP,MIRZAPUR,25.13435,82.569869,,
MZQ,MAJGAON ASSAM,26.430697,90.574137,Assam,NFR
MZR,MURTAJAPUR,20.736468,77.354825,,
MZU,Marandahalli,12.388944,78.017329,Tamil Nadu,SWR
MZV,MARALAHALLI,12.988346,78.108853,,
MZW,MANJHWE,24.814294,85.306631,Bihar,ECR
MZX,MATATILA,25.0851,78.40284,,
MZY,MACHAPUR,20.569003,85.768912,,
MZZ,MANJURI ROAD,21.012136,86.319698,,
NAB,Nagbhir Junction,20.579812,79.700138,Maharashtra,SECR
NABN,Nagbhir Jn (Ng),20.580232,79.700558,,
NAC,NAWA CITY,27.029479,74.998832,,
NACC,NEW ALIPUR (CALCUTTA),22.510862,88.33492,,
NAD,NAGDA JN,23.45592,75.412491,,
NAG,NAGARGALI,15.424554,74.621353,Karnataka,SWR
NAGC,NAGARGALI,18.815609,73.360148,,
NAI,Nangi,22.500256,88.223984,West Bengal,ER
NAK,Naksalbari,26.682578,88.202235,,
NAKD,NAIK DIH,25.847026,83.466008,,
NAL,Nal Halt,28.03859,73.217612,Rajasthan,?
NALR,NALPUR,22.529208,88.185699,,
NAM,NAMRUP,27.19627,95.313642,Assam,NFR
NAN,NANDGAON ROAD,16.387454,73.73056,Maharashtra,KR
NANA,NANA,24.925895,73.110095,Rajasthan,NWR
NAND,NANDIKUR,13.133125,74.806474,,
NANR,Naranpur,21.617209,85.637868,Orissa,ECoR
NARA,NARA HALT,29.390442,76.75997,,
NARD,Naika Road,25.44858,85.292377,,
NAS,Nasrala,31.497981,75.846408,Punjab,NR
NASP,NARASINGAPALLI,17.606751,82.891038,,
NAT,NATHNAGAR,25.237052,86.935373,,
NAU,NADAPURAM ROAD,11.639509,75.575581,Kerala,SR
NAVI,Navi Amravati,20.902137,77.732428,,
NAW,NAWANDGI,17.2171,77.427908,,
NAWN,NAWAN,29.653072,74.353285,Rajasthan,NWR
NAZJ,NAZIRGANJ,25.724315,85.806327,,
NB,NIMBHORA,21.160781,75.975186,Maharashtra,CR
NBA,Nabha,30.363819,76.146396,Punjab,NR
NBAE,NABAGRAM,23.09918,88.066909,,
NBD,NAJIBABAD JN,29.60354,78.335733,,
NBE,New Barrackpore,22.687235,88.444755,West Bengal,ER
NBG,NABENAGAR ROAD,24.653944,84.094044,,
NBH,NIMBAHERA,24.623252,74.694312,Rajasthan,WR
NBI,NADBAI,27.213674,77.208088,,
NBK,NUNGAMBAKKAM,13.065363,80.232742,,
NBKH,NABA GRAM KANKU,23.661572,88.10026,West Bengal,ER
NBL,NIMBAL,17.118384,75.859907,Karnataka,SWR
NBM,NAVABPALEM,16.831606,81.606702,,
NBP,NIBHAPUR,25.600347,82.249697,,
NBPH,New Balarampur Halt,24.051233,88.247374,West Bengal,ER
NBQ,NEW BONGAIGAON,26.475835,90.536843,,
NBQY,NEW BONGAIGAON YARD,26.472113,90.521486,,
NBR,NAMBURU,16.358721,80.495825,,
NBS,NEW BANESWAR,26.395022,89.510422,,
NBT,NAYABAGIRTHIPUR,20.781585,85.382445,,
NBU,NARASAMBUDHI,12.104692,76.701805,Karnataka,SWR
NBUE,NIBKARORI,27.328749,79.40996,Uttar Pradesh,NCR
NCB,NEW COOCH BEHAR,26.353159,89.469766,,
NCE,Nalacheruvu East,13.988212,78.18549,,
NCH,NAKACHARI,26.708133,94.393913,Assam,NFR
NCHS,NATURE CURE HOSPITAL,17.445863,78.452891,,
NCJ,NAGERCOIL JN,8.17385,77.44347,Tamil Nadu,SR
NCN,Nachinda Ph,21.881341,87.754966,,
NCP,Nishchindapur,21.973426,88.214325,West Bengal,ER
NCPM,Nishchindapur Market Halt,21.987443,88.217105,West Bengal,ER
NCR,Nagore,10.81843,79.846188,Tamil Nadu,SR
NCU,Nallacheruvu,14.020565,78.177734,Andhra Pradesh,SCR
ND,NADIAD JN,22.694106,72.855718,,
NDAE,NABADWIP DHAM,23.396593,88.356472,West Bengal,ER
NDAZ,NAYA AZADPUR,28.714564,77.166876,,
NDB,NANDURBAR,21.374812,74.246482,,
NDBT,NANDPUR BHATAULI,32.013177,76.115499,Himachal Pradesh,NR
NDD,NIDADAVOLU JN,16.898297,81.675504,,
NDE,NANDRE,16.964029,74.55903,Maharashtra,CR
NDGJ,NANDAHGANJA,22.404098,87.832458,,
NDH,Nindhar Benar,27.003882,75.729096,Rajasthan,NWR
NDIM,NANDAIGRAM HALT,23.311548,88.317062,,
NDJ,NANDGANJ,25.54457,83.396867,Uttar Pradesh,NER
NDK,NANKHAS,25.660949,78.872336,,
NDKD,NADIKODE,16.590634,79.723565,,
NDKR,Nandakumar P.H.,22.190924,87.927872,West Bengal,?
NDL,NANDYAL,15.468024,78.472545,,
NDLS,NEW DELHI,28.642314,77.220004,,
NDM,NIDAMANURU,16.507237,80.730551,Andhra Pradesh,SCR
NDN,NARDANA,21.178209,74.828747,,
NDNI,Nidhani,22.576568,80.008415,Madhya Pradesh,SECR
NDO,NIDUBROLU,16.067904,80.557243,,
NDPL,NDPL,15.456312,78.520612,,
NDPR,NANDAPUR,19.594882,77.237628,Maharashtra,SCR
NDPU,NUDURUPADU,16.273407,80.193376,,
NDR,NANDESARI,22.418332,73.095273,,
NDRT,Nangal Degrota,28.367897,76.067464,,
NDT,Nathdwara,24.92025,73.909396,Rajasthan,NWR
NDU,Nadauj,25.296539,85.017335,Bihar,ECR
NDV,NIDVANDA,13.245142,77.273126,Karnataka,SWR
NDW,Nadwan,25.396687,85.065674,Bihar,ECR
NDY,Nandi Halt,13.384142,77.712486,Karnataka,SWR
NDZ,NIDIGALLU,13.988306,79.660594,,
NEA,NEYKKARAPATTI,11.612765,78.096697,,
NEC,NEMILICHERRY HALT,13.121643,80.045378,,
NED,HUZUR SAHIB NANDED,19.160522,77.310478,Maharashtra,SCR
NEHL,Nethranahalli H,14.674986,76.71037,,
NEI,NEOLI,18.387703,76.303949,Maharashtra,CR
NEM,NEMEM,8.455233,77.009693,Kerala,SR
NEMA,Nema Halt,25.409592,85.072249,Bihar,?
NEO,NEORA,25.57459,84.986523,,
NEP,NENPUR,22.847183,72.725207,,
NERH,Ner Halt,25.017219,84.975361,,?
NERI,NERI,27.688832,80.393681,,
NES,Natesar,24.963885,85.271806,,
NEW,NIVARI,25.328061,78.82007,Uttar Pradesh,NCR
NEWC,NEW WEST CABIN,25.27379,83.10921,,
NEYT,Ntpc Exchange Yard Talcher,20.919626,85.2081,,
NFK,NEW FARAKKA JN,24.794558,87.915236,,
NFKB,NEW FARAKKA-B-CABIN,24.782115,87.915793,,
NG,NAGARI,13.307882,79.579647,,
NGA,NINGALA JN,22.0252,71.709352,Gujarat,WR
NGAN,Nagaon,26.356212,92.672531,Assam,NFR
NGB,NAWABGANJ GONDA,27.153816,81.977064,,
NGC,NEW GUWAHATI,26.181703,91.792236,,
NGD,NAGARDEVLA,20.603002,75.198106,,
NGE,NAGAR,23.315091,82.459164,Chhattisgarh,SECR
NGF,NAGARNABI,24.590321,87.868075,,
NGG,NAGINA,29.437919,78.424119,,
NGHW,Nageshwadi Halt,18.461519,76.916102,,
NGI,NAGARI,20.406983,78.889984,,
NGL,NANGAL,29.832554,77.62227,Uttar Pradesh,NR
NGLT,NAGLATULA,26.92382,77.421273,Rajasthan,NCR
NGM,NAGASAMUDRAM,14.321663,77.642467,,
NGMP,NEW GARH MADHOPUR,20.798857,86.072106,,
NGN,NANDGAON,20.307616,74.659526,,
NGNT,NEW GUNTUR,16.31004,80.458223,Andhra Pradesh,SCR
NGO,NAGAUR,27.199991,73.723572,,
NGON,NAUGAON,26.130622,78.120358,,
NGP,NAGPUR,21.153567,79.089004,,
NGPB,Nagpur (Se),21.145332,79.088256,,
NGR,ANNIGERI,15.432164,75.430851,Karnataka,SWR
NGRD,NILGIRI ROAD,21.426415,86.855469,,
NGRI,New Garia,22.4727,88.397713,,
NGRS,NAGROTA SURIYAM,32.051899,76.09101,Himachal Pradesh,NR
NGRT,NAGROTA,32.108728,76.388794,Himachal Pradesh,NR
NGS,NAGANSUR,17.429086,76.182913,,
NGT,NAGAPPATTINAM,10.759221,79.845998,Tamil Nadu,SR
NGTG,New Gitaldaha,26.070776,89.586875,West Bengal,NFR
NGTN,NAGOTHANE,18.539932,73.140769,Maharashtra,CR
NGV,NAGLAVI,15.454853,74.908742,,
NGW,Nauganwan,23.414388,75.189265,Madhya Pradesh,WR
NGWN,NOGANWAN,30.738403,76.443287,,
NGY,NATH GANJ,24.545616,85.385094,,
NGZ,S K NAGJIHARI,20.761641,76.755353,,
NH,NAIHATI JN,22.888555,88.4185,,
NHB,NOH BACHHAMDI,27.223369,77.546395,,
NHF,Nihasta Halt,26.212313,80.925035,Uttar Pradesh,NR
NHH,NIHALGARH,26.460131,81.632581,,
NHK,NAHARKATIYA,27.289403,95.329775,Assam,NFR
NHM,NANDOL DEHEGAM,23.17417,72.815845,Gujarat,WR
NHN,NIGOHAN,26.567225,81.045358,,
NHR,Nohar,29.192563,74.773628,Rajasthan,NWR
NHT,NALHATI JN,24.295706,87.83867,,
NHU,NAHUR,19.154646,72.946683,,
NHX,NARTHAR,27.632931,79.023137,,
NHY,NAGANAHALLI,12.380243,76.651081,Karnataka,SWR
NI,NAYDONGRI,20.348431,74.836633,,
NIA,NAILA,22.022964,82.564589,,
NID,NIDUR,11.127231,79.645074,Tamil Nadu,SR
NIDI,NIDI,18.472247,73.106567,Maharashtra,CR
NIG,NAIGAON,19.350875,72.845954,Maharashtra,WR
NIIJ,NILAJE,19.155062,73.079908,Maharashtra,CR
NIL,Nilambur Road,11.278805,76.254779,Kerala,SR
NILE,NIMTITA,24.625338,88.00764,West Bengal,ER
NIM,NIMDIH,22.993643,86.142118,,
NIMG,NIMA GOPALPUR,25.992862,82.364038,,
NIN,Nimkana,20.295401,86.376438,,
NIP,Nizampur,27.966768,76.010787,Rajasthan,NWR
NIQ,NIGAURA,22.961546,81.874215,,
NIR,Nainpur Junction,22.425676,80.108853,Madhya Pradesh,SECR
NIRA,NIRA,18.104965,74.209082,Maharashtra,CR
NIT,Naikot,27.361006,83.396612,,
NIU,NABIPUR,21.807541,73.030592,,
NIV,NIVASAR,16.946588,73.454552,Maharashtra,KR
NJA,Nagjua,23.378294,84.966838,Jharkhand,SER
NJB,NIJBARI,26.587597,88.337505,,
NJN,NAOJAN,26.13131,93.846465,Assam,NFR
NJP,NEW JALPAIGURI,26.683025,88.443391,,
NJPS,New Jalpaiguri,26.682355,88.442721,,
NJT,NAGERCOIL TOWN,8.199572,77.419432,Tamil Nadu,SR
NK,NASIK ROAD,19.947627,73.841897,,
NKB,NAGRAKOTA,26.885533,88.917581,West Bengal,NFR
NKBR,Narkatia Bazar,26.488339,84.38246,,
NKD,NEKONDA,17.794878,79.804593,Andhra Pradesh,SCR
NKDO,NAKKANADODDI,15.165309,77.476679,,
NKE,NARKATIAGANJ JN,27.105035,84.464045,Bihar,ECR
NKG,NARKALDENGA COACHING YARD,22.571975,88.37911,,
NKH,NATHUKHERI,24.020043,75.643456,,
NKI,NAIKHERI,23.196778,75.689198,,
NKJ,NEW KATNI JN,23.813637,80.420454,,
NKK,Narikkudi,9.607658,78.337128,,
NKL,Nalikul,22.829713,88.166226,West Bengal,ER
NKM,NAMKON,23.351755,85.376672,,
NKN,Nyoli Kalan,29.189764,75.633124,,
NKP,NIRAKARPUR,19.991741,85.530464,,
NKPL,NARKETPALLI,17.199276,79.179267,,
NKPU,Nekpur,24.995699,85.338857,,
NKR,Nimar Kheri,22.11119,76.150998,Madhya Pradesh,WR
NKRA,Nokhra,27.607995,72.665402,Rajasthan,?
NKU,NAKARDEI,26.948686,84.891669,,
NKV,NAKARDEI,26.948956,84.891939,,
NKW,Nilakantheswar,21.426066,85.798221,Orissa,ECoR
NKX,NAKTISEMRA,19.062273,82.07393,Chhattisgarh,ECoR
NLA,NANCHERLA,15.256053,77.368833,,
NLBR,Nilambazar,24.743292,92.365126,Assam,NFR
NLD,Nalanda,25.122359,85.462774,Bihar,ECR
NLDA,NALGONDA,17.06118,79.283436,,
NLDM,NANGAL DAM,31.370543,76.372615,,
NLE,NILESHWAR,12.255885,75.13575,Kerala,SR
NLH,NAULTHA,29.318788,76.889707,Haryana,NR
NLI,NAMLI,23.455521,75.067161,Madhya Pradesh,WR
NLKR,NILOKHERI,29.831492,76.925491,,
NLKT,Nalkata,24.068389,91.999618,,
NLL,NALLI,9.269174,77.922239,,
NLN,NAILALUNG,25.774379,93.38881,Assam,NFR
NLNR,NULEMURU HALT,14.007537,76.125809,,
NLPD,NALLAPADU,16.308263,80.397756,,
NLQ,Nangal Pathani Halt,28.364489,76.496786,Haryana,NWR
NLR,NELLORE,14.460592,79.989383,,
NLRD,NECKLACE ROAD,17.423338,78.462871,Andhra Pradesh,SCR
NLS,NELLORE SOUTH,14.444475,79.983464,,
NLSF,NIYALISH PARA,24.156525,88.246367,West Bengal,ER
NLV,NALBARI,26.450629,91.440291,,
NM,Naimisharanya,27.355137,80.484435,Uttar Pradesh,NR
NMA,Nirmali,26.305325,86.574615,Bihar,ECR
NMBR,N MAYURBHANJ ROAD,21.666901,87.038724,,
NMC,NIMCHA,23.626716,87.090288,,
NMD,NOMODA,26.280074,76.57945,Rajasthan,WCR
NMDA,NEW MORINDA,30.776469,76.518125,,
NMDR,Nimdanri,22.608628,88.905624,West Bengal,ER
NMF,NIMO,23.180298,88.069346,,
NMG,NIMIAGHAT,23.932092,86.076213,,
NMGT,NIMSHIRGAON TAMDALGE,16.769024,74.486113,Maharashtra,CR
NMGY,Numaligarh,26.601184,93.865713,Assam,NFR
NMH,NIMACH,24.459873,74.853025,Madhya Pradesh,WR
NMJ,NIDAMANGALAM,10.773564,79.412736,Tamil Nadu,SR
NMK,Nim Ka Thana,27.741573,75.779691,Rajasthan,NWR
NMKA,Namkhana,21.772235,88.239558,West Bengal,ER
NML,NELLIMARIA,18.183131,83.456046,,
NMLU,NEMAKALLU,15.297622,77.372779,,
NMM,NEW MISAMARI,26.810166,92.575454,,
NMN,Namanasamudram,10.327487,78.777507,Tamil Nadu,SR
NMO,NEDI MOLLYANUR,12.128075,79.56707,,
NMP,NIMPURA,22.332403,87.264686,,
NMT,NAMTIALI,26.851588,94.619336,Assam,NFR
NMUE,Numaishgarh Halt,28.40774,77.842306,,
NMX,NEW MAYNAGURI,26.578607,88.822868,,
NMY,NOONMATI,26.180382,91.806851,,
NMZ,NEW MAL JN,26.87368,88.724837,West Bengal,NFR
NN,NANDURA,20.838889,76.460158,,
NNA,NAUGACHIA,25.385261,87.09387,,
NNB,NIMBLAK,19.118353,74.688541,,
NNCN,NAGNATH CABIN,18.854079,73.359131,,
NNE,NONERA,26.437569,78.333363,Madhya Pradesh,NCR
NNGE,NARANGI,26.182961,91.835776,Assam,NFR
NNGL,Naya Nangal,31.378961,76.354211,Punjab,NR
NNKR,Nanaksar,30.803353,75.419984,Punjab,NR
NNL,Narnaul,28.044396,76.123133,Haryana,NWR
NNM,Nannilam,10.883704,79.650905,,
NNN,NANGUNERI,8.4891,77.662592,Tamil Nadu,SR
NNNL,NANDANI LAGUNIA,25.625408,85.631375,Bihar,ECR
NNO,NANGLOI,28.686261,77.056966,Delhi NCT,NR
NNP,Nanpara Junction,27.859887,81.512594,Uttar Pradesh,NER
NNPR,NONAPAR,26.353209,83.969786,,
NNR,NARAYANPUR,25.398348,86.859388,,
NNU,Nangal Mundi,28.250468,76.499193,Haryana,NWR
NNW,NARAYANPUR TATWAR,26.344259,76.635578,Rajasthan,WCR
NNX,NANAUTA,29.712202,77.442397,Uttar Pradesh,NR
NOH,Nigohi,28.098919,79.878504,Uttar Pradesh,NER
NOI,NARIAOLI,23.89567,78.604147,,
NOK,NOKHA,27.556203,73.474848,,
NOL,NIYOL,21.160311,72.902305,,
NOLI,NOLI,28.746571,77.310771,Uttar Pradesh,NR
NOMD,Noamundi,22.15311,85.513684,Jharkhand,SER
NON,Nonar Halt,25.286471,84.370773,,
NOQ,NEW ALIPURDAUR,26.48572,89.541398,,
NOY,NOYAL,11.060239,77.931769,,
NPB,Nagapattinam Beach,10.764487,79.848443,Tamil Nadu,SR
NPD,NAWAPARA ROAD,20.809717,82.562564,,
NPH,Nurpura,26.709463,77.852085,,
NPI,NIPANIA,21.826434,82.044275,,
NPJE,NICHITPUR,23.825908,86.287765,,
NPK,NORTH PANAKUDI,8.315971,77.582174,Tamil Nadu,SR
NPKM,NANDIYAMPAKKAM,13.268081,80.2758,,
NPL,NAGALAPALLE,17.460567,78.229966,,
NPM,NELLAIKUPPAM,11.775944,79.664768,Tamil Nadu,SR
NPMR,NARAYAN PAKURIA,22.399692,87.773985,,
NPNR,NEPANAGAR,21.463933,76.397032,Madhya Pradesh,CR
NPR,Nepalganj Road,28.010872,81.60073,Uttar Pradesh,NER
NPRD,NAGPUR ROAD,23.279379,82.349049,Chhattisgarh,SECR
NPS,Napasar,27.980942,73.56399,Rajasthan,NWR
NPT,NARASINGAMPET,11.034797,79.511398,Tamil Nadu,SR
NPTY,NIMPURA THROUGH YARD,22.325255,87.265053,,
NPU,Nadiapur,24.385641,92.204092,Tripura,NFR
NPW,NIPANI VADGAON,19.587951,74.704716,,
NPX,NARINDARPURA,29.951767,75.476271,Punjab,NR
NPZ,NAWAPATRA,24.318387,86.647867,,
NQH,NEW DOMOHANI,26.569681,88.786572,,
NQR,NARAJ MARTHAPUR,20.459324,85.779525,,
NR,NIPHAD,20.096584,74.079481,,
NRA,NUNKHAR,26.425483,83.880179,,
NRD,NARODA,23.085662,72.658017,Gujarat,WR
NRDP,NAGIREDDIPALLI,17.422255,78.939987,,
NRE,NANDALUR,14.264922,79.105722,,
NRF,Neralakatte Halt,12.81674,75.125978,,
NRG,NERGUNDI,20.538381,85.959078,,
NRGO,NARGANJO HALT,24.743975,86.457803,,
NRGR,NARANJIPUR,23.047142,76.009159,Madhya Pradesh,WR
NRH,NAHARGARH,22.873881,74.500786,,
NRI,NARAINA,26.796464,75.193029,Rajasthan,NWR
NRJ,Narimogaru,12.746386,75.292427,Karnataka,SWR
NRK,NARAIKKINAR,8.862519,77.841953,Tamil Nadu,SR
NRKG,NARKATIAGANJ JN,27.105025,84.464035,,
NRKP,Narkopi,23.37562,85.015624,Jharkhand,SER
NRKR,NARKHER,21.468725,78.524814,,
NRL,NERAL,19.027113,73.318955,,
NRLR,NORLA ROAD,20.041394,83.373301,,
NRM,Nurmahal,31.081589,75.601431,Punjab,NR
NRN,NARHAN,25.746997,85.975081,,
NRNR,Nurnagar,28.915414,77.712989,Uttar Pradesh,NR
NRO,Nakodar Junction,31.111697,75.475608,Punjab,NR
NROD,NARI ROAD,21.758482,72.081434,Gujarat,WR
NRP,NARSIPATNAM RD,17.452852,82.724605,,
NRPA,NARAYANPUR ANANT,26.089052,85.409122,,
NRPR,Narendrapur Halt,22.45342,88.41769,West Bengal,ER
NRR,NAGARUR,15.542335,77.313184,,
NRS,NAGARIA SADAT,28.550179,79.205555,,
NRSD,New Runnisaidpur Halt,26.385382,85.515932,,
NRSP,NARASIMHAPURA,19.363294,84.938749,,
NRT,NARASARAOPET,16.231527,80.041607,,
NRV,NARIYAR,26.240376,85.217642,Bihar,ECR
NRVR,NARAINA VIHAR,28.637679,77.141597,Delhi NCT,NR
NRW,NARWANA JN,29.588632,76.109286,Haryana,NR
NRX,NOADAR DHAL,23.433927,87.745014,,
NRY,Nyoriya Husenpur,28.734528,79.889661,Uttar Pradesh,NER
NRYP,NARAYANAPURAM,14.128972,77.696047,,
NRZB,NOWROZABAD,23.394425,80.980363,,
NS,Narasapur,16.445891,81.699909,Andhra Pradesh,SCR
NSA,Nishangara,28.112457,81.311271,Uttar Pradesh,NER
NSD,NASIRABAD,26.29446,74.716991,Rajasthan,NWR
NSF,Nasibpur,22.804835,88.262036,West Bengal,ER
NSI,NIKURSINI,22.004654,87.306186,,
NSKL,NASKHAL,17.898101,79.426237,,
NSL,NAGARSOL,20.102455,74.541646,Maharashtra,SCR
NSN,NASIRPUR HALT,28.604529,77.109242,,
NSO,Nashipur Road,24.21105,88.274766,,
NSP,NALLA SOPARA,19.418238,72.819464,Maharashtra,WR
NSRH,NIZ-SARIHA HALT,26.486062,91.221126,,
NSS,Nawanshahr Doaba Junction,31.1213,76.108571,Punjab,NR
NSU,NISUI,28.290931,79.236446,Uttar Pradesh,NR
NSVP,NPA SHIVARAMPALLI HALT,17.323714,78.437204,,
NSX,NARSIPURAM HALT,18.737615,83.406282,,
NSZ,BHOPAL NISHATPURA,23.278225,77.418769,,
NTA,Netra,22.208105,88.254095,West Bengal,ER
NTDM,NITYANAND DHAM,23.414967,75.057507,,
NTG,NURSRATABAD KHARKHAR,28.775277,77.307785,Uttar Pradesh,NR
NTM,Narthamalai,10.506577,78.78914,Tamil Nadu,SR
NTR,NITTUR,13.301655,76.855872,Karnataka,SWR
NTS,Nattrasankottai,9.880423,78.54143,Tamil Nadu,SR
NTSK,NEW TINSUKIA JN,27.479748,95.334128,Assam,NFR
NTT,NATHAPETTAI,12.824069,79.75615,Tamil Nadu,SR
NTU,NIGATPUR,25.251216,82.758511,Uttar Pradesh,NER
NTV,Nautanwa,27.42688,83.421297,Uttar Pradesh,NER
NTVT,NETHRAVATHI,12.844375,74.856475,,
NTW,NANJANGUD TOWN,12.12211,76.68443,Karnataka,SWR
NTWL,Netawal,24.861017,74.45849,,
NTZ,NATHWANA,28.563319,73.813703,Rajasthan,NWR
NU,NARSINGHPUR,22.943112,79.214385,Madhya Pradesh,WCR
NUA,Nua,28.058126,75.285706,Rajasthan,NWR
NUB,NURABAD,26.406044,78.078092,,
NUD,NAVAGADH,21.764344,70.616721,Gujarat,WR
NUH,Naugarh,27.27503,83.088299,Uttar Pradesh,NER
NUJ,Nujella,16.386599,81.022402,Andhra Pradesh,SCR
NUPR,NURPUR ROAD,32.281043,75.852903,Punjab,NR
NUQ,NAGAR UNTARI,24.285735,83.514165,Jharkhand,ECR
NUR,NARELA,28.846886,77.085727,,
NVC,NAGALWANCHA,17.07433,80.228517,Andhra Pradesh,SCR
NVD,NAVALGUND RD,15.434894,75.354461,,
NVF,NAGAVANGALA,13.661093,75.987163,Karnataka,SWR
NVG,Nawagaon,22.088704,78.436386,Madhya Pradesh,CR
NVL,Neyveli,11.538814,79.476223,Tamil Nadu,SR
NVLN,NAWALGOHAN,19.798635,77.123272,Maharashtra,SCR
NVP,Navalpura,23.289155,73.199554,,
NVRD,NAVADE ROAD,19.052389,73.102716,Maharashtra,CR
NVS,NAVSARI,20.946851,72.914294,Gujarat,WR
NVT,NAVIPET,18.770457,78.013194,Andhra Pradesh,SCR
NVU,NAVALUR,15.415518,75.055491,Karnataka,SWR
NW,NALWAR,16.936043,77.019937,,
NWA,Nagarwara,22.21072,80.123401,Madhya Pradesh,SECR
NWB,NIWAS ROAD,24.053618,82.013256,Madhya Pradesh,WCR
NWBV,NWBV,16.529876,80.620394,,
NWC,NAYA NAGAR,25.749918,86.111011,,
NWD,NAWADIH,24.886758,85.548645,Bihar,ECR
NWH,Nawalgarh,27.844017,75.246083,Rajasthan,NWR
NWMS,NOAPARA MAHISHA,24.323279,88.137274,West Bengal,ER
NWN,Nanwan,28.371337,76.014318,,
NWP,NAUPADA JN,18.57941,84.282922,,
NWR,NIWAR,23.720463,80.36959,Madhya Pradesh,WCR
NWU,NAVAPUR,21.166844,73.771183,,
NXH,NIDAGHATTA,12.62535,77.088066,,
NXN,NUAGAON,22.386583,84.942033,,
NYA,NARAYANGARH,22.174233,87.380456,,
NYG,Nayagarh,21.839609,85.433342,Orissa,?
NYH,NAYANDAHALLI,12.941162,77.520696,Karnataka,SWR
NYI,NELLAYI,10.392415,76.275994,,
NYK,NAYA KHARADIA,27.038386,74.935097,,
NYM,Neyamatpur,24.937206,84.988344,,ECR
NYN,NAINI,25.393138,81.860042,,
NYO,NAYAGAON,25.763263,85.099366,,
NYP,NAYADUPETA,13.908321,79.900898,,
NYT,NAYATOLA,25.56139,87.602596,,
NYY,NEYYATTINKARA,8.41041,77.08111,Kerala,SR
NZB,NIZAMABAD,18.679165,78.103238,Andhra Pradesh,SCR
NZD,NUZVID,16.649931,80.961528,,
NZG,NAZARBAG,22.814612,70.855228,,
NZM,DELHI H NIZAMUDDIN,28.58733,77.254249,,
NZP,Niyazipur Halt,25.143791,84.988439,,?
NZR,NAZIRA,26.905961,94.72848,Assam,NFR
NZT,Nazareth,8.563997,77.976271,Tamil Nadu,SR
OBAC,OBRA-A-CABIN,24.446331,82.988313,,
OBM,Obalapuram,15.009799,76.836422,Andhra Pradesh,SWR
OBR,OBRA DAM,24.438661,82.975949,Uttar Pradesh,ECR
OBVP,OBULAVARIPALLI,14.04083,79.268221,,
OCH,ODHANIYA CHACHA,26.972848,71.718687,Rajasthan,NWR
OCR,OCHIRA,9.132023,76.525576,,
OD,Od,22.65471,73.079463,Gujarat,WR
ODB,OODLABARI,26.866793,88.624639,West Bengal,NFR
ODC,Oddam Hatram,10.485599,77.746532,,
ODG,OBAIDULLA GANJ,22.994912,77.587299,,
ODHA,ODHA,20.01601,73.910456,,
ODM,ONDAGRAM,23.147974,87.202275,West Bengal,SER
ODUR,ODUR,14.072185,79.855368,,
OEA,ODELA,18.456554,79.449744,,
OEL,OEL,27.819798,80.74816,Uttar Pradesh,NER
OGL,ONGOLE,15.498064,80.057404,,
OGM,Oorgaum,12.95409,78.259747,Karnataka,SWR
OHAN,OHANCABIN,25.102455,81.017247,,
OKA,OKHLA,28.559332,77.264825,,
OKD,OKHA MADHI,22.095642,69.103801,Gujarat,WR
OKHA,OKHA,22.47096,69.073775,Gujarat,WR
OLA,OLAKUR,12.306463,79.721919,,
OLP,OLAPUR,25.517459,86.370122,,
OLR,THRISSUR OLLUR HALT,10.473342,76.237184,,
OM,Omkareshwar Road,22.215082,76.04654,Madhya Pradesh,WR
OMB,OOMBERMALI,19.628026,73.422651,,
OML,OMALUR,11.738554,78.04678,,
OMLF,OLD MALDA,25.053174,88.143718,,
ON,UNNAO JN,26.548354,80.486199,,
OND,Aunlajori Junction,22.440956,86.164207,Orissa,SER
ONR,Coonoor,11.343714,76.791337,Tamil Nadu,SR
OPL,UPPAL,18.183408,79.48098,,
OPN,ONNUPURAM HALT,12.711564,79.17972,,
ORAI,ORAI,25.982537,79.459534,,
ORC,ORCHHA,25.401119,78.644228,Uttar Pradesh,NCR
ORDI,ORDI,24.835767,74.63042,Rajasthan,WR
OREH,Ore Halt,24.915065,84.991898,,?
ORGA,ORGA,22.448548,84.91578,,
ORH,ODDARAHALLI,13.345829,77.541461,,
ORKI,ORKI,30.091597,73.891318,Rajasthan,NR
ORR,ORR,24.530939,77.799315,,
ORW,ORWARA,26.802389,82.830311,,
OSA,AUSA ROAD,18.37723,76.407992,Maharashtra,CR
OSN,OSIYAN,26.729223,72.899779,Rajasthan,NWR
OSRA,Osra,23.178262,75.779294,Madhya Pradesh,WR
OTD,Ootwar,27.626063,76.73256,Rajasthan,NCR
OTK,OTTAKOVIL,11.222726,79.109674,,
OTN,OATING,26.429809,93.987274,Assam,NFR
OTP,OTTAPPALAM,10.770046,76.377993,,
OTR,MOTURU,16.439969,81.051142,Andhra Pradesh,SCR
OV,OTIVAKKAM,12.623128,79.975653,,
OYR,WARIA,23.537562,87.246177,,
PAA,PATAS,18.473266,74.469653,,
PAAL,Pala,21.37608,78.018333,,
PAB,PATTABIRAM,13.11926,80.065424,,
PAD,PARDI,20.513153,72.924311,Gujarat,WR
PADL,Padil,12.874231,74.894329,,
PAE,PALANA,27.845286,73.273605,,
PAGM,Pennada Agraharam,16.541296,81.577652,Andhra Pradesh,SCR
PAI,PABAI,23.767491,77.931259,,
PAJ,PARAJ,23.387863,87.627505,,
PAK,PAKALA JN,13.451133,79.11408,,
PAL,PALASNER,22.304246,77.050174,Madhya Pradesh,WCR
PALI,Pali,28.177004,76.450856,Rajasthan,NWR
PALM,PALAIYAM,10.718615,78.129081,Tamil Nadu,SR
PALR,PALUR,12.766651,79.906997,Tamil Nadu,SR
PAM,PANAPAKAM,13.513241,79.210821,,
PAN,PANAGARH,23.443034,87.439587,,
PANP,PANDAVAPURA,12.463018,76.681387,Karnataka,SWR
PAO,PANOLI,21.535197,72.978371,,
PAP,PITHAPURAM,17.11087,82.257512,,
PAPM,PALAT POTARAM,17.790092,78.454437,Andhra Pradesh,SCR
PAQ,PADIYA NAQLA,29.085837,78.90761,Uttarakhand,NER
PAR,PANDHURNA,21.589996,78.525394,,
PARD,PATHRAD,19.18427,77.39203,Maharashtra,SCR
PARH,PARAKHEDA,25.705583,77.642772,Madhya Pradesh,WCR
PAS,PASUR,11.236641,77.857087,Tamil Nadu,SR
PASA,PARASHSHALA,8.33984,77.16549,Kerala,SR
PASG,Panisagar,24.27276,92.149035,Tripura,NFR
PATA,PATA,26.666619,79.479418,,
PATI,PARSA TEWARI,26.95565,82.452155,,
PATL,PATEL HALT,25.564795,84.898526,,
PATM,PATAM HALT,25.323255,86.53277,,
PATR,Paramjeevar Tarajeevar,26.256947,85.448635,,
PAU,PURNA JN,19.180527,77.024985,Maharashtra,SCR
PAV,Pedana,16.252107,81.143792,Andhra Pradesh,SCR
PAVI,Pavi,22.342282,73.840166,Gujarat,WR
PAVP,PEDDA AVUTAPALE,16.562545,80.839432,,
PAW,PANDABESWAR,23.711965,87.277416,West Bengal,ER
PAY,PAYYANUR,12.092248,75.195107,Kerala,SR
PAZ,PAYANGADI,12.021508,75.2596,Kerala,SR
PB,PUNTAMBA,19.762026,74.62196,,
PBA,PIARDOBA,22.956881,87.322164,West Bengal,SER
PBB,PARBATONIA,22.497617,84.949201,,
PBD,PEDABRAMADVAM,16.990821,82.078986,,
PBE,PILIBHIT JN,28.614978,79.813946,Uttar Pradesh,NER
PBH,PARTAPGARH JN,25.913308,82.001778,,
PBJM,Pabnawa Jasmahinder Halt,29.895696,76.652718,Haryana,NR
PBKS,PAMBA KOVIL SHANDY,9.130538,77.431001,,
PBL,PATHSALA,26.497475,91.176255,,
PBM,PAMBAN JN,9.279729,79.213482,Tamil Nadu,SR
PBN,PARBHANI JN,19.25746,76.774119,Maharashtra,SCR
PBP,PEMBARTI,17.692296,79.11616,,
PBQ,Pathardih Bazar,23.682542,86.431257,,
PBR,PORBANDAR,21.643598,69.615506,Gujarat,WR
PBV,Paliba,18.659915,82.695712,Orissa,ECoR
PBW,PANTNAGAR,29.017708,79.51778,Uttarakhand,NER
PBZ,PORABAZAR,22.916427,88.15914,,
PC,PACHORA JN,20.668385,75.34831,,
PCAB,PCAB,22.237662,84.912165,,
PCC,Prachi Road Junction,20.988298,70.687018,Gujarat,WR
PCF,PENCHI,24.138711,77.005837,,
PCH,PACHHAPUR,16.093145,74.672174,Karnataka,SWR
PCK,PACHRUKHI,26.162628,84.415667,,
PCKM,PACHACHAKUPAM,12.822656,78.757365,,
PCL,Pulicherla,13.598983,79.040396,Andhra Pradesh,SCR
PCLI,Palachauri,22.201012,78.659087,Madhya Pradesh,CR
PCLM,PANCHALAM,12.275612,79.691931,,
PCMK,Pacharmalikpura,27.201471,75.389317,Rajasthan,NWR
PCN,PANCH PIPILA,23.06329,74.737549,,
PCO,Palayankottai,8.709862,77.738083,Tamil Nadu,SR
PCP,PALSAP,18.357557,76.191169,Maharashtra,CR
PCQ,PICHKURIRDHAL,23.54342,87.720914,,
PCR,PANCHRA,23.77199,87.330151,West Bengal,ER
PCT,PANCHTALAVDA ROAD,21.662813,71.474264,Gujarat,WR
PCU,PUTLACHERUVU,16.484823,81.112395,Andhra Pradesh,SCR
PCV,Palakkodu,12.297418,78.072073,Tamil Nadu,SWR
PCW,PERAMBUR CARRIAGE WORKS,13.10724,80.238659,,
PCX,Pagla Chandi,23.743195,88.303969,West Bengal,ER
PCZ,Pocharam,17.486717,80.234583,Andhra Pradesh,SCR
PD,PHARADAHAN,27.993457,80.631949,Uttar Pradesh,NER
PDA,PUNDOOAH,23.070862,88.270115,,
PDD,PADUBIDRI,13.197027,74.768165,Karnataka,KR
PDE,Pindrai,22.5118,80.046204,Madhya Pradesh,SECR
PDF,PADAMPUR,23.519468,70.836786,,
PDG,PARADGAON,19.629143,76.147387,Maharashtra,SCR
PDGL,PONDUGULA,16.676244,79.65905,,
PDGM,PUDUNAGARAM,10.683752,76.684608,,
PDGN,PADHEGAON,19.536709,74.69233,,
PDH,PADADHARI,22.429596,70.605343,Gujarat,WR
PDI,PALASDARI,18.88409,73.32055,,
PDJ,PHIDING,25.221835,93.14983,,
PDKM,PEDANAYAKANPALAYAM,11.647063,78.5053,,
PDKN,PEDAKAKANI HALT,16.343239,80.486155,,
PDKT,Pudukkottai,10.372457,78.801946,Tamil Nadu,SR
PDL,PENDEKALLU,15.374513,77.647361,Andhra Pradesh,SCR
PDNA,PEDDADINNE,16.100078,77.83502,,
PDNR,PADNUR,17.32237,75.984682,Karnataka,SWR
PDO,PUDURU,16.153897,77.820931,,
PDP,PADSE,21.132043,74.924335,,
PDPH,Padapahar Junction,22.156555,85.545961,Jharkhand,SER
PDPK,PADMAPUKAR,22.568309,88.30622,West Bengal,SER
PDPL,PEDDAPALLI,18.613796,79.39208,,
PDPR,Purandarpur,27.209982,83.347472,Uttar Pradesh,NER
PDQ,PADLA,24.306135,73.778291,Rajasthan,NWR
PDR,Payagpur,27.407067,81.776186,Uttar Pradesh,NER
PDRA,Padra,22.237239,73.090179,Gujarat,WR
PDRD,PINDRA ROAD,25.497052,82.851162,,
PDS,Pindarsi,29.918983,76.704405,Haryana,NR
PDSN,Peddasana,18.593147,84.184485,Andhra Pradesh,ECoR
PDT,PENDURTI,17.813498,83.195211,,
PDU,PONDURU,18.362876,83.776548,,
PDV,PANDARAVADAI,10.913696,79.242126,Tamil Nadu,SR
PDW,PANDAUL,26.280487,86.086636,,
PDX,Payradanga,23.128661,88.545481,West Bengal,ER
PDY,Puducherry,11.925446,79.828127,Puducherry,SR
PDZ,PILIODA,26.606366,76.864382,Rajasthan,WCR
PEC,Pencharthal,24.196225,92.10823,Tripura,NFR
PED,Pipardahi,22.052145,79.41266,Madhya Pradesh,SECR
PEE,Paterhi,25.923565,84.805488,Bihar,NER
PEH,Pathardih Junction,23.675525,86.43456,Jharkhand,ECR
PEI,PERANI,12.104212,79.552577,,
PEL,POLIREDDIPALEM,13.759491,79.980026,,
PEM,Peralam Jn,10.959358,79.656384,,
PEN,PEN,18.735604,73.086798,Maharashtra,CR
PEP,PHEPHNA JN,25.770309,84.051325,,
PER,PERAMBUR,13.10702,80.244533,,
PERN,PERNEM,15.707894,73.816537,Goa,KR
PES,PHESAR,24.845489,84.418085,,
PETA,Pandetola,24.741537,87.060321,,
PEU,PERSSANNUR,10.840824,76.065488,Kerala,SR
PEW,PERAMBUR LOCOMOTIVE WORKS,13.107826,80.225105,,
PFL,PIPRALA,23.652484,71.097619,Gujarat,WR
PFM,PHAPHAMAU JN,25.524256,81.866406,Uttar Pradesh,NR
PFR,PACHOR ROAD,23.729095,76.741609,,
PFT,Pothahi,25.486605,85.098643,Bihar,ECR
PFU,Padua,18.396744,82.687882,Orissa,ECoR
PG,PERGAON,19.294984,76.673464,Maharashtra,SCR
PGA,PAGARA,24.65577,77.44077,,
PGC,Panchgachia,25.969294,86.598221,Bihar,ECR
PGDI,Pagidirai Halt,15.283,77.601554,,
PGDP,PAGIDIPALLI,17.484713,78.820893,,
PGG,PENGANGA,19.960321,77.123045,Maharashtra,SCR
PGI,PARPANANGADI,11.04591,75.861006,Kerala,SR
PGK,PILI BANGAN,29.483825,74.079282,Rajasthan,NWR
PGL,PAGDHAL,22.42054,77.351451,Madhya Pradesh,WCR
PGMD,PRAGATI MAIDAN,28.615268,77.247277,,
PGN,PERUGAMANI,10.889271,78.54751,Tamil Nadu,SR
PGP,Panduranga Pura,17.718238,80.76459,Andhra Pradesh,SCR
PGR,PUGALUR,11.051702,77.990709,Tamil Nadu,SR
PGRL,PIDUGURALLA,16.477787,79.876294,,
PGT,PALAKKAD,10.802091,76.641926,,
PGTN,PALGHAT TOWN,10.775389,76.652167,Kerala,SR
PGU,PADUGUPADU,14.496976,79.989954,,
PGW,PHAGWARA JN,31.217556,75.765502,,
PGZ,PERUNGUZHI,8.631561,76.808211,,
PH,Panoh,31.551328,76.199917,,
PHA,PATHARIA,23.905726,79.192899,,
PHC,PANCHOT,23.635162,72.339879,Gujarat,WR
PHD,PHAPHUND,26.632118,79.554255,,
PHE,PAHALEJA HALT,24.932644,84.144817,,
PHI,PANIKHAITI,26.211965,91.875701,Assam,NFR
PHK,PUNARAKH,25.481495,85.803757,,
PHM,Patapatnam,18.740753,84.08147,Andhra Pradesh,ECoR
PHN,POKHRAYAN,26.222964,79.840888,,
PHQ,PARDHANDE,20.729295,75.376941,,
PHR,PHILLAUR JN,31.016907,75.785761,,
PHRH,PANCH RUKHI,32.056252,76.564492,Himachal Pradesh,NR
PHS,Ferozeshah,30.887454,74.78411,Punjab,NR
PHV,PIRTHIGANJ,25.85554,82.012834,,
PHWR,Pehowa Road,29.884778,76.620461,Haryana,NR
PHX,PATHAKPUR,28.369685,78.580494,Uttar Pradesh,NR
PHY,PHARIHA,26.007478,83.029946,,
PI,PADLI,19.783928,73.665733,,
PIA,PIPRAIGAON,24.503643,77.964258,,
PIC,PARICHA,25.518402,78.73773,,
PIGT,PILIGHAT,24.660758,77.49331,,
PIH,Parhihara,27.926801,74.559809,Rajasthan,NWR
PIL,Piler,13.662347,78.927499,Andhra Pradesh,SCR
PIO,PILOL,22.39641,73.186675,,
PIP,PIPLIA,24.203693,75.007483,Madhya Pradesh,WR
PIRO,Piro,25.321358,84.420544,Bihar,ECR
PIS,Piska,23.329543,85.206102,Jharkhand,SER
PIT,Palitana,21.538301,71.823197,Gujarat,WR
PIZ,PINGLI,19.218401,76.857727,Maharashtra,SCR
PJ,Peppeganj,26.930569,83.294438,Uttar Pradesh,NER
PJA,PAJIAN,31.264295,75.288498,Punjab,NR
PJB,PANIAJOB,21.183732,80.693768,,
PJH,Pirjhalar,23.260398,75.531313,Madhya Pradesh,WR
PJK,PANJ KOSI,30.137676,74.057408,Rajasthan,NR
PJLE,Panjwara Road,24.877046,87.013684,Bihar,ER
PJN,PANJHAN,20.275504,74.606561,,
PJP,PANJIPARA,26.140166,88.018058,,
PJPI,PRAJAPATI HALT,26.815895,84.502163,,
PJR,PANGRI,18.283703,75.866773,Maharashtra,CR
PJY,PARA JANI HALT,26.596933,79.634896,,
PK,PAKNI,17.724866,75.778874,,
PKA,PRADHANKHUNTA,23.77259,86.515977,,
PKB,PATHARKHOLA S,25.778931,93.102978,Assam,NFR
PKBS,Peeplee-ka-bas,26.909189,75.268809,Rajasthan,NWR
PKC,PAKRA,22.828158,84.936906,,
PKD,PENUKONDA,14.099641,77.592521,,
PKDE,PILU KHERA,29.354607,76.49388,Haryana,NR
PKE,PIMPAR KHED,20.307455,74.756,,
PKEO,PANSKURA EAST OUTER,22.39974,87.773512,,
PKF,POKLA,22.89496,84.951364,,
PKGM,Phakhoagram,24.641534,92.342438,Assam,NFR
PKK,PAKKI,30.164759,74.355504,Punjab,NR
PKL,PAPINAYAKNAHALI,15.236109,76.490876,Karnataka,SWR
PKM,Periyanaikanpalayam,11.144776,76.948477,Tamil Nadu,SR
PKNA,PAKHNA,27.302522,79.304318,Uttar Pradesh,NCR
PKNS,POKHARNI NARASIMHA,19.118747,76.731639,Maharashtra,SCR
PKO,Palakollu,16.522244,81.717145,Andhra Pradesh,SCR
PKPU,PEDDAKURAPADU,16.459296,80.252989,,
PKQ,Pattikkad,11.020627,76.231795,Kerala,SR
PKR,PAKUR,24.638002,87.856054,,
PKRA,PARSA KHERA,28.433371,79.341852,,
PKRD,PAKARA ROAD,24.0512,80.505599,Madhya Pradesh,WCR
PKRH,Parsa Kerwan Halt,26.05361,84.827376,,
PKU,PANSKURA,22.393103,87.743024,,
PKW,PILKHUA,28.712335,77.668008,,
PKX,PAKHRULI,26.205027,82.122568,,
PKY,PILKHANI,29.997528,77.472879,,
PKZ,PIPLI PAKHI KALAN,30.732663,74.732879,Punjab,NR
PL,Mumbai Lower Parel,18.994919,72.82962,Maharashtra,WR
PLA,Palia,22.829589,75.79985,Madhya Pradesh,WR
PLAE,PALSIT,23.197031,88.003222,,
PLC,Phalodi Junction,27.124794,72.366743,Rajasthan,NWR
PLCJ,PHALODI JN,27.124914,72.366863,Rajasthan,NWR
PLD,PALDHI,21.022832,75.46157,,
PLE,PIPLEE,23.817141,71.530851,,
PLF,Piali,22.388254,88.517441,West Bengal,ER
PLG,PALGHAR,19.698038,72.77248,Maharashtra,WR
PLGH,PALIGARH,25.959544,83.50513,,
PLH,Parlakhemundi,18.786579,84.080638,Orissa,ECoR
PLHL,PALLAHALLI HALT,12.411563,76.660168,,
PLI,PETTAIVAYATALAI,10.898666,78.495114,Tamil Nadu,SR
PLJ,PALEJ,21.921578,73.072387,,
PLJE,PHULWARTANR,23.77515,86.226577,,
PLK,PALIA KALAN,28.426644,80.582392,Uttar Pradesh,NER
PLL,PARLI,10.800415,76.559421,,
PLM,PANELI MOTI,21.874341,70.152647,Gujarat,WR
PLMD,PILAMEDU,11.033241,76.999566,,
PLMG,PULIYAMANGALAM,13.083497,79.686238,,
PLMX,PALAMPUR HIMACHAL,32.069052,76.54001,Himachal Pradesh,NR
PLNI,Palani,10.458722,77.521183,,
PLO,PULGAON JN,20.726734,78.318111,,
PLP,PHULPUR,25.552534,82.091535,Uttar Pradesh,NR
PLPM,PALAPPURAM,10.752519,76.398386,,
PLS,PIPALSANA,28.952153,78.83533,Uttar Pradesh,NER
PLSG,Palasingi,19.014074,83.805056,Andhra Pradesh,ECoR
PLSN,Palsana,27.484876,75.38008,Rajasthan,NWR
PLT,Pirthala Llauda,29.628831,75.866432,Haryana,NR
PLU,PATAKOTTACHERU,15.172077,77.521795,,
PLV,PALSI,17.812195,74.111907,Maharashtra,CR
PLVA,PALLEVADA,16.5767,81.287896,Andhra Pradesh,SCR
PLVR,PALAM VIHAR HALT,28.515464,77.032765,,
PLW,PINGLESHWAR,23.211136,75.860344,,
PLWR,Phulwaria,26.468803,84.255615,Uttar Pradesh,NER
PLY,Plassey,23.777986,88.28447,West Bengal,ER
PM,PALAM,28.585656,77.09295,Delhi NCT,NR
PMB,PULLAMBADI,10.940214,78.917573,,
PMD,PAMIDI,14.980727,77.599045,,
PMDB,PAMIDI,14.981188,77.599089,,
PMH,Parao Mahna,30.811762,75.272772,Punjab,NR
PMI,PAIMAR,24.806929,85.112409,Bihar,ECR
PMK,PARAMAKKUDI,9.539071,78.591131,Tamil Nadu,SR
PMKT,PIMPALKHUTI,19.829473,78.581025,Maharashtra,CR
PML,PAPANASAM,10.922767,79.268542,Tamil Nadu,SR
PMM,PARSEHRA MAL,27.729917,80.729179,Uttar Pradesh,NER
PMN,PAMAN,26.359934,80.08042,,
PMO,Pandoli,24.866567,74.399397,Rajasthan,NWR
PMP,PIMPRI,18.622977,73.801991,,
PMPR,PAMPORE,26.2451,80.483542,,
PMQ,Parna Nand,32.169809,75.495787,Punjab,NR
PMR,PITAMBARPUR,28.200105,79.538072,,
PMS,PARMALKASA,21.140859,81.09869,,
PMT,PULLAMPET,14.120622,79.205606,,
PMU,PARMANANDPUR,25.741291,85.133951,,
PMY,PALI MARWAR,25.790692,73.327309,Rajasthan,NWR
PMYA,PARMINIYA HALT,25.826563,86.595042,Bihar,ECR
PN,PANSAR,23.307875,72.47975,Gujarat,WR
PNB,PANBARI,26.226727,91.951417,Assam,NFR
PNBE,PATNA JN,25.60256,85.136824,,
PNC,PATNA SAHEB,25.585856,85.230942,,
PNCB,Pancheberia,23.221017,88.599435,West Bengal,ER
PND,PENDRA ROAD,22.755825,81.89917,,
PNDM,PENNADAM,11.397963,79.219978,,
PNDP,PANDILLAPALLI,17.171933,80.170234,Andhra Pradesh,SCR
PNE,PRANTIK,23.694435,87.693501,,
PNF,PANGAON,18.634293,76.635315,Maharashtra,SCR
PNGI,Panangudi,9.921169,78.612621,Tamil Nadu,SR
PNGM,PANCHGRAM,24.864358,92.598318,Assam,NFR
PNGR,PINGORA,27.087306,77.371309,Rajasthan,WCR
PNHI,PANHAI,25.081679,81.189495,Uttar Pradesh,NCR
PNHR,PANIHAR,26.099221,78.014931,Madhya Pradesh,WCR
PNI,PURAINI,29.388929,78.445574,,
PNJ,Padriganj,22.317209,80.113838,Madhya Pradesh,SECR
PNK,PANKI,26.459172,80.236441,,
PNM,PANYAM,15.50076,78.339158,,
PNME,PARASNATH,23.987971,86.037862,,
PNP,PANIPAT JN,29.388948,76.963793,,
PNPL,PANPALI,21.915686,84.139173,,
PNPN,PANPANA,21.358715,86.790524,,
PNPR,PUNNAPURA,9.449651,76.333771,Kerala,SR
PNQ,PUNKUNNAM,10.535054,76.20943,,
PNRA,PANIARA,25.902065,83.525851,Uttar Pradesh,NER
PNSA,Punsia,24.953167,87.003751,Bihar,ER
PNSD,PANGARSHINDE HALT,19.526469,77.24009,,
PNT,PANITOLA,27.496751,95.249942,Assam,NFR
PNTR,PENNATHUR HALT,12.84996,79.123537,,
PNU,PALANPUR JN,24.174433,72.430172,Gujarat,WR
PNUG,Punpun Ghat Halt,25.525588,85.109912,,?
PNV,PANEVADI,20.26527,74.494903,,
PNVL,PANVEL,18.990919,73.121756,Maharashtra,CR
PNVT,PANCHARATNA,26.158866,90.555996,Assam,NFR
PNW,PUNDHAG,23.508909,86.089576,,
PNWN,PACHWAN,23.208785,77.128302,,
PNYA,PANIAHWA,27.167486,83.933839,,NER
PO,PARANGIPETTAI,11.476847,79.736045,Tamil Nadu,SR
POA,Palikona,16.061989,80.804351,Andhra Pradesh,SCR
POE,Pawapuri Road Halt,25.160225,85.512918,,
POF,PIPARSAND,26.743404,80.798664,,
POI,PONPADI,13.241368,79.588814,,
POK,POKRAN,26.930571,71.923129,Rajasthan,NWR
POKL,PEOKOL,26.340803,83.930204,Uttar Pradesh,NER
POL,PINJRAPOL,23.549642,87.232307,,
POM,Punthottam,10.932628,79.657312,,
PON,PONNERI,13.332319,80.198799,,
POO,POTLAPADU,15.873337,79.523864,,
POR,PIPALDA ROAD,24.956611,76.616541,Rajasthan,WCR
PORA,PORA,27.532025,78.154207,,
POT,Pothia,26.310567,88.179429,,
POTI,POTHERI HALT,12.820868,80.03693,,
POU,Padrauna,26.897709,83.982606,,
POX,POLA-PATTHAR,22.347657,77.853349,,
POY,POLLACHI JN,10.653079,77.001342,,
POZ,POTUL,19.918567,75.121777,Maharashtra,SCR
PP,PURANPUR,28.514911,80.150951,Uttar Pradesh,NER
PPA,PIPRA,26.489784,84.985735,Bihar,ECR
PPB,Partabpura,31.052119,75.714384,Punjab,NR
PPC,PIPRAICH,26.828307,83.535848,Uttar Pradesh,NER
PPCK,Pipalwali Chowk,26.266253,77.470826,Madhya Pradesh,NCR
PPD,PIPLOD JN,22.819148,73.9091,,
PPDA,PANCHPATIA DEORIA HALT,25.768731,84.936129,,
PPDE,PANDU PINDARA,29.307976,76.371308,Haryana,NR
PPDI,Pipradih,24.993665,86.994488,,
PPE,PAINTEPUR,27.230021,81.157557,,
PPEA,PAPRERA,27.226004,77.308829,,
PPF,PIPLAJ,26.164809,74.377466,Rajasthan,NWR
PPG,PIPLODA BAGLA,23.357472,75.433639,,
PPGT,PRINCEP GHAT,22.557154,88.332022,,
PPH,PIPRI DIH,25.879046,83.500574,Uttar Pradesh,NER
PPI,PIPARIYA,22.753941,78.354538,Madhya Pradesh,WCR
PPJ,POPHLAJ,18.292242,75.117846,,
PPK,Pachpokharia,26.894084,84.981145,,
PPKD,PAPRAKUND,24.42109,82.931711,Uttar Pradesh,ECR
PPLC,PIMPLA CHAURE HALT,19.286455,77.132535,,
PPLI,PIPLI,22.345082,69.934426,Gujarat,WR
PPM,PHIRANGIPURAM,16.292376,80.255894,,
PPN,Punpun,25.48823,85.098768,Bihar,ECR
PPNI,PARAS PANI,24.38141,83.048953,,
PPNS,PAPPINISSERY,11.941779,75.347422,Kerala,SR
PPO,PANPOSH,22.228538,84.804627,,
PPR,PIPAR ROAD JN,26.45285,73.448703,,
PPRH,PIPARAHAN HALT,26.224333,85.246908,,
PPRN,PIPRAN,29.265795,73.928281,,
PPS,PIPILIYA ROAD,22.930873,70.678255,,
PPT,PIRPAINTI,25.290375,87.421824,,
PPTA,PATLIPUTRA,25.621426,85.068505,,
PPTN,Piprithan,26.484618,88.124798,,
PPU,PIPARPUR,26.137823,82.038949,Uttar Pradesh,NR
PPVL,PIRAPPANVALASAI,9.299159,79.043777,Tamil Nadu,SR
PPW,Pachperwa,27.528038,82.657808,Uttar Pradesh,NER
PPY,PAPATAPALLI,17.373688,80.175744,Andhra Pradesh,SCR
PPZ,PEDDEMPET,18.802669,79.426824,,
PQA,Pipla Halt,21.312575,79.06676,Maharashtra,SECR
PQD,PRANPUR ROAD,25.462362,87.704868,,
PQE,Pawapuri Road,25.15921,85.511715,Bihar,ECR
PQH,Pindkepar Halt,21.304069,80.182003,,
PQK,PRATAP KHATA,26.386384,90.118496,,
PQL,PINDLAI,17.925189,79.454715,,
PQM,PAKKAM,12.465125,79.850569,,
PQN,Pariawan Kalakankar Road,25.825794,81.368601,Uttar Pradesh,NR
PQS,PARK CIRCUS,22.541429,88.374176,,
PQT,Puniyavant,22.332118,73.957331,Gujarat,WR
PQU,PARHANA MAU,23.626636,76.555607,,
PQY,PABLI KHAS,29.05601,77.698335,Uttar Pradesh,NR
PQZ,PUNDIBARI,26.413245,89.393542,,
PR,MUMBAI PAREL,19.009045,72.837504,Maharashtra,CR
PRAE,PALLA ROAD,23.179393,88.009121,,
PRAR,PAROR,32.08098,76.460155,Himachal Pradesh,NR
PRB,PARBATI,23.250527,77.012393,,
PRBZ,Parsa Bazar,25.550023,85.118879,Bihar,ECR
PRCA,PERECHERLA,16.319601,80.339519,,
PRDG,PORADANGA HALT,24.260273,88.226165,West Bengal,ER
PRDH,PIR DULHE SHAH HALT,25.873873,73.155686,,
PRDL,Paradol,23.25057,82.188481,Madhya Pradesh,SECR
PRDP,Paradip,20.280364,86.620141,Orissa,ECoR
PRE,PAHARA,25.119784,82.724782,,
PRES,Pattabiram East,13.145848,80.068704,Tamil Nadu,SR
PRF,PARSIPUR,25.37052,82.637162,,
PRG,PRAYAG,25.467939,81.867081,Uttar Pradesh,NR
PRGA,PAHARJAGANGAU,25.531869,86.324828,,
PRGD,Perungudi,12.975217,80.231363,Tamil Nadu,SR
PRGL,PERUNGULATTUR,12.905451,80.095486,,
PRH,POWERPET,16.713189,81.106602,,
PRI,PATHRI,29.851996,78.076506,Uttarakhand,NR
PRJ,PRANTIJ,23.439324,72.862688,Gujarat,WR
PRK,PARKHAM,27.299256,77.711657,,
PRKD,POWERKHEDA,22.673479,77.747363,,
PRKE,PURUA KHERA,28.38702,78.948591,Uttar Pradesh,NR
PRKH,PARKANHATTI,16.140169,74.695447,Karnataka,SWR
PRKL,PARIKKAL,11.778527,79.370923,,
PRL,POLUR,12.511327,79.130558,Tamil Nadu,SR
PRLI,PARLI VAIJNATH,18.853005,76.524424,Maharashtra,SCR
PRM,PIRUMADARA,29.327364,79.045744,Uttarakhand,NER
PRN,PARAUNA,25.866803,79.125721,,
PRNA,PURNIA JN,25.790678,87.519124,,
PRND,PERINAD,8.947916,76.620341,,
PRNR,Porjanpur,21.789139,85.521374,Orissa,?
PRNT,Periyanagathunai,12.559346,77.911017,,
PRP,PAHARPUR,24.624932,85.204571,,
PRPM,PT RAM PRASAD BISMIL,27.814705,79.957596,,
PRR,PURULIA JN,23.324911,86.37787,,
PRSL,Pandrasali,22.63341,85.806909,Jharkhand,SER
PRSN,PARSA NAGAR,26.776378,84.686924,,
PRSP,PRASADPUR,28.54694,80.081172,Uttar Pradesh,NER
PRSR,Paharsar,28.76443,75.410384,Rajasthan,NWR
PRT,PANRUTI,11.773239,79.555153,Tamil Nadu,SR
PRTL,Pirtala,24.359325,88.280583,West Bengal,ER
PRTN,Pratapnagar,22.281143,73.210289,Gujarat,WR
PRTP,PARTAPUR,28.925112,77.648699,Uttar Pradesh,NR
PRU,PARLU,25.823775,72.4319,Rajasthan,NWR
PRUR,Prithwirajpur,29.956914,73.757001,,
PRV,PUKKIRIVARI,11.633792,78.989079,,
PRWA,PARWAKHURD HALT,19.365201,77.764414,,
PRWD,PAREWADI,18.289799,74.952285,,
PRWS,PATTABIRAM WEST,13.120184,80.051876,,
PRY,PARAIYA,24.809464,84.850792,,
PRZ,Parsa,27.435148,82.908499,Uttar Pradesh,NER
PS,PARAS,20.724519,76.815865,,
PSA,PALASA,18.756782,84.422091,,
PSAE,PURBASTHALI,23.453302,88.323896,West Bengal,ER
PSB,PARSABAD,24.307559,85.73873,,
PSD,PARSODA,19.953697,74.875135,Maharashtra,SCR
PSDA,PASIVEDALA,16.99331,81.700939,,
PSE,PUSAULI,25.097235,83.72151,,
PSJ,Patasahi,22.020127,84.923705,Orissa,SER
PSK,Paradsinga Halt,21.541244,78.854197,Madhya Pradesh,SECR
PSL,PARISAL,27.669476,76.615266,Rajasthan,NWR
PSLI,Parsoli,25.113462,74.875358,Rajasthan,WCR
PSLP,PASALAPUDI,16.470923,81.095153,Andhra Pradesh,SCR
PSN,PARSENDI,27.582038,80.836816,,
PSO,PALSORA MAKRAWA,23.26065,75.531569,,
PSPY,PRASANNAYA PALLI,14.631178,77.602106,,
PSR,PASRAHA,25.403765,86.743883,,
PSRY,PASHWASHRAYA,26.763435,88.403783,,
PSS,PADSALI,18.006062,75.388084,,
PST,POSOTIA,22.447129,85.254753,,
PSV,Parsneu,28.037883,74.378783,,
PSX,Patansaongi Town Halt,21.335452,79.025915,Maharashtra,SECR
PSZ,PARSAUNI,26.55631,85.574611,,
PT,PATLI,28.399583,76.853472,Haryana,NR
PTA,Patiala,30.344249,76.4041,Punjab,NR
PTAB,PATIA HALT,20.349273,85.841374,,
PTAE,PATULI,23.547585,88.251714,West Bengal,ER
PTB,PATTAMBI,10.801933,76.181337,Kerala,SR
PTD,Petlad Junction,22.545291,72.929473,Gujarat,WR
PTE,Patiala Cantt.,30.341138,76.379064,Punjab,NR
PTF,PALTA,22.782449,88.369524,,
PTH,PATRANGA,26.825007,81.625869,,
PTHD,PATOHAN,23.914017,80.190467,,
PTI,PATIALI,27.68432,78.984173,,
PTJ,PODANUR JN,10.965425,76.990125,,
PTK,PATHANKOT,32.271804,75.644427,Punjab,NR
PTKC,PATHANKOT CANTT,32.2593,75.636044,,
PTKD,Patharkandi,24.604506,92.31911,Assam,NFR
PTKP,POTKAPALLI,18.429062,79.464445,,
PTKR,PATIPUKUR,22.605668,88.395055,,
PTLD,PATILADAHA,26.504091,90.784534,,
PTLI,PATHAULI,27.156843,77.924594,Uttar Pradesh,NCR
PTLR,PUTLUR HALT,13.122922,79.9371,,
PTM,PADALAM,12.590197,79.950844,,
PTMS,Pattabiram Military,13.136714,80.059752,,
PTN,PATAN,23.853292,72.131672,Gujarat,WR
PTNR,PATEL NAGAR,28.660009,77.15626,Delhi NCT,NR
PTP,Patal Pani,22.514232,75.797002,Madhya Pradesh,WR
PTPR,Pratabpur,28.476419,79.814546,Uttar Pradesh,NER
PTPU,PRATTIAPADU,16.820865,81.581431,,
PTRD,PATAUDI ROAD,28.350738,76.755565,Haryana,NR
PTRE,Patara,26.232168,80.203446,Uttar Pradesh,NCR
PTRJ,PATTI RAJPURA HALT,32.068766,76.53987,Himachal Pradesh,NR
PTRL,PATHRALA,30.006625,74.743953,Punjab,NWR
PTRU,PATRATU,23.667024,85.305877,,
PTS,Patansaongi,21.344445,79.010677,Maharashtra,SECR
PTSC,PARICHAA THERMA,25.525228,78.753962,,
PTT,PUTALAPATTU,13.373419,79.098727,,
PTU,PARTUR,19.575715,76.212767,Maharashtra,SCR
PTWA,PATWARA,23.914307,80.413705,Madhya Pradesh,WCR
PTYR,Patiyara,26.627948,80.476502,Uttar Pradesh,NR
PTZ,Patsul,21.0022,77.038231,Maharashtra,SCR
PU,PATCHUR,12.586657,78.469494,,
PUA,PULLA,16.809911,81.324846,,
PUC,PUDUCHATIRAM,11.54053,79.730394,Tamil Nadu,SR
PUD,PHANDA,23.232986,77.189255,,
PUDI,PUDI,13.532381,79.510307,,
PUE,Palari,22.301904,79.815973,Madhya Pradesh,SECR
PUF,Pauta,28.451603,79.811873,Uttar Pradesh,NER
PUG,PUNGGUDI,10.748083,78.620151,,
PUK,PUDUKAD,10.420507,76.260707,,
PUL,RAMPURA PHUL,30.269357,75.23738,Punjab,NR
PUM,PALLIPPURAM,10.841374,76.11236,Kerala,SR
PUMU,Penumarru,16.131433,80.77586,Andhra Pradesh,SCR
PUN,PUNDI,18.665918,84.370679,,
PUNE,PUNE JN,18.529378,73.873086,,
PUO,PIR UMROD,23.255861,76.229964,,
PUPR,PUNNAPRA,9.423187,76.342348,Kerala,SR
PUQ,Puranigudam,26.36319,92.786769,Assam,NFR
PURA,PURA HALT,24.815194,85.239725,,
PURI,PURI,19.811459,85.839992,,
PUS,PHUSRO,23.767489,86.01025,,ECR
PUSA,Pusla,21.493096,78.354883,,
PUT,PUTTUR,13.439642,79.552666,,
PUU,Punalur,9.023336,76.916104,Tamil Nadu,SR
PUW,Patuwas Mehrana,28.557035,76.333688,Haryana,NWR
PUWA,Pauwara Halt,21.098924,81.332987,,
PUX,Parasia,22.193186,78.76432,Madhya Pradesh,CR
PUY,Phulaguri,26.270537,92.592784,Assam,NFR
PV,PALLAVARAM,12.968273,80.152451,,
PVD,PEDDAVADIAPUDI,16.414205,80.612645,,
PVL,PASUPATIKOVIL,10.884228,79.19204,Tamil Nadu,SR
PVM,PATTARAVKKAM,13.114872,80.166656,,
PVN,PAVUNUR,11.600544,79.315806,,
PVP,PARVATIPURAM,18.77067,83.426966,,
PVPT,PARVATIPURAM TN,18.783875,83.433701,,
PVR,PANDHARPUR,17.66849,75.319283,Maharashtra,CR
PVRD,PIRAVAM ROAD,9.828669,76.454731,,
PVU,PARAVUR,8.815758,76.668238,,
PVZ,Parvezpur,28.510828,75.728178,Rajasthan,NWR
PW,Pirwa,27.235415,74.467274,Rajasthan,NWR
PWA,Powai,27.35353,95.646229,,
PWBN,PAWAI BROHMASTHAN HALT,25.171223,86.196522,,
PWK,PIPARIYA KALAN,23.859295,80.736422,Madhya Pradesh,WCR
PWL,PALWAL,28.151841,77.342232,,
PWS,PHULWARI SHARIF,25.586297,85.07943,,
PWU,PARANUR,12.7302,79.98366,,
PWXP,PAWANI KUMARPUR HALT,25.527689,83.935964,,
PXR,Palpara,23.059458,88.520722,West Bengal,ER
PY,PERUNDURAI,11.25334,77.628672,,
PYA,PEDAPARIYA,14.021481,79.875372,,
PYD,PALLIYADI,8.26515,77.259683,Tamil Nadu,SR
PYLA,PIYALA BLOCK HUT,28.288129,77.317824,,
PYM,PANDIYAPURAM,8.855091,77.971557,Tamil Nadu,SR
PYOL,PAYYOLI,11.516716,75.617595,Kerala,SR
PYV,PAZHAYA SEEVARAM,12.777131,79.8777,Tamil Nadu,SR
PYX,PEYANAPALLI,13.131636,79.138282,,
PZA,PALAVANTHANGAL,12.990115,80.186651,,
QBW,QUBARWALA,30.175886,74.417372,,
QCAB,QCAB,22.229374,84.884802,,
QGT,KOLAGHAT,22.434331,87.879654,,
QLD,QUILANDI,11.446139,75.693924,Kerala,SR
QLM,KULEM,15.334036,74.24423,Goa,SWR
QLN,KOLLAM JN,8.886586,76.596753,,
QMRS,Kayamsar,28.125576,75.000562,Rajasthan,NWR
QRP,KILA RAIPUR,30.759177,75.827486,Punjab,NR
QSR,KANSRAO,30.07857,78.141795,Uttarakhand,NR
QTP,Quatabpur,29.763968,76.349742,Haryana,NR
QXR,KUCHESAR ROAD,28.746651,77.913232,,
R,RAIPUR JN,21.256462,81.629328,,
RA,RAMPARDA,22.634966,71.352035,Gujarat,WR
RAA,BARARA,30.213325,77.035501,,
RAG,RAIGIR,17.550881,78.941202,,
RAGM,RAJAGAMBIRAM,9.725053,78.409255,Tamil Nadu,SR
RAH,Ramgarh,27.576612,76.811256,Rajasthan,NCR
RAHA,Raha,26.225359,92.522244,Assam,NFR
RAI,RAIBHA,27.18155,77.803634,,
RAIR,RAIRAKHOL,21.046745,84.333562,,
RAJP,RAJAPUR ROAD,16.635175,73.626565,Maharashtra,KR
RAK,Ramkot,27.534312,80.597408,Uttar Pradesh,NR
RAKD,Radha Kund,27.537943,77.523598,,
RAKL,RETHORAKALAN,26.397857,78.240156,Madhya Pradesh,NCR
RAL,Repalle,16.019794,80.828736,Andhra Pradesh,SCR
RAM,RAMAPURAM,13.098012,79.178793,,
RAMA,RAMVA,25.891153,80.853299,,
RAMP,Rampuri,22.410159,80.259304,Madhya Pradesh,SECR
RAMR,RAMAIPUR HALT,27.545116,80.897107,,
RANI,RANI,25.347582,73.31039,Rajasthan,NWR
RAU,Rau,22.633145,75.80495,Madhya Pradesh,WR
RAWS,RAHATWAS,24.522974,77.8327,,
RAY,RAY,23.690082,85.077816,,
RAYA,RAYA,27.552406,77.786884,,
RBA,RAMBHA,19.537957,85.094079,,
RBD,RAHIMABAD,26.999343,80.600639,,
RBG,RAYBAG,16.483375,74.806826,Karnataka,SWR
RBGJ,ROBERTS GANJ,24.683136,83.077822,Uttar Pradesh,NCR
RBH,RAJBANDH,23.476136,87.372314,,
RBJ,Raibojha,27.971209,81.471651,Uttar Pradesh,NER
RBK,REOTI BAHORA KHERA,28.318709,79.107047,Uttar Pradesh,NR
RBL,RAE BARELI JN,26.232684,81.23932,,
RBN,Raghubans Nagar,25.756709,87.060056,Bihar,ECR
RBR,RIBADA,22.124961,70.800952,Gujarat,WR
RBS,RUPBAS,26.99038,77.590963,Rajasthan,NCR
RBZ,RAMBHADDARPUR,25.977172,85.865182,,
RC,RAICHUR,16.192441,77.339165,,
RCA,Rentachintala,16.545259,79.549492,Andhra Pradesh,SCR
RCD,RAJCHANDRAPUR,22.652739,88.321219,,
RCF,KAPURTHALA RAIL COACH FACTORY,31.326976,75.34282,Punjab,NR
RCG,RACHAGUNNARI,13.714631,79.629853,,
RCGT,RICHUGHUTU,23.659779,84.58081,,
RCJ,RANYAL JASMIYA,23.161929,76.072554,Madhya Pradesh,WR
RCP,Ramachandrapur,25.996484,81.267274,Uttar Pradesh,NR
RCRA,Ramchaura,26.997952,83.268406,Uttar Pradesh,NER
RCTC,Raghunathpur,20.351679,86.149605,Orissa,ECoR
RD,RAM DAYALU NAGAR,26.097367,85.383596,,
RDD,RIKHABDEV ROAD,23.997173,73.748055,Rajasthan,NWR
RDDE,RATHDHANA,28.904132,77.059148,,
RDE,RUNDHI,28.067751,77.350991,,
RDF,RADHAGAON,23.59787,86.089065,,
RDG,Rayadurg,14.705815,76.856828,Andhra Pradesh,SWR
RDHP,RADHANPUR,23.84693,71.585594,Gujarat,WR
RDI,KARDI,13.267377,76.5737,Karnataka,SWR
RDK,Rasheedpura Khori,27.713786,75.087121,Rajasthan,NWR
RDL,RUDAULI,26.762188,81.754202,,
RDM,RAMGUNDAM,18.763329,79.4351,,
RDN,RUDAIN,27.579928,79.186618,,
RDP,Radhikapur,25.643574,88.448153,West Bengal,NFR
RDRA,RAMDEVRA,27.006279,71.929837,Rajasthan,NWR
RDT,RAVTHA ROAD,24.933449,75.958203,,
RDU,RADHAMOHANPUR,22.356484,87.612611,,
RDUM,RAMPUR DUMRA,25.330863,86.000642,,
RDV,Radha Balampur,26.083856,81.107034,Uttar Pradesh,NR
RDY,REDIPALAYAM,12.736973,79.94718,Tamil Nadu,SR
RE,REWARI,28.202779,76.609414,Haryana,NWR
RECH,RECHNI ROAD,19.140541,79.451894,,
REG,REGUPALEM,17.505201,82.790267,,
REI,RITHI,23.904168,80.140267,,
REJ,Rejinagar,23.85009,88.259255,West Bengal,ER
REM,REDDIGUDEM,16.442328,80.050815,,
REN,REN,26.788798,74.074462,,
RENH,RENHAT,25.979938,77.833685,Madhya Pradesh,WCR
REP,RESAULI,16.30968,80.457863,,
REPI,RANGEPALLI,14.01783,77.578036,,
RES,RASULL,26.931423,81.25345,,
RET,RENTIA,22.863268,74.210847,,
REWA,REWA,24.537122,81.250615,Madhya Pradesh,WCR
RF,RAFALESHWAR,22.773897,70.896925,,
RFJ,RAFIGANJ,24.819694,84.634804,,
RFR,RAFINAGAR,26.994136,81.282033,,
RG,RAJGHAT NARORA,28.235655,78.353587,Uttar Pradesh,NR
RGA,Rajgoda,22.324313,87.866472,West Bengal,SER
RGB,RAMGANGA,28.298118,79.375029,Uttar Pradesh,NR
RGBD,RAMGANGA,28.297728,79.374639,,
RGD,Rajgir,25.033069,85.414697,Bihar,ECR
RGDA,RAYAGADA,19.175642,83.410505,,
RGG,RADOGARH,24.435611,77.154792,,
RGH,RAMGARHWA,26.873843,84.797149,Bihar,ECR
RGI,RAMGIRI,13.950145,76.125454,Karnataka,SWR
RGJ,RaiGanj,25.619125,88.127696,West Bengal,NFR
RGJI,RANGJULI,25.988405,90.955958,Assam,NFR
RGL,RENGALI,21.636895,84.042299,,
RGLI,RANGAULI,25.150233,79.887282,Uttar Pradesh,NCR
RGM,RANGAPURAM,15.406776,78.059153,,
RGNH,RAGHUNATHGARH,29.311679,73.651572,,
RGO,ROTEGAON,19.956132,74.75787,Maharashtra,SCR
RGP,RAGHUNATHPALLI,17.756479,79.255304,,
RGPM,RAGHAVAPURAM,18.681242,79.411187,,
RGQ,RAIGADH ROAD,23.596666,73.183592,Gujarat,NWR
RGS,Ringas Junction,27.373379,75.563604,Rajasthan,NWR
RGT,RAJGHAT HALT,21.764462,87.155076,,
RGU,Ragaul,25.686945,80.129683,Uttar Pradesh,NCR
RGX,Raghunathbari,22.353228,87.797247,West Bengal,SER
RHA,Ranaghat Junction,23.173344,88.568184,West Bengal,ER
RHE,RAKHA MINES,22.674292,86.354133,,
RHG,RAJGARH,27.240827,76.607541,Rajasthan,NWR
RHI,Rakhi,25.687148,72.554469,Rajasthan,NWR
RHMA,Rahama,20.298605,86.405224,Orissa,ECoR
RHN,ROSHANPUR,29.046556,78.887727,Uttar Pradesh,NER
RHNE,ROHINI,20.362871,74.859801,,
RHR,RAJHURA,24.1544,84.01555,,
RHU,Rahon,31.059324,76.108924,Punjab,NR
RHW,ROHIRA GHALUGHRA,30.636931,75.841666,Punjab,NR
RIG,RAIGARH,21.891289,83.39067,,
RIGA,RIGA,26.644544,85.425711,Bihar,ECR
RIKA,RATIKHEDA,24.59745,77.656544,,
RIKD,RISHIKUND,25.294436,86.562358,,
RIM,Rajim,20.969475,81.867426,Chhattisgarh,SECR
RIS,RISHRA,22.726146,88.343378,,
RJ,Rawat Ganj,26.957831,83.285875,Uttar Pradesh,NER
RJA,RAJANAGAR,26.401801,86.152987,,
RJAK,RAJNAGAR,24.903476,79.8769,Madhya Pradesh,NCR
RJAP,RAJAPUR,16.859603,78.163648,,
RJB,RAJABERA,23.751105,86.080936,,
RJG,RAJGRAM,24.544607,87.867636,,
RJGR,RAJTHAGARH,20.576104,85.741633,,
RJI,RAJAWARI,25.497689,83.130772,Uttar Pradesh,NER
RJJN,RAJAJAN HALT,25.614963,85.670904,,
RJK,RAJA KA SAHASPUR,28.626216,78.780097,Uttar Pradesh,NR
RJL,Rajmahal,25.052535,87.831451,Jharkhand,ER
RJLA,RAJLA,24.756363,86.423067,,
RJLK,Rajalukah,22.125193,86.642242,,
RJMA,RAJOMAJRA,30.375339,75.798104,,
RJMP,RAJMALPUR ROAD,25.892921,83.788671,,
RJN,RAJ NANDGAON,21.101186,81.039019,,
RJO,RAJENDRA PUL,25.387447,86.010546,,
RJP,RAZAMPETA,14.184525,79.152741,,
RJPB,RAJENDRA NAGAR BIHAR,25.603351,85.162449,,
RJPM,RAJAPALAYAM,9.452404,77.561026,,
RJQ,Rajendranagar,22.670031,75.829546,Madhya Pradesh,WR
RJR,Rajaldesar,28.033672,74.477712,Rajasthan,NWR
RJS,RAJIYASAR,29.067493,73.842164,Rajasthan,NWR
RJT,RAJKOT JN,22.312206,70.803446,Gujarat,WR
RJU,Rajula City,21.046575,71.455976,Gujarat,WR
RJW,RAJEVADI,18.384143,74.155129,Maharashtra,CR
RJY,RAJAMUNDRY,16.984159,81.783901,,
RK,ROORKEE,29.851671,77.87417,,
RKB,RAIKA BAGH,26.291628,73.039744,,
RKD,RUKADI,16.724872,74.356715,Maharashtra,CR
RKDI,RAUKHERI,23.886485,77.981962,,
RKH,RAKHIYAL,23.260621,72.903803,Gujarat,WR
RKI,RAMKANALI JN,23.579891,86.762336,West Bengal,SER
RKJE,Rakhitpur,23.725742,86.490871,Jharkhand,ECR
RKK,Ratangarh Kanakwal,29.922761,74.966758,,
RKL,Ramkola,26.90674,83.836714,,
RKM,RAJA KI MANDI,27.193811,77.996613,,
RKN,RATI KA NAGLA,27.654398,78.240569,,
RKO,RAMAKRISHNAPURAM GATE,17.476299,78.528473,Andhra Pradesh,SCR
RKR,RANIKUND RARAH,27.324191,77.5555,Rajasthan,WCR
RKRI,RAO KHEDI,23.885645,77.981122,,
RKS,SARAI RANI,26.015838,83.121492,,
RKSH,RISHIKESH,30.107173,78.287498,Uttarakhand,NR
RKSN,RAJKHARSAWAN JN,22.733525,85.811158,,
RKX,RUKHI,29.090127,76.679535,Haryana,NR
RKY,KOTHARIYA,22.176807,70.814382,Gujarat,WR
RKZ,RAJKIAWAS,25.75038,73.523536,Rajasthan,NWR
RLA,RAJULA JN,21.103699,71.479251,Gujarat,WR
RLE,RAILEY ENGLISH HALT,25.482971,85.755692,,
RLG,RELANGI,16.709921,81.64411,Andhra Pradesh,SCR
RLK,ROHAL KHURD,23.482264,75.460561,,
RLL,REGADIPALLI,14.813572,78.136002,,
RLO,RAYALCHERUVU,15.055957,77.821035,,
RLP,HARLAPUR,15.434833,75.799259,Karnataka,SWR
RLR,RAILA ROAD,25.630348,74.596325,Rajasthan,NWR
RLS,ROMANA ALBEL SINGH,30.510636,74.850048,Punjab,NR
RLT,RALAPET,19.322909,79.437787,,
RLW,REPALLIWADA,19.201953,79.430139,,
RLX,Ramanujampalli,14.440531,77.87191,Andhra Pradesh,SCR
RM,Rajmane,20.643085,74.941672,Maharashtra,CR
RMA,RAMGANJ MANDI,24.644606,75.939411,,
RMB,Rampura Beri,28.530132,75.64548,Rajasthan,NWR
RMBG,RAMGHAT HALT,26.820568,82.214435,,
RMC,Ram Chaura Road,25.609488,81.686954,Uttar Pradesh,NR
RMD,RAMANATHAPURAM,9.358387,78.836862,Tamil Nadu,SR
RMF,RAMNA,24.239748,83.605713,Jharkhand,ECR
RMGJ,RAMGANJ,26.049174,82.020731,Uttar Pradesh,NR
RMGM,RAMANAGARAM,12.720096,77.283451,Karnataka,SWR
RMH,RANGMAHAL,29.405816,73.974734,Rajasthan,NWR
RMJ,RAMRAJATALA,22.587778,88.295438,,
RMJK,RAM NAGAR J K,32.863528,75.145426,Jammu and Kashmir,NR
RMM,RAMESWARAM,9.280973,79.306787,Tamil Nadu,SR
RMN,Raman,29.959834,74.962088,Punjab,NWR
RMNP,RAMANNAPET,17.282344,79.087023,,
RMNR,RAHMAT NAGAR,26.744797,81.155895,,
RMO,Ramakona,21.684349,78.826509,Madhya Pradesh,SECR
RMP,RAHIMATPUR,17.612152,74.17217,Maharashtra,CR
RMPB,RAMPUR BAZAR,25.358763,88.60611,,
RMPH,Rampahari,26.2365,77.357146,Madhya Pradesh,NCR
RMPR,RAMPUR HALT,25.172159,86.140654,,
RMQ,RAMRI,24.242752,77.051454,,
RMR,RAMNAGAR,29.390223,79.122239,Uttarakhand,NER
RMRB,Ramnagar Bengal,21.677451,87.55405,West Bengal,?
RMSR,RAMSINGHPUR,29.185337,73.398866,Rajasthan,NWR
RMT,RAMGARH CANT,23.617327,85.520249,,
RMTR,REMOUNT ROAD,22.525428,88.316273,,
RMU,RAMPUR,28.778863,79.023419,,
RMV,RAMAVARAPPADU,16.526201,80.679714,Andhra Pradesh,SCR
RMW,ROSHAN MAU,26.479318,79.984729,,
RMX,Ramsar,25.722252,70.866078,Rajasthan,NWR
RMY,RUKMAPUR,17.27365,77.675424,,
RMZ,ROUTHPURAM HALT,18.620964,84.33568,,
RN,RATNAGIRI,17.002793,73.356938,Maharashtra,KR
RNA,ROHANA KALAN,29.575725,77.685758,Uttar Pradesh,NR
RNB,Ranpura,26.579427,77.44262,Rajasthan,NCR
RNBD,RANA BORDI,21.714732,69.791914,Gujarat,WR
RNBT,RAHENBATA,20.329013,83.089931,,
RNC,RANCHI,23.348811,85.33352,,
RNE,RANJANI,19.646129,76.107028,Maharashtra,SCR
RNG,RANIGANJ,23.602851,87.11698,,
RNGG,Rangaliting,26.656417,93.918286,Assam,NFR
RNH,RUNKHERA,23.413846,75.188802,,
RNI,RANGAPANI,26.664263,88.374386,,
RNIR,Rajnarainpur,28.313863,80.418359,Uttar Pradesh,NER
RNIS,Ranolishishu,27.517012,75.301025,Rajasthan,NWR
RNJ,Runija,23.06077,75.376833,Madhya Pradesh,WR
RNJD,RANJANGAON RD,18.870972,74.600703,,
RNKA,RUNKUTA,27.22285,77.897935,,
RNL,RANALA,21.372813,74.47179,,
RNN,RAJANKUNTI,13.174151,77.564915,,
RNO,RANOLI,22.405252,73.112266,,
RNPR,RUPNARAYANPUR,23.818703,86.885481,,
RNQ,RENUKUT,24.203558,83.039896,Uttar Pradesh,ECR
RNR,RANIBENNUR,14.625461,75.635054,Karnataka,SWR
RNRD,RANIPUR ROAD,25.270918,79.055869,Uttar Pradesh,NCR
RNT,RANTHAMBHORE,26.093063,76.410001,Rajasthan,WCR
RNTE,RAMANAND,25.554842,84.491053,,
RNTL,RANITAL,21.149665,86.556474,,
RNU,Ratnapur,21.474117,76.651361,,
RNV,Raniwara,24.750455,72.204293,Rajasthan,NWR
RNW,Renwal,27.149463,75.356234,Rajasthan,NWR
RNX,RANIPATRA,25.735576,87.514183,,
RNY,RANGIYA JN,26.447901,91.605929,,
ROA,RUSERA GHAT,25.746302,86.035742,,
ROB,ROBERTSON,21.988744,83.182508,,
ROHA,ROHA,18.44649,73.123577,Maharashtra,CR
ROHN,ROHEDNAGAR HALT,28.761128,76.814093,Haryana,NR
ROI,REOTI,25.833886,84.37469,,
ROK,ROHTAK JN,28.890904,76.57955,Haryana,NR
ROL,Rajuli,20.171116,79.703505,Maharashtra,SECR
ROP,RUPSA JN,21.621995,87.018507,,
RORA,RORA,25.293896,79.236769,Uttar Pradesh,NCR
ROS,RAJOSI,26.312897,74.671814,Rajasthan,NWR
ROU,ROURKELA,22.22844,84.863132,,
ROZA,ROZA JN,27.853121,79.956038,,
RPAN,RANGAPARA NORTH,26.821593,92.682658,,
RPAR,RUPNAGAR,30.972816,76.533241,,
RPB,Rupasibari,24.855344,92.529502,Assam,NFR
RPD,RUPAUND,23.731755,80.573345,,
RPGU,RASULPURGOGAMAU,26.376288,80.118434,,
RPH,RAMPUR HAT,24.179797,87.782147,,
RPHR,Raipur Hariyana Junction,29.158401,75.772834,Haryana,NR
RPI,RUPAHELI,25.771723,74.635807,Rajasthan,NWR
RPJ,RAJPURA JN,30.486459,76.59402,,
RPK,RAVALPALLI KALA,17.439968,78.084165,,
RPL,REDDIPALLE,14.093158,79.22553,,
RPLY,Rupauli,25.879328,87.057937,Bihar,ECR
RPM,ROYAPURAM,13.103503,80.293152,,
RPMN,RAMPURMANI HARA,29.805598,77.459871,Uttar Pradesh,NR
RPO,RAWATPUR,26.482981,80.298113,,
RPR,RAGHUNATHPUR,25.565439,84.305227,,
RPRD,RUPRA ROAD,20.08447,83.330956,,
RPRL,RAPARLA HALT,15.619244,80.169121,,
RPUR,RATANPUR,25.279794,86.57608,,
RPV,Rajapatti,26.180815,84.808383,Bihar,NER
RPWN,Rambhawan Halt,25.254748,85.239275,,
RPZ,Ranapratapnagar,24.582417,73.728056,Rajasthan,NWR
RQJ,RANINAGAR JALPAIGIRI,26.544663,88.648293,,
RQP,RADHAKISHOREPUR,20.55992,85.754538,,
RR,RICHHA ROAD,28.717269,79.488904,Uttar Pradesh,NER
RRB,BIRUR JN,13.591101,75.974749,Karnataka,SWR
RRE,Rahul Road,25.274193,85.530934,Bihar,ECR
RRGA,RANGAREDDY GUDA,16.901936,78.180833,,
RRI,RAHURI,19.41155,74.677702,,
RRJ,RAMARAJU PALLI,15.041948,77.617367,Andhra Pradesh,SCR
RRL,REWRAL,21.261121,79.468096,,
RRME,RANCHI ROAD,23.665992,85.511603,,ECR
RRNH,RAMRUPNAGAR,26.790374,85.162249,,
RRP,Rairangpur,22.440956,86.164207,Orissa,SER
RRS,Raghuraj Singh,26.255836,80.879669,Uttar Pradesh,NR
RRU,RAYARU,26.307454,78.129864,,
RRW,Roranwala,30.444112,74.256203,Punjab,NR
RS,Risia,27.688822,81.605514,Uttar Pradesh,NER
RSA,Risama,21.058881,81.324776,Chhattisgarh,SECR
RSC,RAMGANGA SOUTH,28.295969,79.369788,,
RSG,RAMSAGAR,23.106248,87.277063,West Bengal,SER
RSH,Ratan Shahr,28.158119,75.523981,Rajasthan,NWR
RSI,RAISI,29.692832,78.066434,,
RSJ,RAYSER,24.915226,77.549884,Madhya Pradesh,WCR
RSLR,RASULPUR,23.187229,88.039994,,
RSM,RASMARA,21.204118,81.2164,,
RSMN,Ramgovindsingh Mahuli Halt,25.531874,85.113231,,?
RSNA,RASANA HALT,24.224697,72.256353,,
RSNR,Rai Singh Nagar,29.535956,73.450472,Rajasthan,NWR
RSR,RASRA,25.861714,83.85785,,
RSRI,RAISHREE,25.362076,77.591872,,
RSWN,RAMESHWAR NAGAR,26.980403,84.520106,,
RSWT,Ramgarh Shekhawati,28.169397,74.993046,Rajasthan,NWR
RSYI,RASAYANI,18.894002,73.151919,Maharashtra,CR
RT,ROHAT,25.921476,73.095319,Rajasthan,NWR
RTA,RUTHIYAI,24.531922,77.175827,,
RTB,RAJA TALAB,25.263907,82.850729,Uttar Pradesh,NER
RTBR,Ratabari,24.572086,92.416927,Assam,NFR
RTD,RATLAM A CABIN,23.335631,75.042913,,
RTG,Rangtong,26.836122,88.342388,West Bengal,NFR
RTGH,Ratangarh Junction,28.066587,74.623603,Rajasthan,NWR
RTGN,RATANGAON,23.836576,79.892511,,
RTI,RAOTI,23.183572,74.878674,,
RTJ,Rantej,23.471537,72.153828,Gujarat,WR
RTK,Ramtek,21.400715,79.326499,Maharashtra,SECR
RTLM,RATLAM JN,23.34024,75.050686,,
RTM,RATLAM JN,23.34038,75.050826,,
RTME,RATLAM EAST CABIN,23.35979,75.067019,,
RTN,RETANG,20.199418,85.760851,,
RTP,RATANPURA,25.921924,83.744472,,
RTR,RAMNATHPUR,25.412362,82.017775,Uttar Pradesh,NER
RTU,Ratan Sarai,26.37354,84.573582,,
RTWS,RAHATWAS,24.522934,77.83266,,
RTZ,RATONA,23.83539,78.685372,,
RU,RENIGUNTA JN,13.636261,79.50629,,
RUB,RASULABAD,25.826999,80.977088,,
RUG,RAJLU GARHI,29.090744,77.012109,,
RUI,Rukni,23.551806,86.548025,West Bengal,SER
RUJ,RANUJ,23.75937,72.21524,Gujarat,WR
RUL,RAULI,19.230268,83.16728,,
RUM,RUPAMAU,26.230209,81.325346,,
RUP,Rupahigaon,26.412562,92.742267,Assam,NFR
RUPC,RUDRAPUR CITY,28.969281,79.379212,Uttarakhand,NER
RUR,RANPUR,22.359871,71.717303,Gujarat,WR
RURA,RURA,26.485377,79.908216,,
RUSD,Runnisaidpur,26.410576,85.519694,Bihar,ECR
RUT,RATNAL,23.186898,69.897403,Gujarat,WR
RV,RAVER,21.222201,76.044594,Maharashtra,CR
RVD,RAVIKAMPADU,17.230245,82.368151,,
RVG,REVELGANJ GHAT HALT,25.787072,84.639402,,
RVH,RAIPUR R-V BLOCK,21.26848,81.644282,,
RVK,RAJA BHAT KHAWA,26.620144,89.528605,West Bengal,NFR
RVKH,RAVINDRAKHANI,18.936594,79.461396,,
RVSN,RVS NAGAR,13.278302,79.116257,,
RWA,RAUTARA,25.674635,87.523472,,
RWH,Rowriah Sdg,26.721887,94.172441,Assam,NFR
RWJ,RAWANIA DUNGAR,25.887841,76.313705,,
RWL,RAIWALA,30.032143,78.209877,Uttarakhand,NR
RWO,RANAVAV,21.698214,69.726078,Gujarat,WR
RWTB,ROWTA BAGAN,26.736799,92.21491,,
RXL,RAXAUL JN,26.987018,84.844564,Bihar,ECR
RXM,ROOMA,26.35704,80.430357,,
RXN,Ramsan,24.405871,72.035777,Gujarat,NWR
RXR,RANGAPAHAR,25.854971,93.707766,Nagaland,NFR
RXRX,RANGAPAHAR CRS,25.868228,93.715179,Nagaland,NFR
RXW,Ratangarh West,28.072785,74.610204,Rajasthan,NWR
RY,RAYAKA,22.413053,72.023569,Gujarat,WR
RYC,Rayakkottai,12.514891,78.027508,Tamil Nadu,SWR
RYM,RAMIDI HALT,31.465951,75.407843,,
RYP,RAYANAPAD,16.577504,80.562937,Andhra Pradesh,SCR
RYS,RASURIYA,28.26396,79.474459,,
RYT,RAYAT PURA,26.456937,78.381881,Madhya Pradesh,NCR
RZJ,RAZAGANJ,27.994397,80.632889,Uttar Pradesh,NER
RZN,RAUZAGAON,26.785264,81.708007,,
S,SHRIRANGAPATNA,12.4247,76.678033,Karnataka,SWR
SA,SALEM JN,11.671726,78.113415,,
SAA,SATHIAON,26.034194,83.287317,,
SAB,SANTAMAGULUR,16.147071,79.915056,,
SABD,SALABAD,26.984965,77.310319,,
SAC,SANICHARA,26.363371,78.198369,Madhya Pradesh,NCR
SAD,Sonada,26.960337,88.273323,West Bengal,NFR
SADL,SADLA,23.134597,71.850678,,
SADP,SAIDAPUR,16.570001,77.249791,,
SAE,SIMARIA,25.410723,86.013734,,
SAF,SALKHAPUR,25.655084,82.680471,Uttar Pradesh,NR
SAG,SANGRUR,30.243791,75.830517,Punjab,NR
SAGM,SAGMA,24.622107,80.828347,Madhya Pradesh,WCR
SAGR,SHRIRAJNAGAR,26.522626,81.077837,,
SAH,SAPHALE,19.576592,72.821826,Maharashtra,WR
SAHI,SATHI,27.015885,84.503862,Bihar,ECR
SAHL,SAHELI,22.488281,77.819849,,
SAHP,SAHIJPUR,23.061366,72.631634,Gujarat,WR
SAHR,SAHERI,25.559103,83.449115,Uttar Pradesh,NER
SAI,SARAI,25.779962,85.276609,,
SAJH,SAHJA HALT,25.478182,87.673954,,
SAK,Sak Bahadurpur,22.178375,73.559848,Gujarat,WR
SAKA,Simariya Kajanwada,22.439466,80.325116,Madhya Pradesh,SECR
SAKD,Suprakandi,24.788433,92.37868,,
SAL,SALWA,21.236542,79.292976,,
SALE,SALAR,23.774579,88.111097,West Bengal,ER
SALI,SALI,26.705767,75.031546,Rajasthan,NWR
SAMT,SALEM MARKET,11.654084,78.142621,,
SAN,SANDILA,27.059455,80.517354,,
SANH,SANHA HALT,25.427407,86.368432,,
SANK,SANK,26.43052,78.059751,,
SANR,SARDARNAGAR,26.700859,83.494054,,
SAO,SAGONI,23.811896,79.811439,,
SAP,SATTENAPALLE,16.405018,80.152704,,
SAPE,SAPE WAMNE,18.085549,73.356471,Maharashtra,KR
SAPR,SARANGPUR ROAD,22.236682,71.748617,Gujarat,WR
SAPT,Sugapahari,24.27892,86.568736,Jharkhand,ER
SAR,SHAHZAD NAGAR,28.750033,79.052147,,
SAS,SHIVDASPURA PADAMPURA,26.71363,75.883282,,
SASG,Sasan Gir,21.168995,70.602443,Gujarat,WR
SASN,SAS NAGAR MOHALI,30.666125,76.739952,Punjab,NR
SASR,Sausar,21.658885,78.802525,Madhya Pradesh,SECR
SAT,SANT ROAD,22.796395,73.800403,,
SATR,SATR HALT,26.001173,87.508427,,
SAU,SANAND,23.024216,72.384749,,
SAV,SAVDA,21.111116,75.910659,Maharashtra,CR
SAW,SURIAWAN,25.46104,82.423665,,
SAWN,Sohansra,28.407609,75.860578,Haryana,NWR
SAZ,Samni,21.852581,72.92457,Gujarat,WR
SB,SARAI BHOPAT,26.837847,78.944709,,
SB04,Mana,21.21457,81.689931,Chhattisgarh,?
SBB,SAHIBABAD,28.674037,77.364182,,
SBBJ,JOGULAMBA HALT,15.915692,78.041605,,
SBC,BANGALORE CITY JN,12.977595,77.568083,Karnataka,SWR
SBD,SLEEMANABAD RD,23.614369,80.285208,Madhya Pradesh,WCR
SBE,SORBHOG JN,26.494286,90.888281,,
SBG,SAHIBGANJ JN,25.241392,87.634577,,
SBGR,Subhas Gram,22.413546,88.433753,West Bengal,ER
SBH,SULEBHAVI,15.912563,74.641724,Karnataka,SWR
SBHR,Subrahmanya Road,12.731272,75.557615,Karnataka,SWR
SBI,SABARMATI JN,23.072985,72.587162,,
SBIC,SABARMATI BRIDGE,23.067094,72.588756,,
SBID,SABARMATI D CABIN,23.101488,72.570275,,
SBIS,SABARMATI SOUTH,23.083452,72.563755,,
SBJ,SARAI BANJARA,30.538386,76.515682,,
SBK,SHAHBAZ KULI,25.632101,83.674653,Uttar Pradesh,NER
SBL,Sabalgarh,26.251275,77.408742,Madhya Pradesh,NCR
SBLJ,SHRI BALAJI,27.416761,73.537382,,
SBLT,SHRI BHADRIYA LATHI,27.030421,71.515941,Rajasthan,NWR
SBM,SONBARSA KACHERI,25.793808,86.595659,Bihar,ECR
SBNM,Subarnamrigi,24.27321,88.292124,West Bengal,ER
SBNR,SHRI VIJAINAGAR,29.240494,73.523389,Rajasthan,NWR
SBO,SABAUR,25.239083,87.045918,,
SBP,SAMBALPUR,21.483051,83.960325,,
SBPD,SAMBALPUR ROAD,21.4779,83.975711,,
SBPY,SAMBALPUR CITY,21.477022,84.007617,,
SBR,SAMBHAR LAKE,26.904308,75.179915,,
SBRA,SARBAHARA,22.710502,81.910429,,
SBT,SABARMATI JN,23.077546,72.589282,,
SBTA,SABARMATI A CABIN,23.050805,72.592931,,
SBTF,SABARMATI F CABIN,23.085912,72.570106,,
SBV,SIMRI BHAKHTIYARPUR,25.72086,86.597384,Bihar,ECR
SBW,Shewbabudih,23.659482,86.390668,Jharkhand,SER
SBZ,SISWA BAZAR,27.149567,83.756349,Uttar Pradesh,NER
SC,SECUNDERABAD JN,17.433147,78.501481,,
SCA,SALCHAPRA,24.827278,92.671939,Assam,NFR
SCC,SITAPUR CANT,27.559468,80.698784,,
SCE,Senchoa Junction,26.311613,92.642482,Assam,NFR
SCH,SACHIN,21.077673,72.874083,Gujarat,WR
SCI,SANCHI,23.488096,77.735783,,
SCKR,SALICHAUKA ROAD,22.833649,78.676291,Madhya Pradesh,WCR
SCL,SILCHAR,24.830338,92.786795,Assam,NFR
SCM,SIMHACHALAM,17.744667,83.220449,,
SCMN,SIMHACHALAM NORTH,17.752094,83.209636,,
SCN,SONDHA ROAD,26.498827,78.484558,Madhya Pradesh,NCR
SCO,SATUNA,19.494861,76.348052,Maharashtra,SCR
SCP,SIRNAPALLI,18.487478,78.271132,Andhra Pradesh,SCR
SCPD,SUCHIPIND,31.343172,75.621561,Punjab,NR
SCPR,SHYAMA CHARANPUR HALT,20.642413,85.616279,,
SCQ,Sham Chaurasi,31.45851,75.76642,Punjab,NR
SCT,SENGOTTAI,8.987412,77.24185,,
SCV,Sukhchain,29.767847,74.990098,,
SCY,SACHIWALAY HALT,25.596202,85.117352,,
SD,SIDHAULI,27.281002,80.837587,Uttar Pradesh,NER
SDAH,KOLKATA SEALDAH,22.566758,88.374713,,
SDAM,SUNDHIAMAU,27.121414,81.28688,,
SDB,SHAHABAD,17.121663,76.943513,,
SDBH,Sindri Block Hut,23.692944,86.447091,Jharkhand,ECR
SDC,SAIDABAD,25.379137,82.120195,Uttar Pradesh,NER
SDD,SINDHAWADAR,22.546528,70.894135,Gujarat,WR
SDE,SADISOPUR,25.566169,84.916992,,
SDF,Sudsar,28.012356,73.785795,Rajasthan,NWR
SDG,SAHADAI BUZURG,25.661491,85.455088,Bihar,ECR
SDGH,Sri Dungargarh,28.070311,74.008011,Rajasthan,NWR
SDGM,SARDARGRAM,23.070758,72.641987,Gujarat,WR
SDH,SARADHNA,26.340426,74.566205,Rajasthan,NWR
SDHA,SIDHARI HALT,26.037742,83.187667,,
SDHR,Sandhanidhar,20.942193,70.713698,Gujarat,WR
SDI,Sagardighi,24.287789,88.105398,West Bengal,ER
SDL,SHAHDOL,23.285962,81.364073,,
SDLE,SWADINPUR,24.253478,87.822587,,
SDLK,SUNDLAK,25.121481,76.455842,,
SDLP,Sadulpur Junction,28.631138,75.386989,Rajasthan,NWR
SDM,SURAREDDIPALEM,15.407571,80.045682,,
SDMD,Sudamdih,23.654478,86.44032,West Bengal,SER
SDMK,Sidmukh,28.89389,75.290472,Rajasthan,NWR
SDN,SHOLAVANDAN,10.02227,77.965082,,
SDNR,Seydunganallur,8.639358,77.834992,Tamil Nadu,SR
SDPH,Sardar Patel Halt,25.050378,85.424114,,
SDPN,SINDPAN,24.164576,75.03158,,
SDPR,SARDAR PATEL ROAD,28.595813,77.167107,Delhi NCT,NR
SDPT,SEDARAMPATTU,12.672036,79.202726,,
SDRA,Sudharana,28.453681,76.425807,Haryana,NWR
SDS,Sadulshahr,29.902641,74.172704,Rajasthan,NWR
SDT,SADAT,25.673309,83.308384,Uttar Pradesh,NER
SDV,SOMIDEVIPALLE,15.4534,79.038111,,
SDVL,SOLDEVANAHALLI,13.091395,77.490385,Karnataka,SWR
SDY,SADHOO GARH,30.582863,76.448473,,
SDZ,Sindhar,31.110308,75.241169,Punjab,NR
SE,SEMLA,22.039641,70.79367,,
SEB,SON NAGAR,24.882213,84.229273,,
SED,SHEDBAL,16.720293,74.752769,Karnataka,SWR
SEE,SONPUR JN,25.696849,85.166851,,
SEG,SHEGAON,20.801724,76.690331,,
SEGM,SEVAGRAM,20.739076,78.619225,,
SEH,SEHORE,23.215095,77.077882,,
SEI,SHENDRI,18.130093,75.552627,Maharashtra,CR
SEJ,SARKHEJ,22.981944,72.497486,Gujarat,WR
SEL,SANKRALL,22.561309,88.209074,,
SELU,SELU,19.44806,76.433264,Maharashtra,SCR
SEM,SERAM,17.180683,77.28353,,
SEN,SENAPURA,13.71768,74.684012,Karnataka,KR
SEO,SEOHARA,29.204807,78.580977,,
SEP,SODPUR,22.698851,88.382193,,
SEPN,SEPON,27.117144,94.856434,,
SEPR,SHERPUR,28.919358,78.25287,Uttar Pradesh,NR
SEQ,SEKHA,30.380452,75.643764,Punjab,NR
SER,SAMAYANALLUR,9.981546,78.035087,,
SES,SEMARI,24.07001,73.841822,Rajasthan,NWR
SET,SETTIHALLY,12.644228,77.141918,Karnataka,SWR
SETB,Sessa,27.32406,94.85767,,
SEU,SENDRA,26.077974,74.194143,Rajasthan,NWR
SEV,SITHALAVAI,10.958125,78.273891,Tamil Nadu,SR
SEW,SEHAL,28.918565,78.822659,Uttar Pradesh,NER
SEX,Seroni Road,25.943966,76.884471,Madhya Pradesh,NCR
SEY,Seoni,22.075431,79.545769,Madhya Pradesh,SECR
SF,SETTIGUNTA,13.87431,79.382302,,
SFA,SANHERA HALT,28.903375,77.282339,Uttar Pradesh,NR
SFC,SAINTALA,20.433878,83.335045,,
SFDE,SAFIDON,29.39793,76.661424,Haryana,NR
SFE,Sanodiya,27.011244,75.279108,Rajasthan,NWR
SFF,SUNERA PIRKHERI,23.474148,76.360303,,
SFG,SUBEDARGANJ,25.439879,81.789897,,
SFH,SAFEDABAD,26.897857,81.116601,,
SFK,SIKIR,20.337936,83.199696,,
SFM,SUNAM,30.130335,75.808761,Punjab,NR
SFNR,Saifinagar Halt,22.698715,75.853424,Madhya Pradesh,WR
SFPR,Safipur,26.744344,80.354767,Uttar Pradesh,NR
SFR,SAFRAI,27.029015,94.942883,Assam,NFR
SFW,SARANGPUR,23.581064,76.487187,,
SFX,SAFILGUDA,17.461671,78.53311,Andhra Pradesh,SCR
SFY,SHAJAPUR,23.425074,76.297843,,
SFZ,SINDURIYA KACHARI,24.021099,76.925904,,
SG,SHAHGARH,28.559235,80.043015,Uttar Pradesh,NER
SGA,Shergarh,30.080231,74.947251,Punjab,NWR
SGAC,SOGARIYA CABIN,25.230055,75.900221,,
SGAM,SAREIGRAM,24.039636,82.205614,Madhya Pradesh,WCR
SGBJ,SURGAON BANJARI,21.946109,76.544215,Madhya Pradesh,WCR
SGD,SONGADH,21.728936,71.886759,Gujarat,WR
SGDM,SIGADAM,18.360601,83.681441,,
SGDP,Sagadapata,21.244692,85.909396,Orissa,ECoR
SGDV,Soma Guddu,14.288569,76.633302,,
SGE,SANKARIDURG,11.445732,77.870439,,
SGF,SANGAT,30.088059,74.83253,Punjab,NWR
SGG,SULTANGANJ,25.24085,86.736175,,
SGJ,SAFDARGANJ,26.914454,81.36116,,
SGKM,Srungavruksham,16.543756,81.601906,Andhra Pradesh,SCR
SGL,SAGAULI JN,26.758187,84.73934,Bihar,ECR
SGLA,SANGOLA,17.435563,75.187581,Maharashtra,CR
SGLM,SENGULAM,8.607001,77.682861,Tamil Nadu,SR
SGM,SOLGAMPATTI,10.785689,78.858717,Tamil Nadu,SR
SGND,SHRIGONDA ROAD,18.598243,74.641466,,
SGNR,SHRI GANGANAGAR,29.931792,73.871417,Rajasthan,NWR
SGO,SAUGOR,23.84735,78.74292,,
SGP,SOHAGPUR,22.693813,78.194338,Madhya Pradesh,WCR
SGPA,Sugapahari,24.279024,86.578049,Jharkhand,ER
SGR,SANGMESHWAR,17.201999,73.546234,Maharashtra,KR
SGRA,SANGARIA,29.792508,74.466053,Rajasthan,NWR
SGRD,SULGARE,22.019979,82.743775,,
SGRE,SULGARE,16.914611,74.909935,Maharashtra,CR
SGRL,SINGRAULI,24.204257,82.642735,Madhya Pradesh,ECR
SGRM,SINGARAM,19.110931,83.105004,,
SGRP,SINGHIRAMPUR,27.262707,79.629411,,
SGRR,SANGAR,32.80617,75.044078,Jammu and Kashmir,NR
SGS,Shoghi,31.038759,77.124237,Himachal Pradesh,NR
SGUD,Siliguri,26.723574,88.414033,,
SGUJ,SILIGURI JN,26.723204,88.413663,West Bengal,NFR
SGUT,SILIGURU TOWN,26.7073,88.429607,West Bengal,NFR
SGV,Sargachhi,24.01772,88.244037,West Bengal,ER
SGW,SINGWAL,26.061015,74.682759,Rajasthan,NWR
SGWF,WHITE FIELD SATELLITE,12.996017,77.761478,,
SGYW,Singriawan,25.409517,85.284535,,
SGZ,SHAMGARH,24.191141,75.642842,,
SHAD,SHAHAD,19.244702,73.158611,,
SHAN,SRINIVASA NAGAR,17.909956,78.461921,Andhra Pradesh,SCR
SHB,Shahibag,23.035546,72.600949,,
SHBA,SAHEBTALA,23.591585,88.200996,West Bengal,ER
SHBC,SIBAICHANDI,22.974465,88.13369,,
SHBL,SHIBLUN,23.692561,88.082999,West Bengal,ER
SHC,SAHARSA JN,25.875208,86.594953,Bihar,ECR
SHDM,SHAHBAD MARKNDA,30.166186,76.861554,,
SHDR,SHADHORAGAON,24.633366,77.584671,,
SHE,SEORAPHULI,22.774749,88.328809,,
SHEO,SHISHO,26.206032,85.863867,,
SHER,Sher,26.351665,84.628291,,
SHF,Shirud,20.735376,74.876271,Maharashtra,CR
SHG,SHAHGANJ JN,26.061399,82.679662,,
SHGN,SHRI GHASINAGAR,27.086515,76.626805,,
SHH,SHAPUR JN,21.478281,70.371057,Gujarat,WR
SHHT,SINGHAUL HALT,25.435009,86.09668,,
SHI,SINGANALLUR,11.012921,77.039459,,
SHIV,SHINDAWANE,18.434555,74.163601,Maharashtra,CR
SHJP,SAHAJIPUR HALT,26.096303,81.864192,,
SHK,SHEIKPURA,25.132088,85.854024,Bihar,ECR
SHLK,SHOLAKA,27.973644,77.360583,,
SHLU,SHELU,19.062985,73.317386,,
SHM,KOLKATA SHALIMAR,22.555508,88.315615,West Bengal,SER
SHMI,SHIROOR,13.930712,74.593966,Karnataka,KR
SHN,Suchan Kotli,29.515833,75.170322,Haryana,NWR
SHNG,SHIVNAGAR,26.336305,81.882608,,
SHNR,SHADNAGAR,17.064646,78.213273,,
SHNX,SHEO SINGH PURA,26.913378,75.567278,,
SHR,SIHORA ROAD,23.467136,80.110265,Madhya Pradesh,WCR
SHRD,SAIJ SERTHA RD,23.2126,72.520002,Gujarat,WR
SHRM,SHARMA,27.603853,80.003288,,
SHSK,SAHARSRAKUND,19.402665,78.007953,Maharashtra,SCR
SHT,SAHARI HALT,25.475693,85.727767,,
SHTS,Sambhal Hatim Sarai,28.596912,78.568241,Uttar Pradesh,NR
SHTT,Silghat Town,26.608902,92.929931,Assam,NFR
SHU,SHOLINGHUR,13.013974,79.484589,,
SHV,SHIVANI,13.81114,76.058236,Karnataka,SWR
SHW,SAMHON,26.734186,79.320694,,
SHWL,SAHUWALA,29.355217,73.812967,,
SHX,SHUKHARULLAPUR,27.44826,79.471943,,
SHYP,Sakarayapatna,13.430424,75.928477,,
SHZ,Summer Hill,31.107469,77.138165,Himachal Pradesh,NR
SI,SONALLI,25.604754,87.717639,,
SIA,SHIVLANKHA,23.380465,70.620232,,
SIC,SONIK,26.586191,80.559833,,
SICY,SHAHEED ISHWAR CHOWDHARY HALT,24.807414,85.01491,,
SID,SIDDHPUR,23.918067,72.367959,Gujarat,WR
SIE,SIDDAMPALLI,13.160645,79.137135,,
SIF,SIRLI,19.508782,77.212225,Maharashtra,SCR
SIHO,SIHO,26.00841,85.50594,,
SII,SITIMANI,16.31992,75.865598,Karnataka,SWR
SIKD,SIKRODA KWANRI,26.569564,77.962853,,
SIKR,Sikar Junction,27.616275,75.153378,Rajasthan,NWR
SIL,SAKHI GOPAL,19.942882,85.816074,,
SILO,Silao,25.078599,85.434638,Bihar,ECR
SIM,SHRI AMIRGADH,24.405948,72.643675,Rajasthan,NWR
SIN,MUMBAI SION,19.047725,72.864262,,
SINI,SINI JN,22.78946,85.947026,,
SINR,Sinor,21.911344,73.336129,Gujarat,WR
SIOB,SAMAKHIALI JN,23.309819,70.503394,,
SIP,SURAIMANPUR,25.80918,84.480022,,
SIPA,Singhookharia,22.498243,85.795126,Jharkhand,SER
SIPR,SIHAPAR,26.757903,83.164872,,
SIQ,SARKONI,25.643114,82.75212,,
SIR,SIRHIND JN,30.624222,76.383194,,
SIRA,Sirhi Itara,26.367008,80.215235,Uttar Pradesh,NCR
SIRD,Sird,27.554421,72.596405,Rajasthan,?
SIRL,Shirala,21.123836,77.726017,,
SISM,Singuli Shyam,25.186362,75.004442,,
SISN,SISAUNA,29.216155,78.280549,,
SIU,Singur,22.814558,88.228712,West Bengal,ER
SIVN,SIVNAR HALT,25.40468,85.880824,,
SIW,SHIRRAVDE,17.360683,74.157355,Maharashtra,CR
SIY,Sirry,20.990441,81.731233,Chhattisgarh,SECR
SJA,SIJUA,23.790156,86.329728,,
SJDA,SANJUJE DA AREY,15.437494,75.596254,Goa,SWR
SJDR,SRI JHADESHWAR,20.596534,86.019256,,
SJER,SANJARPUR,26.017332,82.972179,,
SJF,SAJANVAR ROAD,21.07527,71.608408,Gujarat,WR
SJGH,SARAI JAGDISH,25.30009,82.365134,Uttar Pradesh,NER
SJGM,SANJAY GRAM,25.706241,87.890377,,
SJJ,Sanjha,25.065832,87.000851,Bihar,ER
SJKL,SURJA KAMAL,25.935932,87.849258,,
SJL,SANGAM JAGARLAMUDI,16.246589,80.570521,Andhra Pradesh,SCR
SJM,Sajuma,29.726968,76.296444,Andhra Pradesh,NR
SJN,SANJAN,20.19165,72.820594,Gujarat,WR
SJNP,SUJANPUR,32.31198,75.613465,Punjab,NR
SJP,SHUJALPUR,23.381236,76.723475,,
SJPA,Sujalpur,21.763167,87.657497,West Bengal,?
SJPM,SUJATA PURAM HALT,12.140253,76.675521,Karnataka,SWR
SJPR,Surjyapur,22.293128,88.466557,West Bengal,ER
SJQ,SURAJPUR ROAD,23.289233,82.880146,Chhattisgarh,SECR
SJRR,SAJHERPAR,26.422445,89.352274,,
SJS,SHAMLAJI ROAD,23.621619,73.335655,Gujarat,NWR
SJSM,Salemgarhmasani,29.550109,74.462386,Rajasthan,NWR
SJT,SHUJAATPUR,25.605607,81.401934,,
SJV,Sanjhauli Halt,25.143892,84.191034,Bihar,ECR
SJVP,SANJEEVAIAH PARK,17.435951,78.475688,,
SK,SAKHUN,26.738079,75.091189,Rajasthan,NWR
SKA,SIKANDRA RAO,27.684086,78.387573,,
SKAP,SK Para,23.971989,91.94712,Tripura,NFR
SKAR,SAKARIYA,24.607481,80.90078,,
SKB,SHIKOHABAD JN,27.085686,78.574955,,
SKBN,SILAKHEDI,23.093053,76.057298,,
SKBR,SHANKARPUR BHADAURA,24.083218,81.931447,Madhya Pradesh,WCR
SKDM,SIKRODA MINA,26.722854,77.002212,,
SKEN,Sukhshena,25.790577,87.111962,,?
SKF,SAKHOTI TANDA,29.192626,77.718049,Uttar Pradesh,NR
SKG,SAKTIGARH,23.205879,87.971782,,
SKGH,SAKTESGARH,24.999741,82.821887,Uttar Pradesh,NCR
SKHK,Sukhasan Kothi,25.841387,87.152101,Bihar,ECR
SKHR,SIKHERA MB HALT,28.756715,77.94997,,
SKI,SAKRI JN,26.208947,86.078137,,
SKJ,SAHIBPUR KAMAL JN,25.427037,86.400129,Bihar,ECR
SKK,SIKKAL,10.753121,79.790691,Tamil Nadu,SR
SKL,SINGAPERUMAL KOIL,12.76246,80.001059,,
SKLI,Sukli,21.677859,79.683653,,
SKLP,SHANKARPUR,27.447221,81.014405,,
SKLR,Sakleshpur,12.945368,75.778745,Karnataka,SWR
SKM,SINGARAYAKONDA,15.253118,80.027126,,
SKN,SRIKRISHNA NAGAR,25.88403,82.447803,,
SKND,Sukinda Road,20.971268,86.05375,Orissa,ECoR
SKNR,Shakar Nagar,18.659388,77.905991,Andhra Pradesh,SCR
SKP,SHANKARPALLI,17.450825,78.131116,,
SKPA,SHRIKALYANPURA,25.189878,76.094182,,
SKPI,SIKARPAI,19.3919,83.320103,,
SKPR,Sikarpur Halt,21.984896,78.946006,,
SKPT,SOMANAYAKKANPTI,12.574922,78.542452,,
SKQ,SIKANDARPUR,28.247759,77.783931,,
SKR,SAKHPUR,21.748997,69.833241,Gujarat,WR
SKRI,SIKARIA,25.563329,84.347686,,
SKS,SALEKASA,21.30163,80.493224,,
SKSO,Sikosa,20.868216,81.285568,Chhattisgarh,SECR
SKT,SAKTI,22.011785,82.956526,,
SKTN,Shakti Nagar,24.122899,82.704734,Uttar Pradesh,ECR
SKU,Sikroda,26.336915,77.732363,Madhya Pradesh,NCR
SKVL,SANKVAL,15.370791,73.867713,Goa,SWR
SKW,Sheikhupur,28.003862,79.10473,Uttar Pradesh,NER
SKX,SARKARA,29.166922,79.083308,Uttarakhand,NER
SKY,Shikara,22.798847,79.858161,Madhya Pradesh,SECR
SKZR,SIRPUR KAGAZNAGAR,19.345659,79.489201,,
SL,SURATHKAL,12.989191,74.806177,Karnataka,KR
SLB,SALBONI,22.640971,87.321899,West Bengal,SER
SLBN,SALAI BANWA,24.421213,83.008895,,
SLBS,SALSALA BARI,26.486647,89.594991,,
SLD,SAKALDIHA,25.331472,83.289193,,
SLF,SILLI,23.351563,85.828129,,
SLG,SIMLAGARH,23.095679,88.231213,,
SLGE,SULERJAVALGE,17.45892,75.974841,Karnataka,SWR
SLGH,SHELGOAN H,19.080131,77.588391,Maharashtra,SCR
SLGM,SANKARALINGAPRM,9.524914,77.88414,,
SLGR,SIMALUGURI JN,26.917281,94.756816,Assam,NFR
SLH,SILIARI,21.426336,81.755534,,
SLHA,SALHANA,23.820462,80.656721,Madhya Pradesh,WCR
SLHI,Shilhauri Halt,25.953021,84.833749,,
SLHP,SULAH HIMACHAL PRADESH,32.070953,76.475805,Himachal Pradesh,NR
SLI,SANGLI,16.858669,74.588939,Maharashtra,CR
SLJ,SAKRIGALI JN,25.243359,87.715967,,
SLJR,SALGA JHARI,22.75832,86.228747,,
SLKN,SANDAL KALAN,29.063432,77.012589,,
SLKR,SALKAROAD,22.36745,82.010606,,
SLKX,SALAKATI,26.44577,90.357339,,
SLM,Somalapuram,14.914015,76.868856,Andhra Pradesh,SWR
SLME,SALEM EAST,11.662932,78.178121,,
SLN,SULTANPUR,26.263027,82.066106,,
SLNA,SALAUNA,25.603476,86.260279,,
SLO,SAMALKOT JN,17.044827,82.168724,,
SLON,Salona,26.503913,92.990043,Assam,NFR
SLOR,SELOO ROAD,20.77665,78.714909,,
SLP,SALPA,17.963071,74.171788,Maharashtra,CR
SLPM,Shivalingapuram,18.196655,83.066187,Andhra Pradesh,ECoR
SLPR,Silpaprabesh,22.058566,88.106545,,
SLQ,Salona Assam,26.448981,92.961877,,
SLR,Salogra,30.934311,77.130516,Himachal Pradesh,NR
SLRA,SARALA,21.511822,84.017534,,
SLRD,SURLA ROAD,19.177016,84.719145,,
SLRP,SALARPUR,26.752552,82.013173,,
SLRW,SHELARWADI,18.70094,73.705901,,
SLS,SALANPUR,23.760355,86.876395,,
SLT,SILAUT,26.048926,85.443378,,
SLTH,SILLAKKUDI,11.095633,79.036862,,
SLU,SASALU,14.226683,76.108388,Karnataka,SWR
SLV,SANDALPUR,26.113488,78.196395,,
SLW,SOHWAL,26.753048,81.983837,,
SLWR,SILAWAR,29.505405,77.345001,Uttar Pradesh,NR
SLX,SELENG HAT,26.783438,94.482763,Assam,NFR
SLY,SAMALPATTI,12.311594,78.484032,,
SLZ,SOLARI,19.800255,85.247786,,
SM,SAMSI,25.276197,88.009757,,
SMAE,SAMUDRAGARH,23.335767,88.324967,West Bengal,ER
SMBH,SALIM PUR BIHAR,25.473618,85.445772,,
SMBJ,SHRI MAHABIRJI,26.684155,76.967664,Rajasthan,WCR
SMBL,SIMBHOOLI,28.765191,77.983472,,
SMBX,SAMBA,32.528358,75.120256,Jammu and Kashmir,NR
SMC,Samnapur,21.94191,80.156413,Madhya Pradesh,SECR
SMCK,SHYAM CHAK,22.363451,87.500479,,
SMDC,SAWAI MADHOPUR D CABIN,26.0356,76.375851,,
SMDM,SAMUDRAM,10.652687,78.493545,,
SMDP,SHAHABAD MOHAMADPUR,28.560927,77.071838,Delhi NCT,NR
SMDT,Semmandappatti,11.795555,78.026057,Tamil Nadu,SWR
SME,Shimoga,13.927613,75.592671,Karnataka,SWR
SMET,Shimoga Town,13.943037,75.583174,Karnataka,SWR
SMF,SAMAR GOPALPUR,28.960889,76.518645,Haryana,NR
SMGR,Samaguri,26.416263,92.849833,Assam,NFR
SMH,SIMRAHA,26.194436,87.321358,,
SMI,SITAMARHI JN,26.594374,85.504707,,
SMK,SAMALKHA,29.240172,77.003034,,
SMKR,Sham Kauria,26.035816,84.833036,Bihar,NER
SMKT,Somankatti,15.766716,75.632594,Karnataka,SWR
SML,Shimla,31.102794,77.159932,Himachal Pradesh,NR
SMLA,SAMLAYA JN,22.483966,73.302104,,
SMLG,Shimiliaguda,18.30364,82.957105,Andhra Pradesh,ECoR
SMLT,SAMLOTI,32.098872,76.360945,Himachal Pradesh,NR
SMM,SALIYAMANGALAM,10.77933,79.275262,Tamil Nadu,SR
SMND,SARMATANR,24.344874,85.655504,,
SMNE,SOMTANE,18.952233,73.145524,Maharashtra,CR
SMNH,SOMNATH,20.896132,70.408254,Gujarat,WR
SMNN,Shri Makri Nath Nagar,28.179884,74.824623,Rajasthan,NWR
SMO,SEMAPUR,25.524483,87.470441,,
SMP,SHAMBHUPURA,24.771439,74.641918,Rajasthan,WR
SMPA,Shampura,25.222941,75.233108,Rajasthan,WCR
SMPC,Shambhupura C Cabin,24.792781,74.638449,,
SMPR,Shri Madhopur,27.457628,75.598294,Rajasthan,NWR
SMQL,SHAMLI,29.444597,77.316231,Uttar Pradesh,NR
SMR,SAMDHARI JN,25.837202,72.573007,Rajasthan,NWR
SMRL,SAMRALA,30.824281,76.182455,,
SMRR,SUMRERI,24.006945,78.399411,,
SMSR,Samaswara,22.048501,79.334804,Madhya Pradesh,SECR
SMT,SALAMATPUR,23.461639,77.67275,,
SMTA,SAMUKTALA ROAD,26.483337,89.634684,,
SMTG,Saheed Matangini,22.301974,87.908115,West Bengal,SER
SMTL,SIMARIATAL,25.921996,78.30426,,
SMU,SAMBHU,30.429027,76.684144,,
SMV,Sumaoli,26.372989,77.915462,Madhya Pradesh,NCR
SMWA,SOMESHWARA,13.55657,77.513961,,
SMX,Simurali,23.041337,88.510164,West Bengal,ER
SMZ,SARAI MIR,26.028142,82.923954,,
SN,Sukna,26.790887,88.363493,West Bengal,NFR
SNA,Sadanapura,22.602488,73.012475,Gujarat,WR
SNAP,SONA ARJUNPUR,29.758281,77.452528,Uttar Pradesh,NR
SNAR,Srinagar Rajasthan,25.364047,75.569091,Rajasthan,WCR
SNB,Satnaur Badesron,31.257426,76.110741,Punjab,NR
SNBR,SONUABARY,26.172784,92.310137,,
SNC,S NARAYAN CHPLA,26.981002,82.396166,,
SNCA,SONACHARA,25.984617,91.143131,,
SND,SONDIMRA,23.476937,85.782436,,
SNDD,SINDHUDURG,16.111322,73.67934,Maharashtra,KR
SNDI,SENDURAI,11.256462,79.168778,,
SNDT,Sindri Town,23.660992,86.479883,Jharkhand,?
SNDY,SANDAI,28.572634,79.990982,Uttar Pradesh,NER
SNE,SHENOLI,17.200729,74.252881,Maharashtra,CR
SNF,SANAT NAGAR,17.461607,78.435947,,
SNGN,SANGANER,26.814113,75.772245,,
SNGP,SINGHPUR,23.253961,81.407507,,
SNGR,SANGANAPUR,19.188596,76.7364,Maharashtra,SCR
SNH,SAUNSHI,15.206786,75.295781,Karnataka,SWR
SNHR,SANKHAI,23.796393,72.177296,Gujarat,WR
SNI,SINDI,20.816446,78.883342,,
SNIE,SATH NARAINI,25.795325,81.03942,,
SNJL,SANJALI,21.575809,72.988613,,
SNK,SINDKHEDA,21.234022,74.735367,,
SNKB,SONKHAMB,21.274259,78.725612,,
SNKE,SUNEHTI KHARKHARI,29.913102,77.683524,,
SNKG,SANKARAGUMMANUR HALT,15.167166,77.235523,Andhra Pradesh,SCR
SNKL,SANKARANKOVIL,9.176539,77.525924,,
SNKR,Sanka,23.52693,86.616164,West Bengal,SER
SNKX,Sankra,20.747436,81.591856,,SECR
SNL,SANAHWAL,30.837436,75.9795,,
SNLR,SANTALPUR,23.759161,71.181545,Gujarat,WR
SNM,SITANAGARAM,18.672547,83.375524,,
SNMR,Soniyana Mewar,25.080389,73.971244,,
SNMY,Sindri Marshalling Yard,23.667035,86.466176,Jharkhand,ECR
SNN,SONEGAON,20.629319,78.709706,,
SNO,SOMANUR,11.087247,77.18638,,
SNP,SONIPAT,28.989423,77.017343,,
SNPH,SHANKAPUR HALT,18.066119,78.402104,,
SNPR,SINGARPUR,27.116202,77.723707,Rajasthan,NCR
SNQ,SANKARPUR,24.427623,86.637552,,
SNR,SHYAMNAGAR,22.828781,88.380423,,
SNRA,SANWARA,25.845461,83.910076,,
SNRD,MUMBAI SANDHURST ROAD,18.962311,72.839733,Maharashtra,CR
SNRL,SANSARTALI,19.529222,83.479773,,
SNRR,SANSARPUR,23.67897,80.347307,Madhya Pradesh,WCR
SNS,SASNI,27.704264,78.12246,,
SNSI,SAINAGAR SHIRDI,19.780792,74.480688,Maharashtra,CR
SNSL,SONSHELU,21.274379,74.662256,,
SNSN,SONASAN,23.491604,72.895784,Gujarat,WR
SNT,SAINTHIA,23.949741,87.681205,,
SNTD,Santaldih,23.596661,86.483123,West Bengal,SER
SNTH,Sonthaliya,27.400358,75.531666,Rajasthan,NWR
SNTN,Santinagar Halt,23.292974,88.637755,,
SNU,Sangrampur,22.224929,88.32876,West Bengal,ER
SNV,Sondad,21.079845,80.094149,Maharashtra,SECR
SNVR,SANVATSAR,19.883278,74.560584,,
SNX,SANEH ROAD,29.689652,78.449403,Uttar Pradesh,NR
SNYN,SONIYANA,25.123246,74.62566,Rajasthan,NWR
SNZ,Sherganj,28.380489,79.804862,Uttar Pradesh,NER
SOA,SANOSRA,21.74811,71.789479,Gujarat,WR
SOAE,SOMRA BAZAR,23.13916,88.433032,West Bengal,ER
SOD,SOJAT ROAD,25.862203,73.755672,Rajasthan,NWR
SOE,Sheopur Kalan,25.675538,76.700386,Madhya Pradesh,NCR
SOG,SURATGARH JN,29.324152,73.907248,Rajasthan,NWR
SOGR,SOGRA,22.153756,84.459478,,
SOH,SIROHI ROAD,24.791042,73.039834,Rajasthan,NWR
SOHL,Sohal,31.974211,75.348341,Punjab,NR
SOI,Sonaripur,28.474641,80.727422,Uttar Pradesh,NER
SOJ,SAROJINI NAGAR,28.58121,77.196287,Delhi NCT,NR
SOJN,SIHOR GUJARAT,21.724798,71.957197,Gujarat,WR
SOL,Solan,30.907937,77.097531,Himachal Pradesh,NR
SOLA,SOVABAZAR-AHIRI,22.597664,88.354938,,
SOM,SOMNA,28.052674,77.948193,,
SONH,Seonan Halt,25.285709,85.01186,,?
SONI,SONI,26.527305,78.555226,Madhya Pradesh,NCR
SONR,Saoner Junction,21.387489,78.925046,Maharashtra,SECR
SONW,SONWARSA HALT,25.0436,85.669157,,?
SOP,SHIUPUR,25.355419,82.946972,,
SOPR,SONMA PRANPUR(H,25.631436,86.226371,,
SOQ,SOMPUR ROAD,15.421499,75.87207,Karnataka,SWR
SOR,SONAGIR,25.730668,78.409099,,
SORI,SORAI,23.551699,77.848219,,
SORO,SORO,21.291084,86.692539,,
SOS,SOMESAR,25.520226,73.450999,Rajasthan,NWR
SOT,Shohratgarh,27.374711,82.969293,Uttar Pradesh,NER
SOU,Supaul,26.117557,86.603023,Bihar,ECR
SOW,Suhsarai,25.273946,85.530032,Bihar,ECR
SOY,Sukrimangela,22.90699,79.834297,Madhya Pradesh,SECR
SP,SAIDAPET,13.02415,80.224183,,
SPAM,SENJI PANAMBAKKAM,13.093945,79.83276,,
SPB,Sonekpur Halt,28.630277,78.693142,Uttar Pradesh,NR
SPBG,Sipra Bridge,23.173483,75.757499,,
SPC,SITAPUR CITY,27.583612,80.679695,,
SPD,SUPEDI,21.758514,70.376396,Gujarat,WR
SPDM,SINGHPUR DUMRA,25.065781,79.896495,Madhya Pradesh,NCR
SPDR,SHEOPRASADNAGER,23.303628,82.789857,Chhattisgarh,SECR
SPE,SULLURUPETA,13.696463,80.018161,,
SPF,STUARTPURAM,15.868003,80.406913,,
SPGL,Sarai Gopal,25.548656,81.822277,Uttar Pradesh,NR
SPGN,SRIPURIA GAON,27.465913,95.351529,,
SPGR,SAMPIGE ROAD,13.270203,76.760983,Karnataka,SWR
SPHL,SHAMPURHALLI,16.87535,77.03309,,
SPJ,SAMASTIPUR JN,25.858304,85.78736,,
SPK,SAPEKHATI,27.110416,95.160918,Assam,NFR
SPL,SUNDARAPERUMAL KOVIL,10.941722,79.30063,Tamil Nadu,SR
SPLE,SUJNIPARA,24.571584,88.036797,West Bengal,ER
SPN,SHAHJEHANPUR,27.894224,79.904605,,
SPO,SURPURA,27.706677,73.442249,,
SPP,SHAHPUR PATOREE,25.639426,85.5813,Bihar,ECR
SPPA,SHERPUR DHIPURA,25.59994,85.848162,,
SPPR,SHUDNIPUR,25.626255,82.640498,Uttar Pradesh,NR
SPQ,SORUPETA,26.499689,91.076059,,
SPR,Sonarpur Junction,22.443359,88.429773,West Bengal,ER
SPRA,Sillipur,26.081657,77.031581,Rajasthan,NCR
SPRD,SINGAPURAM ROAD,19.258673,83.403066,,
SPRM,Sitapuram Halt,18.814443,83.982854,Orissa,ECoR
SPRN,SALEMPUR HALT,26.306378,86.081676,,
SPSR,SARPESWAR PH,20.482906,85.744973,,
SPT,SOMPETA,18.981297,84.5815,,
SPV,Sivapur,13.647065,75.939298,Karnataka,SWR
SPX,SAPATGRAM,26.334709,90.109558,Assam,NFR
SPY,Sarsonpuri,20.780632,81.638003,Chhattisgarh,SECR
SPYA,Sipaya,26.564981,84.326498,,
SPZ,SAMPLA,28.781933,76.773299,Haryana,NR
SQD,SATTIRAKKUDI,9.400229,78.704868,Tamil Nadu,SR
SQE,SAMRLA,18.921849,77.793105,Maharashtra,SCR
SQF,SUKRITIPUR,24.913078,92.582849,Assam,NFR
SQJ,Saila Khurd,31.292874,76.077706,Punjab,NR
SQK,Shankar,28.560828,77.140254,Punjab,NR
SQL,SONTALAI,22.613018,77.949775,Madhya Pradesh,WCR
SQN,SARAI KANSRAI,25.516633,82.345198,,
SQQ,SALAGAON,20.56434,85.957487,,
SQR,SULTANPUR LODI,31.211713,75.203016,Punjab,NR
SQS,SIGSIGI,24.260567,83.853323,,
SQW,Sidhwalia,26.333838,84.666995,Bihar,NER
SQZ,VANCHANGIRI,17.951283,79.667153,,
SR,SABLI ROAD,23.034807,71.952643,Gujarat,WR
SRA,SEMRA,26.711947,84.813698,Bihar,ECR
SRAS,SIRAS,26.257114,76.001081,,
SRB,SAROBAG,25.273371,86.476555,,
SRBA,Saragbundia,22.212297,82.732324,Chhattisgarh,SECR
SRBG,Sarobag,25.272851,86.476035,,
SRBR,SURBARI,23.231063,70.696477,,
SRC,SANTRAGACHI JN,22.58393,88.284011,,
SRDH,SARSADH,29.184058,76.731812,,
SRDR,Sardarshahr,28.439591,74.479058,Rajasthan,NWR
SRDW,SHRIMAD DWARAKAPURI,27.364691,79.569638,Uttar Pradesh,NCR
SRE,SAHARANPUR,29.960529,77.541739,,
SRF,Sagar Jambagaru,14.142728,75.154712,Karnataka,SWR
SRGH,Surajgarh,28.301684,75.7343,Rajasthan,NWR
SRGM,SRIRANGAM,10.857918,78.696348,,
SRGP,SARAGIPALLI,20.98404,84.565386,,
SRGT,SURENDRANAGAR GATE,22.734565,71.636053,Gujarat,WR
SRI,SALMARI,25.615672,87.837513,,
SRID,SHRIDHAM,23.033843,79.484397,Madhya Pradesh,WCR
SRJ,SHANKARGARH,25.181301,81.619032,Madhya Pradesh,NCR
SRJK,Suraj Kunda,26.142698,81.202919,,
SRJM,SIRJAM,23.403864,86.835097,West Bengal,SER
SRJN,Sirajnagar Halt,23.818591,88.27076,West Bengal,ER
SRK,SAMRAU,26.8662,72.721146,Rajasthan,NWR
SRKI,SEMARKHERI,24.288941,78.177733,,
SRKN,Sherekan,29.555198,74.434991,Rajasthan,NWR
SRKR,Salar Khurd,26.447388,84.273451,,
SRKT,SARKANTRA,20.228282,85.796231,,
SRL,SAROLA,18.947656,74.648295,,
SRM,Sarna,32.252678,75.578528,Punjab,NR
SRMN,Semraon,25.395161,84.527042,Bihar,ECR
SRMP,Sirsi Mukhdumpr,28.633209,78.635169,Uttar Pradesh,NR
SRMR,SRIRAMPURAM,17.117262,79.212405,,
SRMT,Sirmuttra,26.518904,77.375168,Rajasthan,NCR
SRN,Soron,27.883694,78.748798,Uttar Pradesh,NER
SRNK,Soron,27.883354,78.748458,Uttar Pradesh,NER
SRNR,SRIRAMNAGAR,16.306568,77.865894,,
SRNT,SARNATH,25.375998,83.032634,Uttar Pradesh,NER
SRO,SIRATHU,25.650642,81.31786,,
SRP,SERAMPORE,22.753968,88.338031,,
SRPB,SRIRAMPUR ASSAM,26.426915,89.903915,,
SRPJ,SWARUPGANJ,24.65817,72.931926,Rajasthan,NWR
SRPM,SIRIPURAM,16.412603,80.295123,,
SRPR,SARUPSAR JN,29.353194,73.694891,Rajasthan,NWR
SRPU,SRIPUR HALT,25.257076,88.044017,,
SRR,SHORANUR JN,10.758855,76.272196,,
SRRB,SHORANUR B CABIN,10.759868,76.271,,
SRRG,SURERGOTH,27.18282,76.605353,Rajasthan,NWR
SRSI,Sarsi,25.863316,87.285218,Bihar,ECR
SRSL,Sirsala,28.426675,75.129488,Rajasthan,NWR
SRSO,Sarsoo,24.919782,85.353683,,
SRT,SATUR,9.357545,77.92157,Tamil Nadu,SR
SRTE,Soorothee,26.657818,77.702774,Rajasthan,NCR
SRTL,SHERTALAI,9.690992,76.325151,,
SRTN,SIBSAGAR TOWN,26.989968,94.643517,Assam,NFR
SRU,SALEMPUR JN,26.298048,83.923271,Uttar Pradesh,NER
SRUR,SIRPUR TOWN,19.479063,79.560418,,
SRVN,Sravanur,12.743443,76.355604,Karnataka,SWR
SRVT,SIRUVATTUR,11.636294,78.943922,,
SRVX,SURAVALI,15.291947,73.939328,Goa,KR
SRW,Shri Karanpur,29.844419,73.458716,Rajasthan,NWR
SRWN,SARASWATINAGAR,21.251382,81.603905,,
SRX,SURA NUSSI,31.380553,75.541964,,
SRY,SIRARI,25.132853,85.952587,Bihar,ECR
SRZ,SARDARGARH,29.364244,73.740791,Rajasthan,NWR
SS,SHIRSOLI,20.932994,75.507613,,
SSA,Sirsa,29.539153,75.034944,Haryana,NWR
SSB,SHAKURBASTI,28.680227,77.129912,Delhi NCT,NR
SSC,Shahi,28.588173,79.691003,Uttar Pradesh,NER
SSD,SHAMSABAD,27.469912,79.438167,,
SSF,Sirsuphal,18.306268,74.572957,Maharashtra,CR
SSG,SHIU SAGAR ROAD,24.999465,83.895453,,
SSGJ,SURSARAIGHAT JH,24.023428,82.124918,Madhya Pradesh,WCR
SSGR,Sisai Gulabrai,26.282385,83.776865,,
SSI,Shirsai,18.314696,74.578044,Maharashtra,CR
SSIA,SUISA,23.196775,85.909013,,
SSKA,SISARKA,28.431279,78.846279,Uttar Pradesh,NR
SSKL,Suskal,22.316377,73.806077,Gujarat,?
SSL,SIRSAUL,26.297301,80.462852,,
SSM,SASARAM,24.955926,84.019423,,
SSN,SASON,21.559535,84.03917,,
SSNH,SREE SARADANAGAR HALT,13.260739,76.454627,Karnataka,SWR
SSNR,Satsang Nagar Halt,24.490307,86.681681,Jharkhand,ER
SSNS,SHAHEED S N SINGH HALT,26.20102,86.042897,,
SSP,Santoshpur,22.524414,88.272502,West Bengal,ER
SSPD,Sadashivapet Road,17.483565,77.87282,Andhra Pradesh,SCR
SSPH,Satish Samanta P.H.,22.194485,87.987567,West Bengal,?
SSPN,SATYA SAI P NILAYAM,14.160468,77.757559,,
SSPR,SADASHIBAPUR,20.735286,85.504693,,
SSR,SARERI,25.697556,74.624105,Rajasthan,NWR
SSRD,Shasan Road,22.34654,88.434523,West Bengal,ER
SSRH,SHASAN HALT,25.685978,86.197042,,
SSU,Sasa Musa,26.527558,84.357082,,
SSV,SASVAD ROAD,18.473202,73.954646,Maharashtra,CR
SSW,SARSAWA,30.024226,77.42396,,
SSZ,SADDA SINGHWALA,30.028256,75.324796,Punjab,NR
ST,SURAT,21.206568,72.840793,,
STA,SATNA,24.568619,80.827717,Madhya Pradesh,WCR
STB,Shantipur,23.262661,88.435028,West Bengal,ER
STBJ,Sitabanji,21.500203,85.79053,Orissa,ECoR
STC,SANTA CRUZ,19.082018,72.841339,Maharashtra,WR
STD,Satrod,29.108936,75.82118,Haryana,NWR
STDB,SITAFALMANDI B,17.428299,78.520249,,
STDR,Satadhar,21.283916,70.721182,Gujarat,WR
STE,Sagarkatte,12.423382,76.478877,Karnataka,SWR
STF,Sikta,27.024365,84.680541,Bihar,ECR
STH,Sethal,28.543189,79.567366,Uttar Pradesh,NER
STJT,SATHAJAGAT,25.631007,85.867789,,
STKT,SASTHANKOTTA,9.03231,76.598883,,
STKW,Sultanpur Kalia,28.460518,76.869264,,
STL,SIMULTALA,24.713365,86.541782,,
STLB,Sitalpur Bengal,21.774098,87.672822,,
STLI,SITHOULI,26.145594,78.187004,,
STLR,SITALPUR,25.76874,85.036638,,
STM,ST THOMAS MOUNT,12.994906,80.199392,,
STN,SITARAMPUR,23.723864,86.896472,,
STNC,Sitarampur Link Cabin,23.745854,86.885648,,
STNL,Satnali,28.382338,75.966232,Haryana,NWR
STNR,Sitalnagar,28.04419,74.245042,,
STP,SITAPUR,27.558728,80.697762,Uttar Pradesh,NER
STPD,SITAFAL MANDI,17.428339,78.520289,,
STPM,S NARAYANAPURAM,16.525488,80.647908,Andhra Pradesh,SCR
STPT,SITAMPET,16.797409,81.211206,,
STR,SATARA,17.688361,74.063727,Maharashtra,CR
STRK,SITAPUR KUTCHERY HALT,27.564603,80.687163,,
STRM,SITARAMAPURAM,16.474759,79.925502,,
STSN,SHAITAN SINGH NAGAR,27.052218,72.468139,Rajasthan,NWR
STUR,SATULUR,16.254465,80.138811,,
STVA,SATYAVADA,16.799852,81.66986,Andhra Pradesh,SCR
STW,SAHATWAR,25.827831,84.295491,,
STZ,Satraon,26.283587,83.821379,Uttar Pradesh,NER
SUA,SARDIHA,22.380612,87.123645,,
SUBL,HUBLI SOUTH,15.332581,75.17639,,
SUBR,Subhagpur,27.26251,82.017643,Uttar Pradesh,NER
SUC,Sunak,23.604089,73.209986,,
SUCH,SUCHINDRAM,8.149479,77.466792,Tamil Nadu,SR
SUD,SUDHANI,25.727854,87.879489,,
SUDV,SUMMADEVI,18.808897,84.467259,,
SUF,SESAPANI,26.386182,90.225701,,
SUH,SULEHALLI,17.080411,77.052257,,
SUI,Sui,28.899231,76.06143,,
SUIA,SURAINCHA,27.33652,80.830108,Uttar Pradesh,NER
SUJ,SARJU,27.111885,81.648076,,
SUJH,Sujangarh,27.708763,74.463659,Rajasthan,NWR
SUJR,SUJRA,29.012729,77.261341,Uttar Pradesh,NR
SUK,SUKHPUR,23.014848,71.243815,,
SUKU,Suku,18.714329,82.726061,Orissa,ECoR
SUL,SULADHAL,16.001728,74.678143,Karnataka,SWR
SULH,Sulhani,30.871949,74.865129,Punjab,NR
SUM,SUMMIT,20.211751,74.34313,,
SUMR,SUMER,23.624616,77.879427,,
SUNE,Sune,22.753791,71.644706,,
SUNM,SUNAMAI HALT,28.097372,78.220525,Uttar Pradesh,NR
SUNR,SURENDRANAGAR,22.7443,71.630056,Gujarat,WR
SUNW,Surendra Nagar (W) Cabin,22.734875,71.636363,,
SUP,Srungavarapukota,18.116239,83.132531,Andhra Pradesh,ECoR
SUPR,Surajpur,30.782451,76.888897,,
SUR,SOLAPUR JN,17.664496,75.893401,,
SURI,SIURI,23.890185,87.5327,West Bengal,ER
SURL,SURELI,26.118939,76.077102,,
SURP,Suratpura,28.661958,75.406758,Rajasthan,NWR
SUT,SUTLANA,25.970783,72.951414,Rajasthan,NWR
SUU,SULUR ROAD,11.049634,77.11729,,
SUW,SUKHISEWANIYAN,23.34076,77.485966,,
SUX,SUDIYUR,9.602939,78.482345,Tamil Nadu,SR
SV,SIWAN JN,26.210724,84.359267,,
SVA,SUWASRA,24.069844,75.648344,,
SVB,Savni,20.994517,70.471495,Gujarat,WR
SVC,Siwan Kachari,26.226705,84.348717,Bihar,NER
SVD,SARWARI,19.764637,75.939699,Maharashtra,SCR
SVDC,Sivadevunichkla,16.535629,81.658944,Andhra Pradesh,SCR
SVDK,S M V D KATRA,32.982814,74.935736,,
SVF,SRI VENKATAPERU,13.511599,79.514324,,
SVG,SAWALGI,17.33949,76.711137,,
SVGA,Sivaganga,9.85297,78.499069,Tamil Nadu,SR
SVGL,Shrivagilu,12.755498,75.584174,,
SVH,Sonadanga,23.636393,88.354092,West Bengal,ER
SVHE,SISVINHALLI,15.430036,75.319362,Karnataka,SWR
SVI,SAGARPALI,25.758015,84.098657,,
SVJR,SHIVAJINAGAR,18.531738,73.851147,,
SVK,SIVARAKOTTAI,9.738428,77.986107,,
SVKD,SAVAR KUNDLA,21.335082,71.312667,Gujarat,WR
SVKS,SIVAKASI,9.463321,77.789244,,
SVL,Sevaliya,22.807897,73.344328,Gujarat,WR
SVM,SANVERDAM CHUCH,15.264064,74.10866,Goa,SWR
SVN,SIVUNGAON,19.108653,77.54447,Maharashtra,SCR
SVNR,SAVANUR,14.961709,75.406319,Karnataka,SWR
SVO,Sanvrad,27.521887,74.518574,Rajasthan,NWR
SVPI,SHIVPURI,25.438444,77.638246,Madhya Pradesh,WCR
SVPM,S VENKTESWRPALM,14.806671,79.982262,,
SVPR,SRIVILLIPUTTUR,9.497497,77.64494,,
SVQ,SIVOK,26.880144,88.468742,West Bengal,NFR
SVR,SEVVAPET ROAD,13.124997,79.966688,,
SVRP,SHIVANARAYANPUR,25.293726,87.333094,,
SVS,Srinivaspur,13.328283,78.206169,,
SVT,SHIVPURA,23.256351,76.007638,,
SVTN,SHIVATHAN,15.477666,74.518905,,
SVUR,SEVUR,12.971785,79.189821,,
SVV,Srivaikuntam,8.622476,77.906323,Tamil Nadu,SR
SVW,SHIVNI SHIVAPUR,20.674328,77.048971,Maharashtra,SCR
SVX,SAVARDA,17.405007,73.515528,Maharashtra,KR
SVZ,SARAI HARKHU,25.835891,82.506309,,
SW,SEHRAMAU,28.360763,80.296582,Uttar Pradesh,NER
SWA,SAHJANWA,26.763075,83.2147,,
SWAR,SEWAR,27.177901,77.425499,Rajasthan,WCR
SWC,SHIVRAMPUR,25.219375,80.826783,Uttar Pradesh,NCR
SWD,Sanawad,22.17581,76.074567,Madhya Pradesh,WR
SWDE,SIWAHA,29.340294,76.456292,Haryana,NR
SWE,SIWAITH,25.577038,81.869261,Uttar Pradesh,NR
SWF,SATHIN ROAD,26.48978,73.509748,,
SWG,Sidhwan,31.095558,75.54695,Punjab,NR
SWI,SWAMIMALAI,10.942234,79.328785,Tamil Nadu,SR
SWM,SAWAI MADHOPUR,26.018279,76.35622,,
SWMD,Sawai Madhopur D,26.023662,76.362376,,
SWNI,Siwani,28.914835,75.604067,Rajasthan,NWR
SWNR,SEWA NAGAR,28.579299,77.227708,Delhi NCT,NR
SWO,Sonwara,30.894075,77.004229,Himachal Pradesh,NR
SWPR,SEWAPURI,25.35077,82.769549,,
SWR,SONUA,22.576498,85.464081,,
SWRT,SAHAWAR TOWN,27.794835,78.831344,,
SWS,SUWANSA,25.698842,82.146562,,
SWT,Shivwala Tehu,27.382935,78.224585,,
SWU,SANAURA,31.579622,75.641326,,
SWV,SAWANTWADI ROAD,15.866512,73.785308,Maharashtra,KR
SWW,Shahanagar Timarua,27.416457,78.25971,Uttar Pradesh,NCR
SWX,Saidanwala,30.917223,74.679664,Punjab,NR
SXA,SAGPHATA,21.574033,76.392141,,
SXB,SAMBRE,15.891068,74.593121,Karnataka,SWR
SXC,Sondalia,22.682186,88.582275,West Bengal,ER
SXD,SIDULI,23.649352,87.212326,,
SXE,SILA KHERI HALT,29.389883,76.612939,Haryana,NR
SXF,SOBHAPUR,22.727429,78.291881,Madhya Pradesh,WCR
SXK,SHAJAHANPURCORT,27.890862,79.913517,,
SXN,SONAKHAN,22.166579,84.519562,,
SXO,SRIKONA,24.837109,92.71008,,
SXP,SANKOPARA,24.717685,87.934452,West Bengal,ER
SXQ,SUAHERI,29.436816,78.190831,,
SXR,SERNDANUR,11.869105,79.518251,Tamil Nadu,SR
SXS,SHOBHASAN,23.542307,72.394212,Gujarat,WR
SXT,SALEM TOWN,11.660046,78.162096,,
SXV,Suku,18.715021,82.726431,,
SXX,SALBARI,26.546061,89.105527,,
SY,SIRKAZHI,11.240305,79.726353,Tamil Nadu,SR
SYA,SALAIA,23.846076,79.969117,,
SYAE,LILUAH (SORTING YARD),22.609028,88.336795,,
SYC,SARAI CHANDI,25.539421,81.979585,Uttar Pradesh,NR
SYE,Sindewahi,20.2955,79.668805,Maharashtra,SECR
SYF,Semai,26.282698,77.516308,Madhya Pradesh,NCR
SYH,SAIYEDPUR BHTRI,25.539724,83.232974,Uttar Pradesh,NER
SYJ,SAIDRAJA,25.253531,83.35118,,
SYK,SAIDKHANPUR,26.89846,81.462176,,
SYL,SALPURA,24.773701,76.733005,Rajasthan,WCR
SYM,SAVALYAPURAM,16.102801,79.81953,,
SYN,SAYAN,21.317203,72.890287,,
SYO,SIROLIYA,23.30556,76.225424,,
SYQ,SINHAN,22.234625,69.729735,Gujarat,WR
SYU,SARAYAN,27.396332,81.042877,,
SYW,SINDURWA,26.492121,81.56944,,
SYWN,SAIYID SARAWAN,25.494982,81.613788,,
SYZ,SONAI,27.570504,77.88736,,
SZ,SALAWAS,26.139957,73.014524,Rajasthan,NWR
SZA,SAROTRA ROAD,24.377144,72.592045,Gujarat,NWR
SZB,SARONA CABIN,21.253272,81.573616,,
SZE,SONARDIH,23.7915,86.265063,,
SZF,SATBAHINI,24.386582,83.84911,,
SZH,Saonga Halt,21.520105,78.871166,Madhya Pradesh,SECR
SZK,SUR KHAND KA KHEDA,24.118095,73.879823,Rajasthan,NWR
SZM,SUBZI MANDI,28.668683,77.199696,,
SZN,Shahbaznagar,27.928906,79.88703,Uttar Pradesh,NER
SZP,Shahjahanpur,27.893402,79.904536,Uttar Pradesh,NER
SZR,SARUPATHAR,26.195595,93.862021,Assam,NFR
SZV,Sivadi,12.039872,78.118844,Tamil Nadu,SWR
SZY,Silak Jhori,18.982188,81.672904,Chhattisgarh,ECoR
SZZ,SABIRA,21.236882,86.629237,,
TA,TANUR,10.97954,75.880597,Kerala,SR
TAA,TADLA PUSAPALLI,17.626313,79.954184,Andhra Pradesh,SCR
TABU,Talaburu,22.358169,85.755942,Jharkhand,SER
TAC,TATICHERLA,14.74835,77.595001,,
TADA,TADA,13.587948,80.035435,,
TAE,TADALI,20.034835,79.187503,,
TAK,Tarakeswar,22.882582,88.013437,West Bengal,ER
TAKL,Takal,21.649222,76.542513,,
TAKU,TAKU,22.51556,77.815809,,
TALA,TALLA,22.606458,88.379563,,
TALL,TALL JN,25.3787,85.954683,,
TAN,TARANA ROAD,23.264582,76.067017,,
TAO,TAMNA,23.268988,86.352313,,
TAP,TAPANG,20.052879,85.580989,,
TAPA,TAPA,30.302839,75.366053,Punjab,NR
TAR,THARSA,21.256602,79.41467,,
TAS,Thasra,22.797769,73.221682,Gujarat,WR
TAT,Tummanamgutta,13.707414,78.379263,Andhra Pradesh,SCR
TATA,TATANAGAR JN,22.768954,86.20056,,
TATI,TATI,22.558382,84.918457,,
TAV,Talala Junction,21.04184,70.522164,Gujarat,WR
TAY,TALAIYUTHU,8.784194,77.729442,Tamil Nadu,SR
TAZ,TARGAON,17.514242,74.155817,Maharashtra,CR
TB,Tharbitia,26.218533,86.657383,Bihar,ECR
TBA,Timba Road,22.781628,73.385859,Gujarat,WR
TBAE,TRIBENI,22.990358,88.398096,West Bengal,ER
TBB,TILBHITA,24.677288,87.842581,,
TBD,Telibandha,21.235642,81.67053,Chhattisgarh,SECR
TBL,TARCHERRA BRLRM,27.205008,77.104134,,
TBM,TAMBARAM,12.926036,80.119157,,
TBMS,TAMBARAM SANATORIUM,12.937978,80.131614,,
TBN,TIMARNI,22.37586,77.2294,Madhya Pradesh,WCR
TBR,Taiabpur,26.392839,88.154497,,
TBT,TALBAHAT,25.039255,78.414552,,
TBTN,THANA BHAWAN TN,29.58113,77.402047,Uttar Pradesh,NR
TBU,THARBAN,19.268289,77.671001,,
TBV,TIMBARVA,21.146312,73.144398,,
TBX,Tilbhum,24.465833,92.245466,Tripura,NFR
TCH,Tiruchchuli,9.537361,78.197532,,
TCL,TYAKAL,12.984096,78.070518,,
TCN,Tiruchendur,8.501774,78.117118,Tamil Nadu,SR
TCNR,TIRUCHANUR,13.6313,79.455703,,
TCR,THRISUR,10.51479,76.207919,,
TDD,TADEPALLIGUDEM,16.809961,81.526314,,
TDH,Tindharia,26.851551,88.332848,West Bengal,NFR
TDK,TADUKU,13.502045,79.526498,,
TDL,TUNDLA JN,27.207747,78.233285,,
TDLE,TILDANGA,24.786749,87.873801,,
TDN,TIRUPARANKNDRM,9.879447,78.065958,,
TDO,TANDA URMAR,31.672179,75.637595,Punjab,NR
TDP,TODARPUR,27.579601,80.020029,,
TDPM,Todikkapulam Halt,11.153244,76.268569,,SR
TDPR,TIRUPADRIPULYUR,11.748883,79.753349,Tamil Nadu,SR
TDR,TIRUVIDAIMARUTHUR,10.990634,79.453706,Tamil Nadu,SR
TDU,TANDUR,17.25044,77.585037,,
TDV,THONDEBHAVI,13.503503,77.514573,,
TDW,TANDWAL,30.23388,76.988712,,
TEA,Taregna,25.35523,85.038113,Bihar,ECR
TEG,TIRBEDIGANJ,26.667533,81.281105,,
TEK,Tekkali Halt,18.605282,84.231178,Andhra Pradesh,ECoR
TEL,TENALI JN,16.242409,80.640413,,
TELI,TELI,11.933094,79.405133,,
TELO,TELO,23.811038,86.133892,,
TELY,Telia,24.805888,87.026246,Bihar,?
TEN,TIRUNELVELI,8.73636,77.707979,Tamil Nadu,SR
TEO,TEEGAON,21.637046,78.460308,,
TEP,Tempa,20.678242,79.605223,Maharashtra,SECR
TER,THAIR,18.352916,76.150037,Maharashtra,CR
TERH,Terha Halt,25.995646,84.849367,,
TET,TETULMARI,23.814441,86.34357,,
TETA,TELTA,25.806579,87.84221,,
TFGN,Tufanganj,26.303308,89.667639,,
TGA,TEGHRA,25.51102,85.941774,,
TGB,Tangarbasuli,23.374032,85.063805,Jharkhand,SER
TGDE,THANGUNDI,16.803814,77.068276,,
TGE,THEKERAGURI,26.199171,92.403859,Assam,NFR
TGH,TITAGARH,22.74168,88.374057,,
TGL,TUGGALI,15.310975,77.530146,Andhra Pradesh,SCR
TGM,TANGARMUNDA,22.09407,84.358612,,
TGN,TALEGAON,18.734829,73.672014,,
TGP,TULJAPUR,20.800701,78.808237,,
TGQ,TENGANMADA,22.507027,81.99575,,
TGR2,BLOCK AND CATCH SIDING CABINE NO.2,19.701406,73.499954,,
TGR3,BLOCK AND CATCH SIDING CABINE NO.3,19.674468,73.485951,,
TGRL,Tangiriapal,21.164083,85.925812,Orissa,ECoR
TGT,TINAI GHAT,15.449132,74.404471,Karnataka,SWR
TGU,TARIGOPPULA,16.485676,80.836307,Andhra Pradesh,SCR
TH,TINICH,26.882281,82.639707,,
THA,Tehta,25.113068,84.985023,Bihar,ECR
THAN,THAN JN,22.57896,71.206533,Gujarat,WR
THB,THANA BIHPUR JN,25.393571,86.934758,,
THBN,THANA BHAWAN,29.592663,77.410434,Uttar Pradesh,NR
THDR,THANDLA RD,23.032708,74.666939,,
THE,Thawe Junction,26.438991,84.394398,Bihar,NER
THEA,Thalera,25.315277,75.737744,Rajasthan,WCR
THED,TAUHEED,26.084921,87.930885,,
THJ,TALHERI BUZURG,29.766916,77.644309,Uttar Pradesh,NR
THK,THAKRULI,19.225768,73.097678,,
THKU,Thallak,14.450854,76.675366,Karnataka,SWR
THL,TIRUVALAM,12.974779,79.245745,,
THM,THALYAT HAMIRA,26.992726,71.077426,Rajasthan,NWR
THMR,THATHANA MITHRI,27.055138,74.897973,,
THN,TOLAHUNSE,14.399208,75.964562,Karnataka,SWR
THO,TULIN,23.378363,85.902125,,
THP,Taherpur,23.259379,88.543119,West Bengal,ER
THPR,TIPPAPUR,18.194122,78.37738,Andhra Pradesh,SCR
THR,Thara,26.356888,77.85074,Madhya Pradesh,NCR
THS,THANSIT,19.549981,73.351813,,
THSA,THANISANDRA,13.057856,77.635509,,
THUR,THURIA,23.833165,75.55457,,
THV,THERUBALI,19.335826,83.421309,,
THVM,THIVIM,15.62955,73.876104,Goa,KR
THW,THARWAI,25.539219,81.914693,Uttar Pradesh,NR
THX,TOVALAI,8.228258,77.506216,Tamil Nadu,SR
THY,THADI,17.686438,83.064292,,
TI,TIRUNINRAVUR,13.123744,80.026949,,
TIA,TILAYA,24.821998,85.401101,Bihar,ECR
TIBI,Tibi,29.542866,74.501606,Rajasthan,NWR
TIC,TIMMACHIPURAM,10.952368,78.37531,Tamil Nadu,SR
TID,TAGDI,22.296445,71.948621,Gujarat,WR
TIG,TITLAGARH,20.284399,83.154382,,
TIHU,TIHU,26.471321,91.267699,,
TII,Tingrai,27.464468,95.535143,Assam,NFR
TIK,Tik,29.850801,76.527315,,NR
TIL,TILRATH,25.441179,86.068531,Bihar,ECR
TIM,TIMMANACHERLA,15.163466,77.394077,,
TIP,TATTAPPARAI,8.828581,78.022486,Tamil Nadu,SR
TIR,TIRUR,10.917757,75.921865,Kerala,SR
TIS,TATISILWAI,23.369845,85.435706,,
TISI,TISI,21.382994,74.364777,,
TIT,TALIT,23.29331,87.819122,,
TIU,TILARU,18.470486,84.072681,,
TIW,TIVARI,26.55473,72.889577,Rajasthan,NWR
TJ,THANJAVUR,10.778085,79.138296,Tamil Nadu,SR
TJD,TAJPUR DEHMA,25.728138,83.92969,Uttar Pradesh,NER
TJH,Tajgadh,22.350958,73.904788,Gujarat,WR
TJM,TURINJAPURAM,12.336963,79.090728,,
TJP,TAJPUR,23.216968,75.923568,,
TJW,Tejpurwa Halt,25.940085,84.819703,,
TK,TUMKUR,13.333033,77.102439,Karnataka,SWR
TKA,TEHARKA,25.300234,78.917318,Uttar Pradesh,NCR
TKB,TUPKADIH,23.713618,86.06389,,
TKBG,TEKA BIGHA HALT,25.465009,85.485186,,
TKBN,TSAKIBANDA,15.163457,77.178109,Andhra Pradesh,SWR
TKC,THAKURKUCHI,26.234006,91.922284,Assam,NFR
TKD,TUGLAKABAD,28.511963,77.294046,,
TKDC,TUGLAKABAD CABIN,28.458853,77.303032,,
TKE,Tarikere Junction,13.710886,75.812209,Karnataka,SWR
TKEC,TUGLAKABAD EAST CABIN,28.547701,77.276461,,
TKF,Taki Road,22.587179,88.915553,West Bengal,ER
TKG,Thakurganj,26.426933,88.129704,,
TKH,Thakurtola,21.651992,86.970717,Orissa,SER
TKHA,TAKHA,27.135743,78.767259,Uttar Pradesh,NCR
TKHE,TAKARKHEDE,21.03491,75.167017,,
TKI,TAKLI,20.833253,77.65695,,
TKJ,TILAK BRIDGE,28.627633,77.237995,,
TKLB,Takli Bhansali,21.361133,78.983053,Maharashtra,SECR
TKLE,Tikani,25.108394,86.993246,Bihar,ER
TKLN,Tarrakalan,25.971659,76.901807,Madhya Pradesh,NCR
TKMG,Tikamgarh,24.767296,78.840666,,
TKMY,TAKLIMIYA,19.453844,74.679765,,
TKN,TANKUPPA,24.704046,85.119402,,
TKND,Trivikramdeo Nagar,26.301911,84.708966,,
TKO,TAKKOLAM,13.023783,79.677055,Tamil Nadu,SR
TKOT,TOKKOTTU,12.818211,74.858222,Karnataka,SR
TKP,Takipur,24.303242,87.920594,West Bengal,ER
TKPL,TIKIRAPAL HALT,21.535575,86.944638,,
TKPY,TURAKAPALLI,15.092714,77.628505,,
TKQ,TRIKARPUR,12.142185,75.176143,Kerala,SR
TKR,TAKARI,17.129756,74.363376,Maharashtra,CR
TKRA,Tikra Ph,21.66408,87.531081,West Bengal,?
TKRI,TIKIRI,19.177667,83.099105,,
TKRP,Tikauli Rawatpur,26.399047,80.613163,Uttar Pradesh,NR
TKRU,TAKHRAU,27.274196,79.212452,Uttar Pradesh,NCR
TKS,TOKISUD,23.678639,85.239282,,
TKT,TIKKOTTI,11.490426,75.626246,Kerala,SR
TKTB,THAKURBARI,26.797642,92.699488,,
TKU,Tanakallu,13.922427,78.201224,Andhra Pradesh,SCR
TKUR,TAPPA KHAJURIA,27.579425,80.761641,,
TKVR,TAPPA KHAJURIAY,25.807401,84.688889,,
TKW,THAKURVADI,18.852865,73.353331,,
TKWD,TIKEKARWADI,17.614967,75.933458,,
TKYR,TIKARIA,24.99538,80.86436,Madhya Pradesh,WCR
TL,TILONIYA,26.652675,74.934194,Rajasthan,NWR
TLA,TITVALA,19.296504,73.202714,,
TLAM,TULSI ASHRAM,25.342274,83.351236,,
TLB,TALWA BAZAR,24.694737,86.556303,,
TLC,Talchhapar,27.824805,74.487037,Rajasthan,NWR
TLD,TILDA,21.550734,81.794586,,
TLE,Talgaria,23.681626,86.335511,Jharkhand,SER
TLG,TOLLY GANJ,22.507909,88.346908,,
TLGP,Talguppa,14.214011,74.914093,Karnataka,SWR
TLGR,TULSI NAGAR,26.215063,82.651701,,
TLH,TILHAR,27.972984,79.741776,,
TLHD,TALCHER ROAD,20.886651,85.207934,,
TLHR,TALCHER,20.932262,85.200385,,
TLJ,TALJHARI,25.08235,87.741688,,
TLKH,TALAKHAJURI,26.176926,81.736132,,
TLM,TRISULAM,12.98064,80.166111,,
TLMD,TRILOCHAN MAHDO,25.564702,82.804378,,
TLMG,TALMADUGU,19.641776,78.396354,Andhra Pradesh,?
TLMR,Teliamura,23.861247,91.617734,Tripura,NFR
TLN,TALNI,20.754248,78.230026,,
TLNH,TILAUNCHI,26.3382,80.026772,,
TLNR,TALANALLUR,11.436374,79.24125,,
TLO,TALANDU,23.009788,88.345088,,
TLR,Tulsipur,27.53177,82.41141,Uttar Pradesh,NER
TLRA,TALARA,32.239023,75.903937,Himachal Pradesh,NR
TLS,Bettahalsoor,13.166876,77.606186,Karnataka,SWR
TLT,TILATI,17.503553,76.069348,,
TLTM,TALCHER THERMAL,20.910535,85.214161,,
TLU,TARLUPADU,15.660536,79.219462,,
TLV,TALVADYA,21.927299,76.443784,Madhya Pradesh,WCR
TLWA,THALWARA,26.072735,85.897507,,
TLX,Taldi,22.343647,88.608759,West Bengal,ER
TLY,THALASSERY,11.75314,75.492987,Kerala,SR
TLZ,TALAVLI,23.903499,75.596821,,
TMA,Tamuria,26.245715,86.352761,Bihar,ECR
TMB,Temburu,18.633565,84.126963,Andhra Pradesh,ECoR
TMC,TALAMANCHI,14.607124,79.998171,,
TMD,TALMADLA,18.239215,78.356638,Andhra Pradesh,SCR
TME,TUTI MELUR,8.808374,78.145808,Tamil Nadu,SR
TMGN,Thamla Mogana,24.875571,73.934778,,
TMH,TIN MILE HAT,26.436601,88.279995,,
TMKA,Tomka,21.107333,85.975352,Orissa,ECoR
TMLP,TIRUMALPUR,12.956333,79.673488,Tamil Nadu,SR
TMLU,TUMMALACHERUVU,16.527651,79.802963,,
TMP,TAMARAIPADI,10.402342,78.044592,,
TMPM,TIMMAPURAM,17.288936,82.450413,,
TMPY,TUMBOLI,9.51917,76.321857,,
TMQ,TIRUMANGALAM,9.824778,77.990902,,
TMR,TUMSAR ROAD,21.342437,79.751419,,
TMS,Tumsar Town,21.383833,79.741784,Maharashtra,SECR
TMT,TIMTALA,20.812496,77.79476,,
TMU,TIRUMANTHIKUNAM,10.767734,79.534339,Tamil Nadu,SR
TMV,TINDIVANAM,12.229411,79.651335,,
TMVL,TIRUMULLAIVAYIL,13.115549,80.137042,,
TMX,TIMMAPUR,17.169347,78.288344,,
TMZ,Tamluk,22.275813,87.919144,West Bengal,SER
TMZJ,Tmzj,22.246668,87.933497,,
TN,TUTICORIN,8.806109,78.155359,Tamil Nadu,SR
TNA,THANE,19.185757,72.975417,,
TNDE,Thanesar City,29.966374,76.824336,Haryana,NR
TNDN,THANDONI,10.93648,78.108515,,
TNGI,Tungi Halt,25.171993,85.527205,Bihar,?
TNGL,TORANAGALLU,15.203137,76.663924,Karnataka,SWR
TNGM,TONDALAGOPAVARAM,16.86827,80.430783,Andhra Pradesh,SCR
TNGR,THONGANUR,12.08227,78.358665,,
TNH,TINKHEDA,21.407727,78.523446,,
TNI,TANDARAI,12.118007,79.147013,,
TNJE,TENTULLA,23.790335,86.277173,,
TNJR,TAJ NAGAR,28.385348,76.824249,,
TNKU,TANUKU,16.752035,81.674075,Andhra Pradesh,SCR
TNL,TANGLA,26.658355,91.912274,,
TNLR,Thondaimanallur,10.623543,78.746072,Tamil Nadu,SR
TNM,TIRUVANNAMALAI,12.238103,79.077782,Tamil Nadu,SR
TNNH,TAPASWINARAYAN NAGAR HALT,26.631615,85.445955,,
TNO,TUNDU,23.788733,86.252293,,
TNP,TONDIARPETTAI,13.12624,80.280921,,
TNPR,Tejnarayanpur,25.339562,87.710981,,
TNR,TANGUTURU,15.337535,80.033546,,
TNRI,Teneri Halt,25.314606,85.025518,,?
TNRU,TENNERU,16.488886,80.813991,Andhra Pradesh,SCR
TNT,TINNAPPATTI,11.812422,78.098803,,
TNU,TIRUNETTUR,9.933729,76.307657,,
TNUE,TINDAULI,27.183053,78.92129,Uttar Pradesh,NCR
TNW,THAPAR NAGAR,23.769198,86.70137,,
TNX,Tarak Nagar,23.38018,88.680184,West Bengal,ER
TO,TIRUVALANGADU,13.090096,79.763145,,
TOD,TALOD,23.351348,72.947961,Gujarat,WR
TOI,Tamkuhi Road,26.721824,84.228415,,
TOK,THOKUR,12.963579,74.829167,Karnataka,KR
TOM,TONDAMANPATTI,10.786552,78.823761,Tamil Nadu,SR
TOR,Titur,21.059452,79.288957,,
TORA,Torniya,21.450802,70.497006,Gujarat,WR
TORI,TORI,23.680808,84.739774,,
TOS,TOLASAMPATTI,11.761619,77.979547,,
TOU,TELAPROLU,16.598822,80.890556,,
TP,TIRUCHIRAPPALLI FORT,10.825594,78.688891,Tamil Nadu,SR
TPB,Trilokpur,27.50819,82.701077,Uttar Pradesh,NER
TPC,TIRUPPACHETTI,9.773154,78.344217,Tamil Nadu,SR
TPE,TIRUCHIRAPPALLI PALAKKARAI,10.80726,78.693664,Tamil Nadu,SR
TPF,TARAPITH ROAD,24.126525,87.752205,,
TPH,TINPAHAR JN,24.996926,87.743807,,
TPJ,TIRUCHIRAPPALLI,10.794067,78.685355,,
TPK,TIPKAI,26.295354,90.047264,Assam,NFR
TPKR,TIKIAPARA,22.599036,88.324322,,
TPM,TOTIYAPALAYAM,11.292723,77.681926,,
TPND,TALOJA PANCHAND,19.078901,73.087316,Maharashtra,CR
TPNI,Tuiya Pani,22.560296,80.010141,Madhya Pradesh,SECR
TPO,Tantpur,26.831935,77.47803,Rajasthan,NCR
TPP,Toppur,11.931538,78.070201,Tamil Nadu,SWR
TPPI,TIPPARTHI,17.006537,79.423098,,
TPQ,Topokal,19.00708,81.878645,Chhattisgarh,ECoR
TPT,TIRUPATTUR JN,12.497951,78.561419,,
TPTN,TIRUCHIRAPALI TOWN,10.829084,78.702834,,
TPTY,TIRUPATI MAIN,13.62763,79.418968,,
TPU,Tanakpur,29.067103,80.109045,Uttarakhand,NER
TPV,Tinpheria,26.618891,84.292251,,
TPW,TIRUPATI WEST HALT,13.624534,79.404624,,
TPY,Tadakalpudi,17.530163,80.532205,Andhra Pradesh,SCR
TPZ,TAPRI JN,29.915728,77.583272,Uttar Pradesh,NR
TQA,Takia,26.311679,80.782017,Uttar Pradesh,NR
TQL,Theh Qalandar,30.463401,74.086947,Punjab,NR
TQN,TIKUNIA,28.378823,80.981217,Uttar Pradesh,NER
TQR,TEKTAR,26.275833,85.846291,,
TR,TARU,20.06888,74.590775,Maharashtra,SCR
TRA,TANGRA,31.576426,75.107232,,
TRAN,TORANG,23.26814,85.858638,,
TRB,TIRUVERUMBUR,10.787167,78.776419,Tamil Nadu,SR
TRBE,Tarabari,26.436293,92.683367,Assam,NFR
TRDI,Tirodi,21.688066,79.724564,Madhya Pradesh,SECR
TRE,TIKRI,27.116135,82.070639,,
TRG,Tarighat,25.571721,83.602105,Uttar Pradesh,ECR
TRJ,Tariasujan,26.653609,84.270833,,
TRK,TIRUKOILUR,11.976052,79.223814,,
TRKR,TUREKALA ROAD,20.563095,82.814716,,
TRL,TIRUVALLUR,13.115764,79.913105,,
TRM,TIRUNAGESVARAM,10.975208,79.428212,Tamil Nadu,SR
TRMN,Taramani,12.978438,80.240082,Tamil Nadu,SR
TRN,TARAON,25.526193,83.311179,Uttar Pradesh,NER
TRO,TIRORA,21.415039,79.918035,,
TRPL,TRIPAL HALT,32.00601,76.204696,Himachal Pradesh,NR
TRR,TARAORI,29.797906,76.93858,,
TRS,TARSARAI,26.194365,86.013311,,
TRSR,TARSAI,21.764673,69.848031,,
TRT,TIRUTTANI,13.179217,79.611386,,
TRTR,TRIUPUNITTURA,9.9501,76.352761,,
TRVL,TIRUVALLA,9.392148,76.580267,,
TRVZ,TIRUVIZHA,9.641848,76.326281,,
TRW,TARSOD,21.025557,75.633215,,
TRWT,TARAVATA,24.74613,77.381391,Madhya Pradesh,WCR
TRX,TIRUMANI,12.670639,79.988514,,
TRZ,TOLRA,24.18584,83.923324,,
TSA,TISUA,28.136577,79.586289,,
TSAH,Tata Sijua Halt,23.774511,86.33167,Jharkhand,SER
TSD,Tahsil Bhadra,29.101436,75.161454,Rajasthan,NWR
TSF,TAHSIL FATEHPUR,27.168445,81.203969,,
TSG,SITAPUR CITY (THOMASGANJ),27.569887,80.690259,,
TSI,TENKASI JN,8.963993,77.307338,,
TSK,Tinsukia Junction,27.4864,95.356367,Assam,NFR
TSL,Taksal,30.845271,76.954267,Himachal Pradesh,NR
TSR,TSUNDURU,16.157497,80.586487,,
TSS,TALLI SAIDASAHU,31.03264,74.748404,Punjab,NR
TT,TITTE,10.844904,79.1834,Tamil Nadu,SR
TTB,TITABAR,26.602048,94.199758,Assam,NFR
TTI,TURTIPAR,26.16121,83.890841,Uttar Pradesh,NER
TTL,TIRUTTANGAL,9.477299,77.810886,,
TTLA,TETELIA,26.135912,92.00541,Assam,NFR
TTN,TULSITANR,24.568996,86.614407,,
TTPT,TALCHER THERMAL,20.905032,85.217126,,
TTQ,Thathankulam,8.627298,77.875152,Tamil Nadu,SR
TTR,TIPTUR,13.256152,76.475987,Karnataka,SWR
TTU,TETTU,15.042824,80.005821,,
TTW,Titwa,21.995906,80.138442,Madhya Pradesh,SECR
TTZ,Tukaithad,21.427444,76.670581,Maharashtra,SCR
TU,TADIPATRI,14.907558,77.978985,,
TUA,TIRUNNAVAYA,10.874721,75.985675,Kerala,SR
TUD,Talodhi Road,20.454247,79.736073,Maharashtra,SECR
TUG,THALANGAI,13.003678,79.426128,,
TUL,TIRALDIH,23.132246,85.930834,,
TUN,TOHANA,29.7266,75.904581,Haryana,NR
TUNG,Tung,26.921803,88.294811,West Bengal,NFR
TUNI,TUNI,17.36108,82.542462,,
TUP,TIRUPPUR,11.108906,77.341247,,
TUR,TURKI,26.034431,85.354709,,
TUV,Tuvvur,11.120495,76.282913,Kerala,SR
TUVR,TURAVUR,9.772809,76.309979,,
TUWA,Tuwa,22.800702,73.463163,Gujarat,WR
TUX,TUNIA,22.540309,85.426059,,
TUY,THIRUTHURAIYUR,11.823788,79.534813,Tamil Nadu,SR
TVC,TRIVANDRUM CENTRAL,8.486679,76.95121,,
TVG,TAVARGATTI,15.414854,74.662875,Karnataka,SWR
TVI,Taradevi,31.0758,77.139253,Himachal Pradesh,NR
TVL,TADWAL,17.393191,75.975729,Maharashtra,SWR
TVN,TIRUPPUVANAM,9.821457,78.258693,Tamil Nadu,SR
TVNL,TIRVNLNLUR ROAD,11.798583,79.380205,,
TVP,TRIVANDRUM PETTAI,8.494524,76.931673,,
TVR,THIRUVARUR JN,10.764347,79.633898,Tamil Nadu,SR
TVS,TALAIVASAL,11.596392,78.75084,,
TVT,TIRUVOTTIYUR,13.160025,80.296454,,
TVTN,Thambawati Nagri,24.958315,74.686919,,
TWB,Talwandi,30.861364,74.923634,Punjab,NR
TWG,TWINING GANJ,25.568766,84.218022,,
TWI,Totewahi Halt,20.014659,79.600455,,
TWL,TILWARA,25.893262,72.078131,Rajasthan,NWR
TWV,Thuwavi,22.153761,73.381517,Gujarat,WR
TXD,Tyada,18.217967,83.04219,Andhra Pradesh,ECoR
TXM,TANDAVAPURA,12.168831,76.678489,Karnataka,SWR
TY,TULUKAPATI,9.467439,77.936903,Tamil Nadu,SR
TYAE,TENYA,23.822157,88.148864,West Bengal,ER
TYM,Tirumayam,10.246016,78.759423,Tamil Nadu,SR
TYMR,Tiruvanmiyur,12.989302,80.25119,Tamil Nadu,SR
TZD,TOZHUPPEDU,12.367081,79.783575,,
TZH,TAKAZHI,9.3702,76.408316,,
TZR,TURKI ROAD,24.548879,81.117573,Madhya Pradesh,WCR
TZTB,Tezpore,26.617781,92.787747,Assam,NFR
UA,UPLETA,21.746916,70.282434,Gujarat,WR
UAA,UPPALA,12.6698,74.906488,Kerala,SR
UAM,Udagamandalam,11.404585,76.694727,Tamil Nadu,SR
UAR,UNAWA AITHOR,23.759404,72.385119,,
UB,Uska Bazar,27.189993,83.12595,Uttar Pradesh,NER
UBC,AMBALA CITY,30.378497,76.763996,,
UBCN,ULHAS BRIDGE CABIN,19.246247,73.069462,,
UBL,HUBLI JN,15.350302,75.148104,Karnataka,SWR
UBN,Ubarni,26.118214,81.163629,Uttar Pradesh,NR
UBR,UMBARGAM ROAD,20.153499,72.790821,Gujarat,WR
UCA,UCHANA,29.466064,76.178544,Haryana,NR
UCB,UNCHI BASSI,31.860857,75.643654,Punjab,NR
UCH,UNCHAULIA,27.80926,80.068986,,
UCP,UCHIPPULI,9.30813,79.015093,Tamil Nadu,SR
UCR,Unchahar Junction,25.902315,81.300143,Uttar Pradesh,NR
UD,UDUPI,13.336341,74.771733,Karnataka,KR
UDGR,Udgir,18.390602,77.109943,Maharashtra,SCR
UDK,UDYAN KHERI,23.680052,76.639447,,
UDKN,UDAYPUR KHURD,28.486234,80.178413,,
UDL,ANDAL JN,23.579012,87.181194,,
UDLE,ANDAL-EAST/CABIN,23.57172,87.199696,,
UDLW,ANDAL WEST CABIN,23.584024,87.168796,,
UDM,UNDASA MADHAWPU,23.087044,75.979275,Madhya Pradesh,WR
UDN,UDHNA JN,21.171156,72.851461,,
UDPR,Udaipura,24.775689,78.651486,,
UDR,AMDARA ROAD,24.099501,80.577905,Madhya Pradesh,WCR
UDX,URDAULI,27.632871,80.514006,,
UDZ,UDAIPUR CITY,24.566862,73.699632,Rajasthan,NWR
UGD,UPPUGUNDURU,15.650668,80.194463,,
UGN,UGAON,20.122592,74.136829,,
UGNA,UGNA HALT,26.250647,86.092514,,
UGP,UGARPUR,27.351481,79.511652,Uttar Pradesh,NCR
UGR,UGAR KHURD,16.669705,74.822126,Karnataka,SWR
UGU,Ugu,26.804338,80.299391,Uttar Pradesh,NR
UGWE,Ugwe,20.806249,77.009265,Maharashtra,SCR
UHL,Una Himachal,31.478782,76.27566,Himachal Pradesh,NR
UHP,UDHAMPUR,32.92664,75.154881,Jammu and Kashmir,NR
UHR,UNCHHERA,24.38137,80.79457,Madhya Pradesh,WCR
UIH,Umaria Ispa Halt,22.055305,79.084961,Madhya Pradesh,SECR
UJ,UJALVAV,21.905096,71.705115,Gujarat,WR
UJA,UNJHA,23.796456,72.381669,Gujarat,WR
UJH,Ujhani,27.995236,79.01491,Uttar Pradesh,NER
UJJN,Ujjain Jn,23.178194,75.781443,,
UJN,UJJAIN JN,23.178154,75.781403,,
UJNC,UJN C CABIN,23.184543,75.801153,,
UJP,UJIARPUR,25.780378,85.799605,,
UKA,UKHRA,23.653692,87.232537,West Bengal,ER
UKC,UKSHI,17.12976,73.455942,Maharashtra,KR
UKD,ULINDAKONDA,15.652934,77.968687,,
UKH,UKHALI,18.912675,76.605814,Maharashtra,SCR
UKL,UTTUKULI,11.156494,77.448615,,
UKLR,Ukilerhat Halt,21.824712,88.230351,West Bengal,ER
UKN,Uklana,29.49898,75.883133,Haryana,NR
UKR,UDALKACHAR,23.287243,82.291923,Madhya Pradesh,SECR
UKV,UTTAMARKOVIL,10.877948,78.702346,,
ULA,Umra Nala,21.874783,78.879298,Madhya Pradesh,SECR
ULB,ULUBARIA,22.472428,88.093209,,
ULD,ACHALDA,26.701949,79.404392,,
ULG,UDALGURI,26.744291,92.094329,,
ULL,ULLAL,12.79132,74.854779,Karnataka,SR
ULM,URLAM,18.435566,83.989515,,
ULN,ULNA BHARI,26.632175,82.319243,,
ULNR,ULHASNAGAR,19.218215,73.163466,,
ULT,KULTI,23.737816,86.84887,,
ULTL,Kulti Link Cabin,23.734566,86.865534,,
ULU,ULUNDURPET,11.702177,79.317787,,
UM,UMARDASHI,24.100321,72.420563,Gujarat,WR
UMB,AMBALA CANT JN,30.338918,76.826966,,
UMD,USMANABAD,18.248154,76.022663,Maharashtra,CR
UMED,UMED,26.549322,73.605896,,
UMG,Uttangal Mangalam,11.535044,79.419161,Tamil Nadu,SR
UMH,Umreth,22.693376,73.119782,Gujarat,WR
UMM,UMRAM,19.661586,78.437342,Andhra Pradesh,SCR
UMN,AMBLIYASAN,23.447386,72.423181,Gujarat,WR
UMNF,Ambliyasan Jn,23.446636,72.422431,,
UMNR,UMESHNAGAR,25.461085,86.431195,Bihar,ECR
UMR,UMARIA,23.52273,80.823244,,
UMRA,UMRA,24.522588,73.771734,Rajasthan,NWR
UMRI,UMRI,19.0418,77.642682,Maharashtra,SCR
UMS,UDRAMSAR,27.922974,73.343837,,
UNA,Una,20.819025,71.036053,Gujarat,WR
UND,UNCHDIH,25.19242,82.163375,,
UNDI,UNDI,16.580375,81.464187,Andhra Pradesh,SCR
UNK,UNKAL,15.377159,75.124255,Karnataka,SWR
UNL,UNHEL,23.316776,75.472209,,
UNLA,UNAULA,26.788432,83.471435,Uttar Pradesh,NER
UOI,UMROLI,19.754447,72.760337,Maharashtra,WR
UPA,UTTARPARA,22.667652,88.341317,,
UPD,ULAVAPADU,15.167112,80.013364,,
UPI,UPLAI,18.184369,75.642724,Maharashtra,CR
UPL,UPPALUR,16.492803,80.780125,Andhra Pradesh,SCR
UPM,URAPPAKKAM,12.867247,80.071751,,
UPR,USMANPUR,19.532217,76.27447,Maharashtra,SCR
UPW,UPPALAVAI,18.424892,78.316108,Andhra Pradesh,SCR
UR,UMDANAGAR,17.262932,78.393143,,
URD,UNTARE ROAD,24.34094,83.834497,,
UREN,UREN,25.171238,86.214202,,
URG,USARGAON,26.080449,79.680325,,
URGA,Urga,22.265792,82.736062,Chhattisgarh,SECR
URI,URULI,18.494237,74.13682,,
URK,URKURA,21.289034,81.644569,,
URL,UNJALUR,11.127976,77.875839,Tamil Nadu,SR
URMA,URMA,23.157777,86.253775,,
URML,Upramal,25.247947,75.276627,,
URN,UTRAN,21.232602,72.854796,,
URP,Udairampur,22.100085,88.273732,West Bengal,ER
URPR,UGRASENPUR,25.568212,82.189171,Uttar Pradesh,NR
URR,Umred,20.850672,79.330741,Maharashtra,SECR
USD,UKAI SONGADH,21.147743,73.55554,,
USK,USIA KHAS,25.434324,83.706967,,
USL,USALAPUR,22.102548,82.111546,,
USRA,USRA,22.842055,74.102942,,
UTA,UMAR TALI,27.086986,80.473465,,
UTD,UTARSANDA,22.654716,72.88881,,
UTL,UTARLAI,25.788344,71.443638,Rajasthan,NWR
UTN,Uttar Radhanagar Halt,22.269458,88.383365,West Bengal,ER
UTP,UTRIPURA,26.73974,80.095478,,
UTR,UTRAHTIA,26.763061,80.974031,,
UVD,UDVADA,20.461236,72.918698,Gujarat,WR
UWNR,Udwant Nagar Halt,25.496532,84.611313,Bihar,ECR
VAA,Bhaga Junction,23.723331,86.405555,Jharkhand,SER
VADR,WARUD,20.747166,78.650671,,
VAE,Vadali,23.948406,73.043604,Gujarat,WR
VAK,VARKALA,8.740732,76.722872,,
VAL,VADAL,21.611243,70.492663,Gujarat,WR
VAN,Vadhvana,22.152185,73.487264,Gujarat,WR
VAPI,VAPI,20.374338,72.909127,Gujarat,WR
VAPM,VALAPATTANAM,11.927728,75.346365,Kerala,SR
VAR,VIDYANAGAR,17.402485,78.511657,,
VARD,VAIKAM ROAD,9.777648,76.474611,,
VAT,VATLUR,16.69451,81.044473,,
VAY,VAYALAR,9.741742,76.311408,,
VB,VILLIYAMBAKKAM,12.754406,79.929175,Tamil Nadu,SR
VBH,VISHNUPUR BATHUA HALT,25.93102,85.644288,,
VBL,BOBBILI,18.576764,83.345722,,
VBN,VALLABHNAGAR,24.690424,74.018709,Rajasthan,NWR
VBR,VAMBORI,19.29858,74.684974,,
VBU,VEMBUR,10.589339,78.072383,,
VBW,VAIBHAVWADI RD,16.512013,73.707645,Maharashtra,KR
VCN,VIROCHANNAGAR,23.078484,72.196184,,
VD,VAGDIYA,22.614176,71.29169,Gujarat,WR
VDA,VASAD JN,22.452351,73.059991,,
VDD,VENDODU,14.026947,79.7284,,
VDE,VEDAYAPALEM,14.404478,79.957106,,
VDGN,VADGAON NILA,18.929473,76.641172,Maharashtra,SCR
VDH,VEDCHHA,20.874651,72.936415,Gujarat,WR
VDI,VELDURTI,15.553699,77.927621,,
VDK,VADAKANNIKAPURM,10.641667,76.686919,,
VDKS,Vadanam Kurussi Halt,10.788139,76.252871,Kerala,SR
VDL,VITHISVARANKOL,11.195825,79.703785,Tamil Nadu,SR
VDM,VADAMADURA,10.436336,78.10216,,
VDN,VADGAON,18.742927,73.636925,,
VDP,VADIPPATTI,10.086114,77.945674,,
VDR,VANDALUR,12.89128,80.084393,,
VDS,VIDYASAGAR,24.10382,86.698415,,
VDV,Vadiya Devli,21.689791,70.853196,Gujarat,WR
VEER,VEER,18.113402,73.330077,Maharashtra,KR
VEI,VELLIYANI,10.841,78.114795,Tamil Nadu,SR
VEK,VELLARAKKAD,11.4723,75.653412,Kerala,SR
VEL,Vellanur,10.46709,78.796975,Tamil Nadu,SR
VELI,VELI,8.522536,76.882919,,
VEM,VEMPALLI,19.414389,79.534584,,
VEN,VERNA,15.353587,73.912519,Goa,KR
VER,VELLUR HALT,11.242453,79.13845,,
VEU,VEPPAMPATTU,13.123937,79.998727,,
VG,VIRAMGAM JN,23.129098,72.052968,,
VGA,VEPAGUNTA,13.395013,79.559433,,
VGDC,Viramgam D Cabin,23.137395,72.042828,,
VGE,VALAPPADI G HLT,11.654624,78.400452,,
VGI,VANGANI,19.094299,73.300967,,
VGL,VAGHLI,20.522649,75.074337,,
VGM,VINNAMANGALAM,12.728899,78.678716,,
VGN,VANGAON,19.882845,72.763185,Maharashtra,WR
VGT,UNGUTURU,16.824498,81.42356,,
VHCH,BLOCK CABIN CHAKKI,25.559662,84.806277,,
VHGN,WIHIRGAON,19.725052,79.440819,,
VI,Villianur,11.919269,79.757506,Puducherry,SR
VID,VILAVADE,16.785593,73.619321,Maharashtra,KR
VINA,Vina,22.764139,72.903227,,
VINH,VINHERE,17.907649,73.38401,Maharashtra,KR
VJ,VIRINCHIPURAM,12.961297,79.024717,,
VJA,VEJANDLA,16.237226,80.519729,Andhra Pradesh,SCR
VJD,VIJPADI ROAD,21.17981,71.449442,Gujarat,WR
VJK,VEJALKA,22.416769,71.719118,Gujarat,WR
VJM,VYASARPADI JEEVA,13.108338,80.256873,,
VJP,VIJAY PUR,24.493169,77.162411,,
VJPJ,VIJAYPUR JAMMU,32.57197,75.020996,Jammu and Kashmir,NR
VJR,VIJAYANAGAR,16.777812,74.69629,Maharashtra,SWR
VJRD,VAJIRABAD,16.686824,79.645194,,
VK,VIKHROLI,19.11196,72.928312,,
VKA,Verka Junction,31.665699,74.931669,Punjab,NR
VKB,VIKARABAD JN,17.337132,77.909409,,
VKD,BAKHRABAD,22.118541,87.36345,,
VKDH,VEER KUNWAR HALT,25.567585,84.254875,,
VKG,Vavadi Khurd,22.79511,73.502962,Gujarat,WR
VKH,VIKHRAN ROAD,21.302739,74.617881,,
VKI,VENKATAGIRI,13.943864,79.603987,,
VKL,Vankal,21.439674,73.231366,Gujarat,WR
VKM,VENKATESAPURAM,11.930779,79.442294,,
VKN,VINUKONDA,16.050748,79.748004,,
VKNR,VALMIKINAGAR RD,27.195058,84.034555,Bihar,ECR
VKP,VARAKALPATTU,11.765793,79.704026,Tamil Nadu,SR
VKR,VENKATNAGRA,22.923269,81.872187,,
VKT,VENKATACHALAM,14.327256,79.92732,,
VKZ,VENKATA NARASIMHA RAJU VARI PETA,13.270775,79.581865,,
VL,VILAD,19.198579,74.675069,,
VLA,BAVLA,22.833389,72.365123,Gujarat,WR
VLCA,VELLALCHERUVU H,16.132576,79.891216,,
VLCY,Velachery,12.967092,80.219217,Tamil Nadu,SR
VLD,Vayalpad,13.634506,78.624967,Andhra Pradesh,SCR
VLDE,VALADI,10.872869,78.757917,,
VLDI,VITHALWADI,19.229234,73.149051,,
VLDR,Valadar,20.967861,70.724646,Gujarat,WR
VLE,VELLALCHERUVU H,16.131784,79.888664,,
VLG,VANIGONDA,17.366663,79.008505,,
VLI,VALLIKUNNU,11.09046,75.851651,Kerala,SR
VLK,VILLIVAKKAM,13.110062,80.209621,,
VLKN,Velankanni,10.686877,79.846181,Tamil Nadu,?
VLL,VELLAYIL,11.264509,75.77461,Kerala,SR
VLNK,VELANKANNI,10.687499,79.846763,,
VLP,VILE PARLE,19.099274,72.84363,Maharashtra,WR
VLR,VELLORE CANT,12.910718,79.127493,Tamil Nadu,SR
VLT,VALATHOOR,12.889517,78.839324,,
VLTR,Vadali Luter Road,23.078738,73.135398,Gujarat,WR
VLU,Vadalur,11.557655,79.547974,Tamil Nadu,SR
VLV,Vallivedu,13.528576,79.068221,Andhra Pradesh,SCR
VLY,VALLIYUR,8.37616,77.61399,Tamil Nadu,SR
VM,VILLUPURAM JN,11.942971,79.500101,,
VMA,VIKRAMGARH ALOT,23.765121,75.538379,,
VMD,Vadlamannadu,16.300176,81.098875,Andhra Pradesh,SCR
VML,VEMULAPADU,15.022098,77.851379,,
VMLD,VEMULURIPADU,16.309801,80.294121,,
VMP,VALLAMPADUGAI,11.350091,79.708219,Tamil Nadu,SR
VMU,Vemuru,16.178119,80.743187,Andhra Pradesh,SCR
VN,VANIYAMBADI,12.678487,78.621651,,
VNA,VARANGAON,21.009713,75.900658,,
VNB,Vaniyambalam,11.188459,76.260513,Kerala,SR
VND,VENDRA,16.578434,81.569095,Andhra Pradesh,SCR
VNEC,Vijayawada North East,16.532028,80.630413,,
VNJ,TIRUPPUR VANJIPALAYAM,11.117791,77.265802,,
VNK,Binaiki,22.72003,79.902424,Madhya Pradesh,SECR
VNM,ONTIMITTA,14.392459,79.016272,,
VNN,BHANAUR,25.57316,82.530022,Uttar Pradesh,NR
VNR,DEVANUR,13.439282,76.08846,Karnataka,SWR
VNRD,VANI ROAD,23.095062,72.003529,Gujarat,WR
VNUP,VISHNUPURAM,16.70451,79.638786,,
VO,VELLODU,10.317776,77.951415,,
VOC,V.O.C. NAGAR,13.140302,80.287457,,
VONB,VONDH,23.303951,70.399876,,
VP,VIRAPUR,15.158976,77.131692,Andhra Pradesh,SCR
VPDA,VIDYAPATIDHAM,25.602065,85.802433,,
VPG,VENTRAPRAGADA,16.473819,80.914447,Andhra Pradesh,SCR
VPH,Vachaspati Nagar,26.400204,86.325158,Bihar,ECR
VPJ,VALYAMPATTI,10.544055,78.309814,,
VPL,VENKATAMPALLE,15.044854,77.441604,,
VPN,VIDYAPATINAGAR,25.601975,85.802343,Bihar,ECR
VPO,BHUPIA MAU,25.875223,81.970286,Uttar Pradesh,NR
VPR,VISAPUR,18.82295,74.598861,,
VPT,VIRUDUNAGAR JN,9.596405,77.957737,,
VPU,VELPURU,16.725964,81.662635,Andhra Pradesh,SCR
VPY,VYASARPADI,13.108535,80.256817,,
VPZ,Vailapuzha,10.842076,76.252495,Kerala,SR
VQD,VIRAMDAD,22.197917,69.575526,Gujarat,WR
VR,VIRAR,19.454407,72.811737,Maharashtra,WR
VRA,Valavanur,11.917402,79.573803,Tamil Nadu,SR
VRB,VISHRAMBAG,16.85057,74.602231,Maharashtra,CR
VRBD,VRINDABAN ROAD,27.555461,77.622835,,
VRDP,VARADAPUR,12.92266,78.191568,,
VRE,VAREDIYA,21.85838,73.048979,,
VRG,VIKRAMNAGAR,23.162187,75.817754,Madhya Pradesh,WR
VRH,VIRBHADRA,30.074509,78.251864,Uttarakhand,NR
VRI,VRIDHACHALAM JN,11.534965,79.316073,,
VRK,Virkudi,10.817963,79.648304,,
VRL,VERAVAL,20.913351,70.370689,Gujarat,WR
VRLF,Veraval Mg,20.913261,70.370599,,
VRLR,VIRANI ALUR,8.194645,77.368699,Tamil Nadu,SR
VRM,VARNAMA,22.184274,73.169283,,
VRN,VANGANUR,14.847442,78.080906,,
VRPD,VIRAPANDY ROAD,11.59699,78.074581,,
VRQ,VIRARAKKIYAM,10.939107,78.165859,Tamil Nadu,SR
VRR,VIRPUR,21.848343,70.707212,Gujarat,WR
VRT,VRIDDHACHALM TN,11.482273,79.279462,,
VRU,VALIVERU,16.188934,80.605456,,
VRV,VIRAVADA,23.612331,73.07903,Gujarat,NWR
VRVL,VIRAVALLI,16.615947,80.912201,,
VRX,VARAHI,23.800674,71.431296,Gujarat,WR
VS,VISHVAMITRI,22.283933,73.178656,,
VSD,VASIND,19.406422,73.267689,,
VSG,VASCO DA GAMA,15.397241,73.813425,Goa,SWR
VSKP,VISHAKAPATNAM,17.72159,83.289514,,
VSP,WASANAPURA,19.884978,79.327833,,
VSPR,BISHNUPRIYA,23.413186,88.3552,West Bengal,ER
VST,BIJAYSOTA,23.978724,81.110959,Madhya Pradesh,WCR
VSU,BISHNUPUR,23.065499,87.301071,West Bengal,SER
VSV,VASADVA,23.035163,71.595284,,
VSW,Visavadar,21.341738,70.755622,Gujarat,WR
VT,VELLORE TOWN,12.923647,79.125213,Tamil Nadu,SR
VTA,VATVA,22.959729,72.629436,,
VTE,Venkatagiri Kote Halt,13.32831,77.73159,Karnataka,SWR
VTG,Bhetaguri,26.302968,89.66531,West Bengal,NFR
VTJ,VARTEJ,21.746198,72.055199,Gujarat,WR
VTK,VALLATHOL NAGAR,10.731563,76.280933,,
VTL,Vadtal Swaminarayan,22.591636,72.876748,Gujarat,WR
VTM,VETAPALEMU,15.783376,80.30065,,
VTN,VAITARNA,19.517672,72.849578,Maharashtra,WR
VTP,VASTRAPUR,23.00802,72.517982,Gujarat,WR
VTV,VALANTARAVAL,9.337064,78.911814,Tamil Nadu,SR
VU,VAGHPURA,23.781878,71.349966,,
VV,VALIVADE,16.703574,74.298965,Maharashtra,CR
VVA,VARVALA,22.299503,68.967841,Gujarat,WR
VVB,VIVEKA VIHAR,28.673319,77.31951,Delhi NCT,NR
VVD,Vavdi,21.714204,70.793468,Gujarat,WR
VVH,VIDYAVIHAR,19.079258,72.897181,,
VVKN,VIVEKANANDA NAGAR,19.997086,79.259191,,
VVKP,VIVEKANAND PURI HALT,28.664098,77.183702,Delhi NCT,NR
VVM,Viravasaram,16.542124,81.63254,Andhra Pradesh,SCR
VVN,VIKRAVANDI,12.037928,79.538038,,
VVV,VAVERA,21.062395,71.441677,Gujarat,WR
VWA,VIDURASWATTHA,13.665713,77.509785,,
VXD,VADOD,22.515278,73.00645,,
VXM,Vellipalayam,10.775837,79.843856,Tamil Nadu,SR
VYA,VYARA,21.118142,73.383847,,
VYK,VILAYATKALAN RD,23.708924,80.610102,,
VYN,VYASNAGAR,25.29701,83.071351,,
VZ,VIJAYAMANGALAM,11.195525,77.522231,,
VZM,VIZIANAGRAM JN,18.111374,83.395586,,
VZPH,Vazeerpur Halt,28.148542,79.863989,Uttar Pradesh,NER
VZR,Bhanjpur,21.95074,86.73407,,
WAB,BALWA,21.895867,69.961069,Gujarat,WR
WADI,WADI,17.054312,76.99155,,
WADO,WADODA,20.888545,76.279847,,
WAIR,WAIR,28.347255,77.699267,,
WANI,WANI,20.06638,78.962635,Maharashtra,CR
WARUD,Warud,20.746905,78.651419,Maharashtra,CR
WAT,WALTAIR,17.722377,83.290081,,
WC,WADHWAN CITY,22.702931,71.67236,Gujarat,WR
WCB,WEST CABIN GAYA,24.798676,84.971299,,
WCN,WIMCO NAGAR,13.180491,80.305807,,
WDA,WADRENGDISA,25.263973,93.177527,Assam,NFR
WDG,Wadegaon,20.76451,79.981617,Maharashtra,SECR
WDHR,WADHARVA,23.07645,70.828521,,
WDJ,Wanderjatana,30.564802,74.740729,Punjab,NR
WDL,WANDAL,16.416601,75.86371,Karnataka,SWR
WDLN,WADWAL NAGNATH,18.538466,76.80741,Maharashtra,SCR
WDM,WYNDHAMGANJ,24.264112,83.401605,Uttar Pradesh,ECR
WDN,VADGAON NILA,18.929059,76.643889,,
WDR,WADIARAM,17.972607,78.455417,Andhra Pradesh,SCR
WDS,WADSINGE,18.066132,75.488775,,
WEL,Wellington,11.3559,76.786078,Tamil Nadu,SR
WENA,Wena,25.326624,85.531956,Bihar,ECR
WFD,WHITEFIELD,12.995253,77.761305,,
WG,WAGHOLI,20.585085,78.767038,,
WGA,WAGHODA,21.255952,76.088755,Madhya Pradesh,CR
WGI,Waghai,20.772638,73.500474,Gujarat,WR
WGJ,WARIS GANJ HALT,26.434504,81.695477,,
WH,WEST HILL,11.28603,75.765232,Kerala,SR
WHM,WASHIM,20.103101,77.147986,Maharashtra,SCR
WIR,WAIR,28.347316,77.699434,,
WIRR,WIRUR,19.641288,79.430571,,
WJ,WALAJABAD,12.797321,79.81837,Tamil Nadu,SR
WJR,WALAJAH ROAD JN,12.970676,79.360511,,
WKA,VAKAV,17.988187,75.579724,,
WKI,WADAKANCHERI,10.648956,76.237041,,
WKR,WANKANER JN,22.622552,70.965617,Gujarat,WR
WKRC,WANKANER CITY,22.61181,70.956182,Gujarat,WR
WL,WARANGAL,17.972477,79.604929,Andhra Pradesh,SCR
WLGN,Walgaon,21.020729,77.71074,,
WLH,VALHA,18.183635,74.160554,Maharashtra,CR
WND,Wan Road,21.21501,76.820433,Maharashtra,SCR
WNG,WANEGAON,19.166808,77.25011,Maharashtra,SCR
WOC,Warud Orange City,21.458721,78.276164,,
WP,WANGAPALLI,17.580557,78.983664,,
WPR,WANPARTI ROAD,16.382054,77.88515,,
WR,WARDHA JN,20.732777,78.594157,,
WRA,WALAYAR,10.847181,76.837614,,
WRC,W R S COLONY PH,21.277968,81.639183,,
WRGN,WARIGAON NEWADA,25.586146,82.568316,Uttar Pradesh,NR
WRR,WARORA,20.244263,79.009944,,
WRS,WARIS ALEGANJ,25.015425,85.642177,Bihar,ECR
WSA,Wadsa,20.624198,79.963513,Maharashtra,SECR
WSB,WASHIMBE,18.284021,75.003799,,
WSC,SHIVARAMPUR,27.244948,78.207158,,
WSD,WASUD,17.377406,75.147653,Maharashtra,CR
WSE,VASAN IYAWA,23.026558,72.313125,,
WSJ,WANSJALIYA,21.799383,69.873569,Gujarat,WR
WST,WASHERMANPET,13.109223,80.28302,,
WTJ,JAM WANTHALI,22.429409,70.321802,Gujarat,WR
WTP,Water Pipe,19.009064,73.290406,,
WTR,WATHAR,17.89054,74.135767,Maharashtra,CR
WW,Wanabar,25.006278,84.97751,,?
WWA,VAVANIYA,23.007206,70.61469,,
WZJ,WAZERGANJ,24.813122,85.225637,Bihar,ECR
X108,Aman Lodge,18.997761,73.27608,,
XBKJ,Bikramganj,25.218914,84.273731,Bihar,ECR
XCBN,Xcbn,25.303843,83.169582,,
XGN,Gokulnagar,25.487975,85.302191,,
XKA,Kamta,25.336574,85.277746,,
XSAD,SADIPUR HALT,24.932654,85.596052,,?
XSAN,SARVODAYA HALT,25.554117,84.500683,,
XSK,SOKALI,23.103188,72.090339,,
Y,YELIYUR,12.510621,76.829575,Karnataka,SWR
YA,YERRAGUNTLA,14.642328,78.534003,,
YAD,YEULKHED,20.724559,77.07497,,
YAG,YAQUTGANJ,27.32595,79.618493,,
YAL,YATALURU,13.893494,79.626238,,
YDD,YADUDIH,24.329875,85.700899,,
YDK,Yedekumeri,12.823403,75.622206,Karnataka,SWR
YDLP,YADALAPUR,16.384372,77.326596,,
YDM,Yedamangala,12.714668,75.443085,Karnataka,SWR
YDP,Yedapalli,18.678662,77.952866,Andhra Pradesh,SCR
YDV,Yadvendranagar,25.756558,82.75141,Uttar Pradesh,NER
YEAM,Yogendra Dham Halt,27.454598,81.728543,Uttar Pradesh,NER
YFP,YUSUFPUR,25.639006,83.748684,Uttar Pradesh,NER
YG,YADGIR,16.744396,77.130366,,
YGA,Yerra Goppa Halt,15.905354,75.648078,Karnataka,SWR
YGD,YERRAGUDIPAD,14.618673,78.606374,,
YGL,YELGUR,17.860901,79.747031,Andhra Pradesh,SCR
YGM,YADUGRAM BH,24.543289,85.324014,,
YJUD,YAMUNANAGAR JAGADHARI,30.117426,77.28758,,
YKA,YAKUTPURA KACHEGUDA,17.359554,78.491711,,
YL,YEOLA,20.043189,74.503246,,
YLG,YALVIGI,15.034254,75.409401,Karnataka,SWR
YLK,YELLAKARU,13.84646,79.650572,,
YLM,ELLAMANCHILI,17.553652,82.85262,,
YNA,YENOR,20.508138,78.837091,,
YNG,YENUGONDA,16.758073,78.036337,,
YNK,YELHANKA JN,13.102795,77.593069,,
YP,ERRUPALEM,16.825374,80.471049,Andhra Pradesh,SCR
YPD,YERPEDU,13.689108,79.578514,,
YPR,YESVANTPUR JN,13.022839,77.551174,,
YS,YERMARAS,16.272482,77.34747,,
YSI,YEDESHI,18.317378,75.97657,Maharashtra,CR
YSPM,YASANTAPUR,17.73674,79.204998,,
YT,YEVAT,18.488936,74.256318,,
YTL,Yavatmal,20.387302,78.119733,Maharashtra,CR
ZARP,ZARAP,15.94768,73.734105,Maharashtra,KR
ZB,Zahirabad,17.674958,77.610213,Andhra Pradesh,SCR
ZBD,ZAFARABAD JN,25.708436,82.719014,,
ZKV,Zankhvav,21.451485,73.317839,Gujarat,WR
ZN,JANGAON,17.725115,79.154734,,
ZNA,ZAMANIA,25.373856,83.54365,,
ZNP,Zindpura,28.191347,79.849699,Uttar Pradesh,NER
ZP,Zarpur Pali,28.281073,76.14827,Haryana,NWR
ZPI,Zampini,16.199033,80.714008,Andhra Pradesh,SCR
ZPL,ZANGALAPALLE,14.591854,77.640854,,
ZPR,Zorawar Pura Halt,29.762905,73.448817,,
ZRDE,JIRADEI,26.220819,84.256142,,
ZW,ZAWAR,24.358621,73.731959,Rajasthan,NWR
