station_code,station_name
AA,ATARIA
AABH,AMBIKA BHAWANI HALT
AADR,AMBANDAURA
AAG,ANGAR
AAGH,ANTAGARH
AAH,ITEHAR
AAL,AMLAI
AAM,ANGADIPPURAM
AAP,AMBIAPUR
AAR,ADESAR
AAS,ASRANADA
AAY,ARALVAYMOZHI
AB,AMBUR
ABB,ABADA
ABD,AMBLI ROAD
ABE,AMBIKESHWAR
ABFC,AMBARI FALAKATA
ABGM,AMBALGRAM
ABGT,ARABAGATTA H
ABH,AMBARNATH
ABI,AMBATURAI
ABKA,AMBIKA KALNA
ABKP,AMBIKAPUR
ABLE,AMBALE
ABO,ASTHAL BOHAR JN
ABP,AKBARPUR
ABR,ABU ROAD
ABRV,AMBARI RICHHAVI
ABS,ABOHAR
ABSA,AMBASA
ABT,AMBAGARATTUR
ABU,AMBATTUR
ABW,ABUTARA H
ABX,AMBARI
ABY,AMBIVLI
ACG,ACHEGAON
ACH,ACHALGANJ
ACK,ACHARAPAKKAM
ACL,ANCHELI
ACLE,AZIMGANJ CITY
ACN,ADHICHCHANUR
ACND,A N DEV NAGAR
ACPR,ARCHIPATHAR HALT
ACRN,ACHIRNE
ACU,ACHUARA H
AD,ADONI
ADB,ADILABAD
ADD,ADAS ROAD
ADE,ADARI ROAD
ADF,ADINA
ADH,ANDHERI
ADHL,ADIHALLI
ADI,AHMEDABAD JN
ADL,ANDUL
ADPT,ANDIPATTI
ADQ,ADHIKARI
ADR,MANDI ADAMPUR
ADRA,ADRA JN
ADST,ADI SAPTAGRAM
ADT,ADUTURAI
ADTL,ADHARTAL
ADTP,ADITYAPUR
ADVI,ADAVALI
ADX,ADAPUR
AED,AULENDA
AEH,ANANTPAITH
AEJ,ARNEJ
AEK,ANEKAL ROAD
AEL,ATELI
AERH,AGRER HALT
AEX,ADDERI
AF,AGRA FORT
AFK,ANGAMALI
AFR,ASAFPUR
AG,ARANGHATA
AGA,AGRA CITY
AGAE,AGRADWIP
AGAS,AGAS
AGB,AMBAGAON
AGC,AGRA CANTT
AGCI,ANGADI
AGD,AGASOD
AGE,ANGAI H
AGI,AMGURI
AGL,AMARGOL
AGM,AGARAM SIBBANDI
AGMN,AGOMONI
AGN,AMGAON
AGP,AGARPARA
AGQ,ASIRGARH ROAD
AGR,AMARGARH
AGT,AGTHORI
AGTL,AGARTALA
AGTR,AGAUTHAR H
AGV,ANGUA P H
AGX,AGASTIYAMPALLI
AGY,AGORI KHAS
AGZ,AMAGURA
AH,ACHHNERA JN
AHA,ABHAIPUR
AHD,AHERWADI
AHH,AHMADGARH
AHJU,AHJU
AHL,AJHARAIL
AHLR,AHALYAPUR
AHM,AHIMANPUR
AHMP,ADARSH MANPUR
AHN,AHIRAN
AHO,ADARSHNAGAR
AHQ,AHERA
AHT,AMGHATA
AHU,AHIRAULI H
AHZ,ADHINPUR
AI,ADIPUR
AIA,AJARAKA
AIG,ALGAWAN
AIH,ALAWALPUR IDRISPUR
AII,AJMER JN
AILM,AILAM H
AIP,ATTIPPATTU
AIPP,ATTIPATTU PUDU NGR H
AIR,ALINDRA ROAD
AIRL,AIROLI
AIT,AIT
AJ,AJGAIN
AJE,ANJAR
AJH,AJHAI
AJI,ANJHI SHAHABAD
AJIT,AJIT
AJJ,ARAKKONAM
AJJN,AROKONAM JN. NORTH B
AJK,AJAKOLLU
AJKI,AJIT KHERI
AJL,AJITWAL
AJM,ADRAJ MOTI
AJN,AJNOD
AJNI,AJNI
AJP,AJJAMPUR
AJR,AJAIBPUR
AJRE,AUJURI
AJTM,AJIT GILL MATTA H
AJU,ARJUNI
AJUG,ABJUGANJ
AK,AKOLA JN
AKAH,ARTALAKATTA
AKAT,AKKAMPET
AKD,AKODIA
AKE,AKANAPET
AKIP,AKAIPUR H
AKJ,AKBARGANJ
AKK,AKKIHEBBALU
AKLA,AKLERA
AKM,ARAMBAKAM
AKN,AKBARNAGAR
AKNR,ADHYATMIK NAGAR H
AKOR,AKALKOT ROAD
AKOT,AKOT
AKP,ANAKAPALLE
AKR,AKOLNER
AKRA,AKRA
AKRD,AKURDI
AKS,ANKUSPUR
AKSP,ANKSAPUR
AKT,AKALTARA
AKU,ANGALAKUDURU
AKV,ANKLESHWAR JN
AKVD,AKIVIDU
AKVU,ANKLESHWAR UDHYOG NA
AKW,AKORA
AKZ,AKASHI P H
AL,ATTILI
ALAI,ALAI
ALAL,ALAL
ALAT,AVULADATLA
ALAU,ALAU
ALB,ALIA BADA
ALE,AMLETHA
ALER,ALER
ALGP,ALGAPUR
ALJ,ALIGANJ
ALJN,ALIGARH JN
ALK,ALAKKUDI
ALLP,ALLEPPEY
ALM,ALAMANDA
ALMR,ALAMPUR
ALMW,ALMAW H
ALN,ALANDI
ALNI,ALNIYA
ALNP,AKELA HANSPUR H
ALP,ALAPAKAM
ALPD,ADALPAHARI
ALPR,ALAMPUR ROAD
ALS,AMLORI SARSAR
ALU,ARIYALUR
ALUH,ALAULI
ALV,ANKLAV
ALW,ALWAL
AMA,ATAMANDA
AMB,AMBODALA
AMBG,ARAMBAG
AMBR,AMBIKA ROHINA
AMC,AMRITAPURA
AMD,AMILA H
AMDI,AMDI
AME,AMETHI
AMG,ALAMNAGAR
AMGA,AMJONGA
AMGU,AMMUGUDA
AMH,AZAMGARH
AMI,AMRAVATI
AMIN,AMIN
AML,AMALSAD
AMLA,AMLA JN
AMLI,AMLI
AMLO,AMLO
AMLP,AMALPUR
AMM,ATIRAMPATTINAM
AMNE,AMALNER BHANDYACHE
AMNR,AMMANUR
AMO,AMOLWA
AMP,AHMADPUR JN
AMPA,AMBALAPUZHA
AMPL,AMMAPALI
AMPR,AMARPURA RATHAN
AMQ,AMMUGUDA
AMRA,AMHA PIPRA
AMRO,AMROHA
AMS,AMAUSI
AMSA,AMMASANDRA
AMT,AMMAPET
AMV,ALAMBAGH LUCKNOW
AMVA,AMARAVIIA
AMW,AMAN VADI
AMY,AKATHUMURI
AMZ,AMTA
AN,AMALNER
ANA,ASLANA
ANAH,AUNTA H
ANAS,ANAS
ANB,AMMANABROLU
ANC,ANNECHAKANAHALLI H
ANCR,ANCHURI P H
AND,ANDAMPALLAM
ANDI,ADRSH NGR DELHI
ANDN,ANAND NAGAR
ANE,ANANTARAJUPET
ANF,ANANDAPURAM
ANG,AHMADNAGAR
ANGL,ANGUL
ANGM,AUNGARIDHAM H
ANGR,ANGADGERI H
ANH,ANKORAH AKORHA
ANJE,ANGARPATHRA H
ANK,ANKAI
ANKL,ANKOLA
ANLG,AMAN LODGE
ANM,ANAIMALAI ROAD
ANMD,ARANG MAHANADI
ANMP,ARJUN NAGAR HALT
ANND,ANAND JN
ANNR,ANNANUR
ANO,ANJANI
ANP,ANANDTANDAVPUR
ANPR,ANPARA
ANQ,AMNAPUR
ANR,ANARA
ANSB,ANANDPUR SAHIB
ANT,ANANTNAG
ANU,ANANGUR
ANV,ANNAVARAM
ANVR,ANAND VIHAR
ANVT,ANAND VIHAR TRM
ANW,ANAVAL
ANY,ARUMUGANERI
AO,AONLA
AON,ARAON
AONI,AMONI
AOR,ARGORA P H
AP,ASHOKAPURAM
APA,AMARPURA
APB,ANUPPAMBATTU
APD,ALIPUR DUAR
APDC,ALIPUR DUAR COURT
APDJ,ALIPUR DUAR JN
APE,ANDANAPETTAI
APG,ANUPGANJ
APH,ANUPGARH
API,AKKARAIPATTI
APJ,AMARPUR JORASI
APK,ARUPPUKKOTTAI
APKH,ASANPUR KUPHA HALT
APL,APPIKATLA
APMR,APPAIPALLY
APN,AYODHYAPATTANAM
APP,AMBAPENDARPUR H
APR,ANUPPUR JN
APRD,APURVA PH
APRH,ALEHPUR HALT
APT,ANAPARTI
APTA,APTA
APU,ANIPUR
AQG,ASHAPURA GOMAT
ARA,ARA JN
ARAG,ARAG
ARCL,ARUNACHAL
ARD,AMARDA ROAD
ARE,ARNETHA
ARG,ANGAR GHAT
ARGD,ARIGADA
ARGL,ARGUL PH
ARGP,ARALAGUPPE H
ARH,AMHERA H
ARI,ANTRI
ARJ,AUNRIHAR JN
ARK,ARAKU
ARKA,ARKHA H
ARL,ARAUL MAKANPUR
ARMU,ARMUR
ARN,ARAND
ARNA,ARNIA
ARNB,AMARUN
ARNG,ARUN NAGAR H
ARNH,ARJUNAHALLI H
AROR,AROOR
ARP,ATRAMPUR
ARPL,AREPALLI H
ARPR,ALIRAJPUR
ARQ,ARARIYA COURT
ARR,ARARIYA
ARU,ARASALU H
ARV,ARNI ROAD
ARX,ARELI H
AS,ARJANSAR
ASAF,ASIFABAD ROAD
ASAN,ASAN
ASAR,ASRA HALT
ASB,ASANBONI
ASBS,A S BHALE SULTN
ASCE,ATHSARAI
ASD,AMBASAMUDRAM
ASE,ASAUDAH
ASH,AISHBAGH
ASI,ARSENI
ASJP,AMAR SAHEED J P H
ASK,ARSIKERE JN
ASKN,ASHOK NAGAR
ASKR,ASHOKNAGAR ROAD
ASL,ASLAODA
ASLU,ASLU
ASN,ASANSOL JN
ASO,ASANGAON
ASP,ASPARI
ASR,AMRITSAR JN
AST,ASAOTI
ASTG,ASTEGAON
ASV,ASARVA JN
AT,ASNOTI
ATA,ATA
ATB,ALATTAMBADI
ATC,ARTS COLLEGE
ATDA,ATLADARA
ATE,ATARRA
ATG,ATGAON
ATH,ANTAH
ATKS,ATWA KURSATH
ATL,ATHMAL GOLA
ATM,ALTAGRAM
ATMO,AITHAL
ATNR,AWATARNAGAR
ATP,ANANTAPUR
ATPA,AWANTIPURA
ATQ,ARANTANGI
ATRI,ATRI PH
ATRR,ATRAURA H
ATRU,ATRU
ATS,ATTABIRA
ATT,ATARI
ATU,ATTUR
ATUL,ATUL
ATW,ATWA MUTHIA H
ATWN,ASTHWAN
ATX,ALINAGAR TOLA
AUB,ALUABARI ROAD
AUBR,ANUGRAHA N ROAD
AUI,AURAHI F
AUL,AGSAULI
AUN,AURANG NAGAR
AUNG,AUNG
AUR,ATRAULI ROAD
AUS,ANUPSHAHR
AUWA,AUWA
AV,ASVALI
AVC,AMARAVATHI COLONY JN
AVD,AVADI
AVH,AVIDHA
AVK,ARAVANKADU
AVL,AMRITVEL
AVLI,ARAVALLI
AVN,ANAVARDIKHANPET
AVP,ABHANPUR JN
AVRD,ARAVALI ROAD
AVS,AUVANESWSAREM
AVT,AVATIHALLI H
AWG,AWA GARH
AWH,ALEWAHI
AWL,ALAWAL PUR
AWP,AGHWANPUR
AWPR,AWAPUR F
AWR,ALWAR
AWS,ASWANI HALT
AWT,ALWAR TIRUNAGRI
AWY,ALUVA
AXA,AMARSAR
AXK,ASOKHAR
AXR,ALLURU ROAD
AY,AYODHYA DHAM JN
AYC,AYODHYA CANT
AYD,AYANDUR
AYI,AYINGUDI
AYM,ADIYAKKAMUNGALAM
AYN,AIYANAPURAM
AYR,AYYALUR
AYRN,AKSHAYWAT R NGR
AYU,ABHAYAPURI ASAM
AYV,ARYANKAVU
AYVN,NEW ARYANKAVU
AZ,AZIMGANJ JN
AZA,AZARA
AZK,AZHWARKURICHI
AZP,AYYAMPET
AZR,AZAMNAGAR ROAD
BA,BANDRA JN
BAA,BARALA
BAAR,BANDAR PH
BAB,BABINA
BABH,BAHALBA HALT
BABR,BALANAGAR
BAC,BARGACHIA
BAD,BAAD
BADA,BARDHA HALT
BADH,BARHAUNA HALT
BADK,BARKA H
BAE,BALIAKHERI
BAF,BAP
BAGA,BHAGEGA
BAGD,BAGWADA H
BAGJ,BARHARAGANJ
BAGL,BARAGOPAL
BAH,BHABHAR
BAHI,BALLENAHALLI
BAHL,BANIHAL
BAHN,BABHABGAON H
BAHP,BAND HAMIRPUR
BAHW,BAHIR KHANDA
BAI,BASSI
BAJ,BHALEJ
BAJE,BAJAKARE H
BAK,BHAN KARI
BAKA,BANKA
BAKK,BAKKAL
BAKL,BAKAL
BAKT,BARHARA KOTHI F
BAL,BUDALUR
BALI,BHAILI
BALR,BAITALPUR
BALU,BALUGAN
BAM,BRAHMAPUR
BAMA,BIRAMBAD
BAMR,BAMUR
BAND,BANASWADI
BANE,BASNI
BANO,BANO
BAO,BANMOR
BAOL,BAWLI H
BAP,BELAPUR
BAPN,BARAIPURA H
BAPR,BALLUPUR F
BAQ,GANJ BASODA
BAR,BAR
BARD,DUVRI KALAN
BARH,BARH
BARI,BARI
BARJ,BHARATGARH
BARL,BARAL
BARN,BARANAGAR ROAD
BARU,BAHARU F
BASN,BHAINSWAN
BASR,BATESHWAR HALT
BAT,BATALA JN
BATL,BAIHATOLA
BATM,BATALA SUGAR MILLS
BAU,BURHANPUR
BAV,BARUVA
BAW,CHIK BANAVAR
BAWA,BALWARA
BAWD,BHADWAD
BAY,BELLARY JN
BAYD,BAYAD
BAZ,BARAN
BBA,BABRALA
BBAE,BAIDYABATI
BBAI,BHADBHUNJA
BBAR,BARA
BBC,BHACHHBAR
BBCE,BULBULCHANDI
BBD,BABLAD
BBDB,BENOY BADAL DINESH BAG
BBDE,BABARPUR
BBE,BAGHI BARDIHA
BBGN,BARUA BAMUNGAON
BBHT,BARABAR H
BBI,BARABANI
BBJ,BABAGANJ
BBK,BARABANKI JN
BBKR,BABA BAKALA RAIYA
BBL,BALRAI
BBLA,BHYABLA
BBLK,BABA LAKSHMAN DAS H
BBM,BARABHUM
BBMN,BARI BRAHMAN
BBN,BARABIL
BBO,BABUGARH
BBPM,BALABHADRAPURAM
BBPR,BABUPUR H
BBQ,BASIN BRIDGE JN
BBR,BAGH BAZAR
BBRI,BANSHBARI HALT
BBS,BHUBANESWAR
BBSN,BHUBANESHWAR NEW
BBT,BIRATI
BBTR,BARBATPUR
BBU,BHABUA ROAD
BBW,BODARWAR
BBY,BHADROLI
BC,BAREILLY CITY
BCA,BACHWARA JN
BCB,BHOWRA BH
BCD,BANSDIH ROAD
BCF,BANKAPASI F
BCGM,BAINCHIGRAM
BCH,BERCHHA
BCHL,BACHELI
BCHN,BOCHASAN JN
BCHR,BACHAR
BCHT,BARH COURT HALT
BCJ,BAGAHA BISHNUPUR
BCK,BALICHAK
BCL,MUMBAI CENTRAL LOCAL
BCN,BACHHRAWAN
BCOB,BHACHAU BG
BCP,BICHPURI
BCPR,BACHHARPUR HALT
BCQ,BARACHAK
BCRD,BARCHI ROAD
BCU,BHUCHCHU
BCW,BHAWI
BCY,VARANASI CITY
BCYN,BUDHDEVCHAK YADAV NAGAR
BD,BADNERA JN
BDAG,BONIDANGA
BDB,VRINDAVAN
BDBA,BADABANDHA
BDBG,BADHAI BALAMGARH H
BDBP,BASUDEBPUR H
BDBR,BHOGDABAR HALT
BDBS,BINDUBASINI
BDC,BANDEL JN
BDCR,BHADRACHALAM RD
BDDR,BADODAR
BDE,BODELI
BDGM,BADGAM
BDGP,BADANAGUPPE H
BDGU,BUDHAGUMPA
BDH,BHEDIA
BDHA,BADHADA
BDHL,BADHAL
BDHN,BODHAN
BDHP,BHUDPUR
BDHT,BARDI HALT
BDHY,BUDHI
BDI,BHADLI
BDIN,BHADAIYAN
BDJ,VADAKARA
BDKD,BHANDARKUND
BDKN,BANDHUA KALAN
BDKT,BADAKHANDIAITA
BDL,VINDHYACHAL
BDLN,BORDOLONI
BDM,BADAMI
BDMA,BUDHMA
BDME,BAIDYANATHDHAM
BDMJ,BHODWAL MAJRI
BDN,BHADAN
BDNH,BHUDEVI NAGAR
BDNK,BODINAYAKKANUR
BDNP,BIDANPUR
BDO,BAHALDA ROAD
BDPA,BADALPUR P H
BDPG,BADAPADAGAON PH
BDPK,BUDHAPANK
BDPL,BANDARUPALLE
BDPR,BRINDABANPUR PH
BDQ,BUDORA
BDRI,BHADRAULI HALT
BDRL,BYADARAHALLI
BDS,BARADIGHI
BDSW,BUDHSINGHWALA
BDT,BORDUBI ROAD
BDTS,BANDRA TERMINUS
BDU,BADNAPUR
BDUA,BASUDEOPUR CHANDAIL H
BDVL,BUDVEL
BDVR,BODDAVARA
BDVT,BHADRAVATI
BDW,BANDANWARA
BDWA,BADHWA BARA
BDWD,BODWAD
BDWL,BIRADHWAL
BDWS,BADARWAS
BDXT,BASAI DHANKOT
BDXX,BADE ARAPUR
BDY,BUDDIREDDIPPATI
BDYK,BINDAYAKA
BDYP,BIDYADHARPUR F
BDYR,BIDYADABRI
BDZ,BADKULLA
BE,BAREILLY
BEA,BIHIYA
BEAS,BEAS
BEB,BELDANGA
BED,BASERI
BEDM,BEDHAM
BEE,BEBEJIA
BEED,BEED
BEF,BHUPDEOPUR
BEG,BEHTAGOKUL
BEH,BAGDIHI
BEHI,BENNEHALLI
BEHJ,BEHAJ
BEHR,BEOHARI
BEHS,BIHAR SHARIF
BEHT,BIHAT H
BEJ,BENIGANJ
BEK,BUNDKI
BELA,BELA
BELD,BELKHERA
BELT,BELA
BEM,BUDAUN
BEML,B E M L NAGAR H
BEN,BENAPOL
BENA,BELONIA
BENL,BENAL H
BEO,BIROHE
BEP,BHEERPUR
BEPR,BELAPUR C B D
BEQ,BELUR
BER,BEAWAR
BERO,BERO
BES,BES
BET,BARETH
BETI,BHETASI
BEU,BISHESHWARGANJ
BEW,BETAVAD
BEX,BELBONI PH
BEY,B CEMENT NAGAR
BFD,BORHAT
BFE,BAHAWAL BASI
BFF,BARABHATI
BFG,BAGTHAR
BFJ,BHORAS BUDRUKH
BFM,BHALUI
BFP,BILOCHPURA AGRA
BFPA,BHOPATPUR
BFQ,BENDI
BFR,BEKAL FORT
BFT,BHABTA
BFV,BAHELIA BUZURG H
BFW,BYATRAYANAHALLI
BFX,BAGHI GHAUSPUR
BFY,BHESANA
BFZ,BHANDARTIKURI
BG,BHONGIR
BGA,BAGALIA
BGAE,BALAGARH
BGAN,BANGAIN
BGAR,BANGARI
BGB,BUDGE BUDGE
BGBR,BAGBAHRA
BGD,BARA GUDHA
BGDI,BAGADIA PH
BGDS,BHAGWANPUR DESUA
BGF,BAGILA
BGG,BANTA RNATHGARH
BGH,BAGHAULI
BGHI,BAGAHAI ROAD
BGHT,BARKAGAON HALT
BGHU,BORRAGUHALLU
BGJT,BAGHA JATIN F
BGK,BAGALKOT
BGKA,BANGURKELA
BGKT,BHAGAT KI KOTHI
BGL,BAGULA
BGLI,BARGALIA
BGM,BELAGAVI
BGMR,BAGUMRA
BGMU,BANGARMAU
BGN,BORGAON
BGNA,BALGONA
BGND,BAGINADI
BGNP,BANAGANAPALLE
BGNR,B.G. NAGAR
BGO,BOGRI ROAD
BGP,BHAGALPUR
BGPA,BAGESHAPURA
BGPL,BAGHUAPAL
BGPR,BHAGWANPURA
BGQ,BHONGAON
BGRA,BAGHNAPARA
BGRD,BELIAGHATA ROAD
BGRM,BIGGABAS RAMSARA
BGRR,BAGARPUR H
BGS,BEGU SARAI
BGSF,BISUGIRSHARIF
BGTA,BAGRA TAWA
BGTN,BHAGTANWALA
BGU,BAIRAGNIA
BGUA,BAIGUDA
BGVN,BHIGWAN
BGWD,BAGEWADI
BGWI,BEGDAEWAI
BGX,BAGRI SAJJANPUR
BGY,BANGRIPOSI
BGZ,BAHADURGARH
BH,BHARUCH JN
BHA,BHANDAI
BHAD,BARHAPUR H
BHAL,BHATIEL
BHAN,BHOYANI
BHAS,BHOJRAS
BHAT,BHATPURA
BHAU,BHALUA
BHB,BADLA GHAT
BHBK,BODHADI BUJRUG
BHBR,BATHUA BAZAR HALT
BHBV,BLOCK HUT B
BHC,BHADRAKH
BHCL,BAHORA CHANDIL
BHD,BADLI
BHDH,BAHADURPUR UP
BHDR,BHADRI
BHEL,BHEL HALT
BHET,BHESTAN
BHG,BHATON KI GALI
BHGH,BAHIRGACHHI H
BHGJ,BIHARIGANJ
BHGN,BHILGAON
BHGP,BHAGIRATHPUR H
BHHT,BARHARA
BHHZ,BEHTA HAZIPUR
BHI,BAHERI
BHID,BHIDI
BHJ,BARHAJ BAZAR
BHJA,BHEJA
BHK,BADHARI KALAN
BHKA,BAHIRA KALIBARI
BHKD,BHURKUNDA
BHKH,BAGHOIKUSA
BHKL,BHAKRAULI
BHL,BHILWARA
BHLA,BEHULA
BHLE,BARAHAT
BHLK,BHALKI
BHLP,BHULANPUR
BHM,BAHRAM
BHMA,BAGHMARA H
BHME,BHANDARIDAH
BHMW,BHAMBEVA
BHN,BHULI
BHNA,BHAYNA H
BHNE,BHONE
BHNG,BHALUKPONG
BHNP,BISHANPUR HALT
BHNS,BHANSI
BHOJ,BHOJ PADRA
BHP,BOLPUR S NIKTN
BHPA,BAHIRPUYA H
BHPI,BICHHUPALI
BHR,BHADRESHWAR
BHRB,BHAIRABI
BHRL,BHAROLI
BHRM,BISHRAMGANJ
BHS,VIDISHA
BHSA,BHISA H
BHT,BHATTU
BHTA,BHATIYA
BHTH,BHAROPATTI
BHTK,BHANWAR TONK
BHTL,BHATEL
BHTN,BHITONI
BHTR,BHATPAR RANI
BHTS,BHATASA H
BHU,BHANDU MOTIDAU
BHUA,BHUA
BHUJ,BHUJ
BHV,BHOMA
BHVP,BHAVPURA
BHW,BARHARWA JN
BHWA,BECHHIWARA
BHWR,BHITIHARWA ASHRAM F
BHX,BULLUANA
BHY,BHAYAVADAR
BHZ,BIHARA
BI,BARI SADRI
BIA,BHILAI
BIB,BIRPUR
BIC,BICHIA
BICI,BARKICHANPI
BID,BIDADI
BIDD,BIDIYAD
BIDR,BIDAR
BIF,BHAIRONPUR
BIG,BELGAHNA
BIGA,BIGGA
BIGH,BAGRIGRAM HALT
BIGJ,BIBIGANJ
BIGN,BAIGANI
BII,BORIDRA
BIJ,BIRNAGAR
BIJR,BIJOOR
BIK,BHIRA KHERI
BILA,BHESLANA
BILD,BILDI
BILK,BILKHA
BILP,BHILUPUR
BIM,BILIMORA JN
BIML,BHIMAL
BINA,BINA JN
BINR,BRIJ NAGAR
BIO,BORDI
BIP,BAHILPURWA
BIPR,BHEEMPURA
BIQ,BANSI PAHARPUR
BIR,BIR
BIRA,BIRA
BIRD,BHIWANDI ROAD
BIRL,BIRAUL
BIRP,BIRARAJPUR
BIS,BISWA BRIDGE
BISH,BISHENGARH
BIV,BAMHNI BANJUR
BIWK,BISALWAS KALAN
BIX,BHIND
BIY,BARDOLI
BIYA,BANIYANA
BIZ,BAIHATA
BJ,BAHJOI
BJA,BIJROTHA
BJBA,BIJBIARA
BJD,BAREJADI
BJE,BHOJUDIH JN
BJF,BIJNI
BJG,BAJRANGARH
BJI,BIJAULI
BJIH,BIJULI HALT
BJK,BIJORA
BJKN,BAJEKAN
BJL,BRAHMAJAN
BJLP,BARAI JALALPUR
BJM,BHAGAVATHIPURAM
BJMA,BURJ MOHAR
BJMD,BARA JAMDA
BJNR,BIJAINAGAR
BJO,BIJNOR
BJP,VIJAYAPURA
BJPD,BAJIPARA
BJPL,BAIJNATHPAPROLA
BJPR,BIJAIPUR ROAD
BJQ,BAGHORA
BJR,BARRAJPUR
BJRA,BHAJERA
BJRI,BIJURI
BJT,BAJPATTI
BJU,BARAUNI JN
BJUD,BAJUD
BJV,BIJAURIA
BJW,BAJVA
BJWS,BOJAWAS
BJY,BANGALBAREE
BK,BAKRA ROAD
BKA,BARKHERA
BKC,BHIKAMKOR
BKD,BHANKODA
BKDE,BUDHA KHERA
BKDR,BEGUN KUDAR
BKG,BANKA GHAT
BKH,BANKHEDI
BKHR,BAKHRI
BKI,BANDIKUI JN
BKIT,BINKADAKATTI
BKJ,BARKUR
BKKA,BHUKARKA
BKKI,BAKARKUDI
BKKS,BAKKAS
BKL,BONA KALU
BKLA,BAKULHA
BKLE,BAKUDI
BKN,BIKANER JN
BKNA,BAKAINA H
BKNG,BHAKTI NAGAR
BKNM,BANKRA NAYABAZ
BKNO,BIKNAPH
BKO,BINDKI ROAD
BKP,BAKHTIYARPUR JN
BKPR,BAKASPUR
BKPT,BHAKARAPET
BKRD,BHALUKA ROAD F
BKRH,BRIJ KISHOR H
BKRL,BAKROL
BKRO,BOKARO THERMAL
BKS,BALIKOTIA
BKSA,BAKHSHA
BKSC,BOKARO STL CITY
BKSL,BIKRAM SHILA
BKT,BAKSHI KA TALAB
BKTB,BINDUKURI
BKTH,BAIKUNTH
BKTL,BAKTAL
BKTS,BAKHOTI KHAS H
BKTU,BARI KHATU
BKU,BHIKNUR
BKWA,BAKAYANWALA
BL,VALSAD
BLA,BAJALTA
BLAE,BALARAMBATI
BLAX,BARLAI
BLC,BOLDA
BLD,BHILAD
BLDA,BELDA
BLDI,BHILDI
BLDK,BALAUDA TAKUN
BLDL,BALLE DA PIR LARATH
BLG,BILHAR GHAT
BLGA,BELAGULA
BLGH,BISHALGARH
BLGR,BALANGIR
BLGT,BALURGHAT
BLH,BELGHARIA
BLHI,BISALEHALLI
BLHR,BALAHAPUR H
BLJA,BHALOJALA H
BLK,BELAKOBA
BLKR,BALLEKERE H
BLL,BANTANAHAL
BLLI,BALLI
BLM,BALAMU JN
BLME,BHOLLDIH
BLMK,BHALUMASKA
BLMR,BHALUKMARA
BLN,BALLYGUNGE JN
BLND,BOLINNA DOABA
BLNG,BARLANGA
BLNI,BHALWANI
BLNK,BELANKI
BLNR,BIRLANAGAR
BLO,BHULON
BLP,BALRAMPUR
BLPA,BILASIPARA
BLPE,BALAPALLE
BLPR,BADULIPAR
BLPU,BILPUR
BLQR,BILASPUR ROAD
BLR,BALGANUR
BLRA,BILARA
BLRD,BALA ROAD
BLRE,BELSIRI
BLRG,BALASIRING
BLRI,BELARI HALT
BLRR,BELANDUR ROAD
BLS,BALASORE
BLSA,BOLSA
BLSD,BALSAMAND
BLSN,BELSONDA
BLSR,BELASER
BLT,BALOTRA JN
BLTR,BELTHARA ROAD
BLU,BILHAUR
BLV,BHELWA
BLW,BALAWALI
BLWR,BILESHWAR
BLX,BOLAI
BLY,BALLY
BLYC,BALLY CHORD
BLYG,BALLY GHAT
BLYH,BALLY H
BLZ,BUDHLADA
BMA,BAGMAR
BMAE,BELMURI
BMB,BAMRA
BMBE,BIMBARI H
BMC,BHIMALGONDI
BMCK,BISSAMCUTTACK
BMD,BHIMADOLU
BMDR,BAMANDONGRI
BME,BARMER
BMF,BASMAT
BMG,BAMANGACCHI
BMGA,BHIMGARA
BMGM,BRAHMANAGUDEM
BMGN,BAMUNIGAON
BMGR,BAMANGRAM
BMH,BETAMCHERLA
BMHR,BAMANHERI
BMHT,BARAW MORE
BMI,BAMNIA
BMJ,BRIJMANGANJ
BMK,BIRANG KHERA
BMKD,BELLAMKONDA
BMKI,BAPUDHAM MOTIHARI
BMKJ,BHIMKHOJ
BMLL,BAMLA
BMN,BHIMANA
BMNL,BAMANWALI
BMO,BOLARUM
BMP,BRAMHAPURI
BMPL,BRAHMANPALLI
BMPR,BADAMPAHAR
BMPT,BANNI MAHAMMANPATTI H
BMQ,BHIMARLAI
BMR,BIKRAMPUR
BMRN,BHIMRANA
BMSB,BHIMASAR
BMSN,BAMSIN
BMT,BEGUMPET
BMU,BAMHRAULI
BMVR,BHAMER MINAWADA
BMWS,BAMANWAS
BMY,BAMIANA
BMZ,BAMOUR GAON
BN,BIBINAGAR
BNA,BANNI KOPPA
BNAA,BIBHUTI BHUSHAN H
BNAR,BINAUR
BNB,BANSTOLA PH
BNBH,BANI BIHAR
BNBR,BAHANAGA BAZAR
BNC,BANGALORE CANT
BNCE,BANGALORE EAST
BNCR,BANCHARI
BND,BHANDUP
BNDA,BANDA JN
BNDI,BARUNDANI
BNDM,BONDAMUNDA
BNDP,BUNIADPUR
BNE,BOHANI
BNF,BANDHUA
BNG,BARNAGAR
BNGL,BHANGALA
BNGM,BANGURGRAM
BNGN,BONGAIGAON
BNGY,BABHANJYOTIYA H
BNH,BHIMNATH
BNHR,BANABIHARI GWALIPUR PH
BNI,BUDNI
BNJ,BANGAON JN
BNJL,BINJHOL
BNK,BANA SHANKARI H
BNKA,BANKIMNAGAR H
BNKH,BHAIRANAYAKANAHALLI H
BNKI,BANMANKHI JN
BNKJ,BANKEGANJ
BNKM,VINAEKMA HALT
BNL,BEVINAHALU
BNLS,BANGI NIHAL SINGH
BNLW,BANASTHALI NIWAI
BNLY,BHANUPLI
BNM,BARAGAON
BNN,BARNALA
BNNR,BHINDAR
BNO,BANAR
BNOD,BENODA
BNOI,BINDORI
BNP,BHANAPUR
BNPH,BASANTPUR HALT
BNPR,BANIKPUR HALT
BNPT,BENIPATTI PIRAPUR
BNQ,BANARHAT
BNQL,BHANKALA H
BNR,BHAGWANPUR
BNRD,BALANGIR ROAD
BNRS,BANARAS
BNS,BANAS
BNSA,BANBASA
BNSL,BANSINALA H
BNSP,BANSAPAHAR
BNSR,BHAGWANSAR
BNT,BHARTHANA
BNTH,BANDHNATH
BNTL,BANTAWALA
BNU,BANDAKPUR
BNV,BINNAGURI
BNVD,BHANVAD
BNW,BHIWANI
BNWC,BHIWANI CITY
BNXR,BIDHAN NAGAR
BNY,BARHNI
BNZ,BADSHAHNAGAR
BO,BORSAD
BOBS,BOBAS
BOD,BANGROD
BODG,BODAGRAM PH
BOE,BARSOI JN
BOF,BAROG
BOG,BHAIRONGARH
BOI,BAINCHI
BOJ,BHOJO
BOK,BORKHEDI
BOKA,BOKRA
BOKE,BHOKE
BOKO,BOKO
BOKR,BHOKAR
BOM,BOMADRA
BOMN,BOMMAGUNDANAKERE
BON,BHONRA
BONA,BOINDA
BOP,BHOGPUR
BOR,BOISAR
BORA,BAGHDOGRA
BORT,BOLAGARH TOWN PH
BOT,BOROTI
BOTI,BAORI THIKRIA
BOTR,BHAVDHARI
BOUH,BOUDH
BOW,BORAWAR
BOY,BHADOHI
BOYA,BOTHIYA
BOZ,BOLARUM BAZAR
BP,BARRACKPORE
BPA,BELAMPALLI
BPAE,BEGAMPUR
BPAH,BENIPUR A HALT
BPB,BADARPUR JN
BPBS,BALLALPUR
BPC,BERHAMPORE CRT
BPD,BAHADURPUR
BPE,BENAPUR
BPF,BANAPURA
BPGJ,BHARPURA PAHLEJAGHAT JN
BPGR,BENIPURGRAM HALT
BPH,BELPAHAR
BPHB,BHILAI PWR HS
BPJ,BARA HAPJAN
BPK,BHUGAON
BPKA,BHOPALKA
BPKH,BUDHA PUSHKAR HALT
BPL,BHOPAL JN
BPM,BAGHPAT ROAD
BPMH,BISHUNPUR MAHUARI H
BPN,BANPUR
BPO,BARIPADA
BPP,BAPATLA
BPQ,BALHARSHAH
BPR,BHOJIPURA JN
BPRA,BARIPURA
BPRD,BARPETA ROAD
BPRH,BALPUR HALT
BPRS,BHOGPUR SIRWAL
BPS,BANPAS
BPTP,BHANUPRATAPPUR
BPU,BHAUPUR
BPUR,BAIDPUR
BPV,BHOTEPATI
BPW,BURHPURA
BPY,BADAMPUDI
BPZ,BAZPUR
BQA,BANKURA
BQE,BAKANIAN BHAUNR
BQG,BHAGWANGOLA
BQI,BOMMIDI
BQM,BARELIPUR
BQN,BAGRI NAGAR
BQP,BIGHAPUR
BQQ,BAKHLETA
BQR,BHILAINAGAR
BQSP,BASUACHAK HALT
BQU,BHATTIPROLU
BQW,BARAKALAN
BQY,BELERHAT
BR,BANDH BARETA
BRA,BIRSOLA
BRAG,BARANG
BRAM,BALARAMAPURAM
BRBD,BORABANDA
BRBG,BARBIGHA
BRBH,BHOJPUR ROHTAS BORDER HALT
BRBL,BIRAHALLI H
BRBS,BIRBANS
BRC,VADODARA JN
BRCK,BARUA CHAK
BRD,BHANDARA ROAD
BRDB,BARDA
BRDT,BERIA DAULAT H
BRDV,BARADEV
BRE,BHARWARI
BRG,BARGARH
BRGA,BARGARH ROAD
BRGJ,BARGAON GUJAR
BRGL,BURGULA H
BRGM,BARAIGRAM JN
BRGT,BHERAGHAT
BRGW,BARGAWAN
BRH,BAIKUNTHPUR RD
BRHD,BABA RAGHUNI HALT DWARIKA
BRHI,BARHI
BRHL,BARYAL HIMACHAL
BRHT,BAILEY ROAD H
BRHU,BARAHU
BRI,BHIRINGI
BRIH,BAIRI HALT
BRJ,BRACE BRIDGE
BRJN,BRAJRAJNAGAR
BRK,BAHRAICH
BRKA,BARKA KANA
BRKB,BHARAT KHAND
BRKH,BISAPURKALAN
BRKP,BARKIPONA
BRKY,BORAKI H
BRL,BARWALA ROAD
BRLA,BRAYLA CHAURASI
BRLF,BAR LONGFER
BRLY,BIROLIYA
BRM,BARABAMBO
BRMA,BARMASIA
BRMD,BIRAMDIH
BRMH,BELUR MATH
BRMI,BRAHAMANI PH
BRML,BARAMULLA
BRMO,BERMO
BRMP,BIRMITRAPUR
BRMR,BHARMAR
BRMT,BARAMATI
BRMX,BURMI H
BRN,BARHAN JN
BRNA,BERAWANYA
BRND,BORIDAND
BRNI,BARWASNI HALT
BRNR,BARUA NAGAR
BROR,BERORE
BRP,BARUIPUR JN
BRPA,BARUI PARA
BRPK,BISHARPARA KODALIYA
BRPL,BARPALI
BRPS,BARAPALASI
BRPT,BIRAPATTI
BRQ,BAGRAKOT
BRR,BARAKAR
BRRD,BORDI ROAD
BRRG,BIYAVRA RAJGARH
BRRI,BIRARI
BRRZ,BARARA BUZURG
BRS,BIRSINGHPUR
BRSA,BARWA KALAN H
BRSQ,BRAR SQUARE
BRSR,BIRANARSINGHPUR
BRST,BIRPURUSOTHAMPUR
BRT,BRAHMAVART
BRTA,BARTARA
BRTG,BARITHENGARH PH
BRTK,BHORTEX
BRTL,BHARTHALI
BRU,BHAIROGANJ
BRUD,BARUD
BRVR,BORVIHIR
BRW,BARIWALA
BRWD,BARWADIH JN
BRWH,BAHERWA H
BRY,BAREILLY
BRYA,BARHIYA
BRYC,BAREILLY CANTT
BRZ,BARETA
BS,BENISAR
BSA,BHAINSA
BSAE,BANSH BARIA
BSB,VARANASI JN
BSBH,BHAINSBODH
BSBP,BIRSHIBPUR
BSBR,BANSHLAI BRIDGE
BSC,BULANDSHAHR
BSCK,BASUCHAK H
BSCP,BIHAR STATE SUGAR C
BSD,BASULDANGA
BSDA,BANIYA SANDA DHORA
BSDL,BHARSENDI
BSDP,BHUSANDPUR
BSDR,BANSADHARA PH
BSE,BADSHAHPUR
BSGN,BASUGAON
BSGR,BHAGSAR
BSHT,BASIRHAT
BSI,BASBARI
BSJ,BHUPALSAGAR
BSKH,BASUKINATH
BSKO,BANSKHO
BSKR,BASI KIRATPUR
BSL,BHUSAVAL JN
BSLA,BHASILA
BSLE,BATASPUR
BSM,BISANATTAM
BSMH,BIRSAMUNDA HALT
BSN,BANASANDRA
BSNP,BISHANPUR
BSP,BILASPUR JN
BSPH,BISHANPUR HARYANA
BSPL,BASAMPALLE
BSPN,BASSI PATHANAM
BSPR,BISHRAMPUR
BSPX,BANSPANI
BSQ,BARSI TAKLI
BSQP,BANSIPUR
BSR,VASAI ROAD
BSRA,BASARHIA HALT
BSRI,BASARI
BSRL,BESROLI
BSRX,BAGEVADI RD
BSS,BAHADUR SINGH W
BSSL,BASSI BERISAL
BST,BASTI
BSTP,BASANTAPUR
BSUR,BISALPUR
BSW,BANESWAR
BSWA,BAISWARA
BSWD,BHEMSWADI
BSX,BASAR
BSY,BARSATHI
BSYA,BARKISALALYA
BSZ,BHARWA SUMERPUR
BT,BARASAT
BTA,BIHTA
BTBR,BUTI BORI
BTC,BALAGHAT JN
BTD,BOTAD JN
BTDR,BATADRAWA ROAD
BTE,BHARATPUR JN
BTF,BATHNAHA
BTG,BASHARATGANJ
BTGH,BETTADNAGENHALLI H
BTH,BETTIAH
BTHL,BITHAULI F
BTHN,BITHAN
BTI,BHATINDA JN
BTIC,BHATINDA CANTT
BTJL,BHATKAL
BTK,BANKATA
BTKB,BATHNA KRITTIBAS H
BTKD,BHARATKUND
BTKP,BHARAT KUP
BTL,BORTALAO
BTM,BATTULAPURAM H
BTNR,BHARATNAGAR
BTO,BHITAURA
BTP,BABATPUR
BTPD,BETHAMPURDI
BTPG,BETBERIA GHOLA H
BTPH,CHAKIA THERMAL H
BTQ,BETNOTI
BTR,BUTARI
BTRA,BANTHRA
BTRB,BETUR PH
BTRH,BHATAR HALT
BTRI,BITROI
BTRO,BASTOI H
BTS,BASTA
BTSD,BHATISUDA
BTSI,BATASI
BTSR,BHUTESHWAR
BTT,BHATNI JN
BTTN,BHATTIAN
BTTR,BITRAGUNTA
BTU,BARAUT
BTV,BAITARANI ROAD
BTVA,BATUVA PH
BTW,BARSI TOWN
BTX,BELA TAL
BTY,BETHUADAHARI
BTYA,BHATARIYA
BTZ,BALIMARA
BU,BASWA
BUA,BARADWAR
BUB,BISSAU
BUBA,BIJUBIGHA HALT
BUBR,BHUTAKIYA BHIMASAR
BUBT,BUDA BHARTHARA H
BUD,BADLAPUR
BUDA,BHUDA
BUDI,BUNDI
BUDM,BADMAL
BUE,BARUNA
BUF,BIMALGARH JN
BUG,BAGAHA
BUGL,BUGLANWALI
BUGM,BERUGRAM
BUGN,BHURJIHA BARAGN
BUGY,BUGIA
BUH,BURHAR
BUI,BALLIA
BUJ,BARAUNI F
BUJA,BHUJIA
BUL,BHALULATA
BUM,BOMMASAMUDRAM H
BUP,BARIARPUR
BUPH,BABUPETH
BUQ,BARGI
BUR,BINDAURA
BURA,BAHUARA(HALT)
BURN,BURNPUR
BUS,BADAUSA
BUT,BAYTU
BUTA,BHADUTALA
BUTN,BUTANA HALT
BUU,BHADANPUR
BUW,BURHWAL
BUX,BHANDAK
BV,BABHNAN
BVA,BAURIA JN
BVB,BHADBHADAGHAT
BVC,BHAVNAGAR TRMUS
BVH,BALLABGARH
BVI,BORIVALI
BVL,BIKKAVOLU
BVM,BAYYAVARAM
BVN,BISWAN
BVNR,BHAVANI NAGAR
BVO,BOGOLU
BVP,BHAVANAGAR PARA
BVQ,BHILAVDI
BVR,BANAVAR
BVRM,BHIMAVARAM JN
BVRT,BHIMAVARAM TOWN
BVS,BHIVPURI ROAD
BVU,BALIPARA
BVV,BEDETTI
BVW,BAHMNIWALA
BVZ,NALOI BARWA
BW,BIWAI
BWA,BHINWALIYA
BWB,BAGWALI
BWBN,BEWAR BHOJAN
BWC,BANWALI
BWCN,BOWAICHANDI PH
BWD,BELVANDI
BWF,BUTEWALA
BWH,BHADAURA
BWI,BILWAI
BWIP,BHAWANIPATNA
BWK,BAWANI KHERA
BWL,BAWAL
BWM,BHAWANI MANDI
BWN,BARDDHAMAN JN
BWO,BURAMARA
BWP,BHAWANIPUR KALN
BWPB,BHAWANIPUR BIHAR
BWPL,BALWANTPURA CHELASI
BWR,BARWA SAGAR
BWRA,BHARATWADA
BWS,BADWASI
BWSN,BIJWASAN
BWT,BANGARAPET
BWW,BARWAHA
BWX,BAHMAN DIWANA
BWZ,BADDOWAL
BXA,BALOD
BXB,BANGA
BXC,BARWALA
BXF,BARSUAN
BXG,BHANGA
BXHT,BOXIRHAT
BXJ,BOKAJAN
BXK,BANDARKHAL
BXL,BHEDUASOL
BXLL,BILLI
BXM,BELRAYAN
BXN,BAYANA JN
BXO,BOPARAI H
BXP,BARPATHAR
BXQ,BRUNDAMAL
BXR,BUXAR
BXS,PICHCHANDAR KOVIL
BXT,BAMANHAT
BXY,BORDHAL
BY,BYCULLA
BYC,BELLARY CANT
BYD,BYADGI
BYE,BANSI BOHERA
BYH,BHITI
BYHA,BARYA RAM
BYL,BELHA
BYN,BANAHI
BYNR,MOOKAMBIKA ROAD
BYP,BAIJNATHPUR
BYPL,BAIYYAPPANAHALI
BYQ,BAHAI H
BYR,BHAYANDAR
BYS,BARSALI
BYSA,BASULYA SUTAHATA
BYT,BHATAPARA
BYXA,BETGARA
BYY,BYREE
BYZA,BEGUNIA
BZ,BHARUR H
BZA,VIJAYAWADA JN
BZB,BARRA BAZAR
BZC,BELIATOR PH
BZE,BASERIA
BZG,BILGA
BZGT,BAZARGHAT
BZJT,BAZIDA JATAN
BZK,BHAINI KHURD
BZL,BELANAGAR
BZLE,BAZARSAU
BZM,BHIMSEN
BZN,BAGNAN
BZO,BARSOLA
BZR,BISRA
BZS,BANSJORA
BZU,BETUL
BZY,BASAI
CAA,CHAKIA
CAC,CHANDPIPAR HALT
CAER,CHHANERA
CAF,CHANDA FORT
CAG,CHHABRA GUGOR
CAI,CHANPATIA
CAJ,CHAKRAJ MAL
CAM,CHHOTA AMBONA
CAMU,CHAMUA
CAN,KANNUR
CAO,CHAURADANO
CAP,CHATRAPUR
CAPC,CHATRAPUR COURT PH
CAPE,KANYAKUMARI
CAPG,CHAPAGURI
CAR,CHUNAR
CARD,CHARADU
CAS,CHAS ROAD PH
CASA,CHHANSARA
CAT,CHATTAR HAT
CATA,CHHATA ASCHAURA H
CATD,CHATAUD
CAZ,CHAUHANI
CBD,CHANGRABANDHA
CBDH,CBD NAYA RAIPUR
CBE,COIMBATORE JN
CBF,COIMBATORE NRTH
CBH,CHAUBE
CBJ,CLUTTERBUCKGANJ
CBK,CHACHAURA BNGJ
CBM,CUMBUM
CBN,CHIT BARAGAON
CBP,CHIK BALLAPUR
CBR,CHAUBEPUR
CBSA,CHAIBASA
CBT,CHARBATIA
CBU,C BABUSAMUDRAM
CBX,CHAND BHAN
CBY,KHAMBHAT
CBZ,CHURAIBARI
CC,CHAURI CHAURA
CCA,CHIGICHERLA
CCAB,C CABIN
CCBG,CHICHOLIBUZURG H
CCD,CHICHONDA
CCG,CHURCHGATE
CCH,CHINCHVAD
CCI,CHINNEKUNTAPALLI
CCK,CHICHAKI
CCL,CHANCHELAV
CCO,CHICHOLI
CCP,CHHUCHHAPURA JN
CCR,CHINCHURIA
CCT,KAKINADA TOWN
CD,CHANDRAPUR
CDA,CHUDA
CDAE,CHANDANPUR
CDB,CHAUDHURIBANDH
CDBH,CANDRABANDA H
CDBN,CHEDHABANNI H
CDD,CHANDOD
CDG,CHANDIGARH
CDGR,CHANDRAKONA RD
CDH,CHAKDAHA
CDI,CHANDNI CHANDNI CHAUK CBA
CDK,CHANDKHEDA ROAD
CDL,CHODIALA
CDM,CHIDAMBARAM
CDMA,CHANDESHWARSTH
CDMR,CHANDAULI MJHWR
CDNR,CHANDANAGAR
CDP,CHANDPARA
CDRA,CHANDERA H
CDRL,CHHANDRAULI
CDS,CHANDISAR
CDSL,CHANDRESAL
CDV,CHANDARWA
CE,CHHARODI
CEL,CHEBROL
CEM,CHEEKATEEGALPLM
CEME,CHEGRO
CEU,CHIHERU
CFG,CHAKITING
CG,CANNING
CGA,CHENGEL
CGF,CHARALI
CGH,CHOLANG
CGHD,CHINNADAGUDIHUNDI H
CGI,CHANDRAGIRI
CGKR,CHANDRAGIRI KOPPAL H
CGL,CHENGALPATTU
CGLA,CHANGOTOLA
CGN,CHIRGAON
CGON,CHAYGAON
CGR,CHANDAN NAGAR
CGS,CHANGSARI
CGTA,CHEGUNTA
CGV,CHINGAVANAM
CGX,CHARGOLA
CGY,CHANGANASERI
CH,CHANDAUSI JN
CHA,CHAWAPALL
CHAF,CHAF H
CHAH,CHAILAHA H
CHAR,CHARMAL
CHB,CHABUA
CHBN,CHANDKHIRA BAGN
CHBR,CHAURE BAZAR
CHBS,CHAUBISI
CHBT,CHAKARBHATHA
CHC,CHANCHAI H
CHCR,CHACHER
CHD,CHANDIA ROAD
CHDX,CHHADA
CHE,SRIKAKULAM ROAD
CHF,CHUNABHATTI
CHG,CHINCHPOKLI
CHGA,CHIRUGODA
CHH,CHAUKHANDI
CHHU,CHHANUA
CHI,CHIPLUN
CHIB,CHIRAI
CHIT,CHITHARI HALT
CHJ,CHATA
CHJC,CHITODA
CHK,CHAKERI
CHKB,CHAKKI BANK
CHKE,CHALLAKERE
CHL,CHOLA
CHLK,CHAVALKHEDE
CHLR,CHHALESAR
CHM,CHALTHAN
CHMG,CHINTPURNI MARG
CHN,CHHINA
CHNN,CHANNANI
CHNR,CHHAN ARORIAN
CHNU,CHHANVA
CHOD,CHARDUAR
CHOK,CHAUK
CHP,CHHAPI
CHPD,CHEPPADU
CHPT,CHATRAPATTI
CHR,CHILKAHAR
CHRA,CHHARRA
CHRG,CHORGI
CHRI,CHARHI
CHRK,CHURKI
CHRM,CHIRMIRI
CHRU,CHAMRUA
CHSM,CHINNA SALEM
CHT,CHAMPAHATI
CHTL,CHURARU TAKARLA
CHU,CHAMPION
CHUA,CHOURARI
CHV,CHARVATTUR
CHWT,CHAPRAWAT H
CHZ,CHARLAPALLI
CI,CHHAPRA KACHERI
CIA,CHHEHARTA
CID,CHIRAIDONGRI
CIH,CHILHIA
CII,CHETTIYARPATTI
CIK,CHIKASANA
CIKA,CHIKANA
CIKR,CHANDIKHOLE ROAD
CIL,CHILBILA JN
CIO,CHIKHLI ROAD
CIRL,CHIRULA
CIT,CHITALI
CIV,CHINNARAVURU
CJ,KANCHIPURAM
CJA,CHONGAJAN
CJE,KANCHIPURAM EAST
CJL,CHAJLI
CJM,CHINNA GANJAM
CJN,CHHATNA
CJQ,CHAMPAJHARAN
CJR,CHAMARAJ
CJS,CHARAMULA KUSUM
CJW,CHAJAWA
CK,CHIKSUGUR
CKA,CHAK PAKHEWALA
CKB,CHAUTH KA BRWRA
CKBK,CHIKKABENAKAL
CKD,CHARKHI DADRI
CKDL,CHAKDAYALA
CKE,CHOKI SORATH
CKG,CHOWKA GHAT
CKH,CHAKAND
CKHS,CHIKHLI
CKHT,CHANKA HALT
CKI,CHALAKUDI
CKK,CHAKARPUR
CKKD,CHARKHEDA KHURD
CKLA,CHAK BANWALA
CKLT,CHAKKALI LAI H
CKM,CHAUKI MAN
CKMI,CHHOTAKI MASAUDHI H
CKN,CHINTAKANI
CKNA,CHIKNA F
CKNI,CHIKNI ROAD
CKOD,CHAKROD
CKP,CHAKRADHARPUR
CKR,CHIKODI ROAD
CKRD,CHAKMAKRAND
CKS,CHAKSU
CKSR,CHAKSAFAURA H
CKTD,CHITRAKOOTDHAM
CKU,CHAKULIA
CKV,CHERUKUVADA
CKVD,CHIKKANDAWADI H
CKW,CHALKHOWA
CKX,CHAKUR
CKYD,CHAKRA ROAD H
CLA,KURLA JN
CLD,CHALSA JN
CLDR,CHILIKIDARA
CLDY,CHANDLODIYA
CLE,CHINTALPALLI
CLF,CHHULHA
CLG,KAHALGAON
CLI,CHALGERI
CLJ,COLONELGANJ
CLKA,CHILKA
CLKN,CHUCHELA KALAN H
CLN,KOLLIDAM
CLO,CHILO
CLPE,CHALLAVARIPALLE
CLR,CASTLE ROCK
CLT,KOZHIKODE
CLU,CHILAKALAPUDI
CLVR,CHILUVUR
CLW,CHILWARIYA
CLX,CHIRALA
CM,CAMPIERGANJ
CMA,CINNAMARA
CMBR,CHEMBUR
CMC,CHEMANCHERI
CMDG,CHAMARDIGHI
CMDP,CHIMIDIPALLI
CMGR,CHIKKAMAGALUR
CMJ,CHAMARAJAPURAM
CMMG,CHAMUNDA MARG
CMNR,CHAMARAJANAGAR
CMP,CHROMEPET
CMR,CHAMROLA
CMU,CHAU MAHLA
CMW,CHIMA PAHAD
CMX,CHAMAGRAM
CMY,CHINTAMANI
CMZ,CHALAMA
CNA,CHANDERIYA
CNB,KANPUR CENTRAL
CNBI,CHANDARI
CNC,CHINCHLI
CND,CHANDUR
CNDB,CHANDUR BAZAR
CNDI,CHANDI
CNDM,CHANDI MANDIR
CNDN,CHANDAN
CNE,CHANDRANATHPUR
CNF,CHIANKI
CNGR,CHENGANNUR
CNH,CHAUNRAH
CNI,CHANDIL JN
CNJ,CHANDER NAGAR H
CNK,CHANDOK
CNKH,CHINNAKOTE HALT
CNKP,CHANAKYAPURI
CNL,CHANDAWAL
CNN,CHINTAMAN GANESH
CNO,CANCONA
CNPA,CHANNARAYAPATNA
CNPI,CHANDANPAHARI
CNPR,CHAINPUR
CNR,CHANDAR
CNRF,CHANDRA
CNS,CHUCHURA
CNV,KINATTUKKADAVU
CNX,CHANDAUNA H
COA,KAKINADA PORT
COB,COOCH BEHAR
COD,CHHOTA GUDHA
COE,CHITROD
COL,COROMANDEL
COM,CHOMUN SAMOD
COO,CHHOTI ODAI
COR,CHITTAURGARH
CPA,KANPUR ANWRGANJ
CPB,KANPUR BRIDGE RB
CPBH,CHIRAILLA PAUTHU
CPD,CHINCHPADA
CPDR,CHHIPADOHAR
CPE,CHANDIPOSI
CPH,CHAMPA
CPHT,COOPERS HALT
CPJ,KAPTANGANJ JN
CPK,CHAPARMUKH JN
CPL,CHAKARLAPALLI
CPLE,CHINPAI
CPN,CHAMPANER RD JN
CPP,CHIPURUPALLE
CPPR,CHAMPAPUR HALT
CPQ,CHAPRAKATA
CPR,CHHAPRA
CPS,CHAND SIAU
CPSN,CH SAMBHAJI NAGAR
CPT,CHANNAPATNA
CPU,CHOPAN
CQA,CHERUKARA
CQL,CHIRAKKAL H
CQR,CHAMPAPUKUR
CQS,CAPPER QUARRY
CRAE,CHERAGRAM BH.
CRC,CHARKHARI ROAD
CRD,CURREY ROAD
CRDA,CHAKARDAHA HALT
CRE,CHORGHATPIPARIA
CRG,CHURAMAN NAGRI
CRJ,CHITTARANJAN
CRK,CHARKHERA
CRKR,CHAURAKHERI
CRL,CHORAL
CRLM,KARAMELARAM
CRN,CHAREGAON
CRND,CHORANDA JN
CROA,CHAUTARA
CRP,CHANDRAPURA
CRQ,CHARPOKHARI H
CRR,KARAGOLA ROAD
CRU,CHUDAWA
CRV,CHUREB
CRW,CHARAUD
CRWA,CHIRAWA
CRWL,CHAKRAKWALA
CRX,CARRON
CRY,CHIRAYINKIL
CS,CANNANORE SOUTH
CSA,CHAUSA
CSB,SHIVAJI BRIDGE
CSDR,CHANNASANDRA
CSM,CANSAULIM
CSMT,C SHIVAJI TERM MUMBAI
CSN,CHALISGAON JN
CSR,CHAK SIKANDAR
CSZ,COSSIMBAZAR
CT,CHITTAPUR
CTA,CHITRADURG
CTC,CUTTACK
CTD,CHHOTA UDEPUR
CTF,CHITGIDDA
CTGN,COTTON GREEN
CTH,CHIKALTHAN
CTHR,CHITAHRA
CTHT,CHATAR
CTJ,CHHATAINI
CTKT,CHOTI KHATU
CTL,CHITAL
CTM,KATTANGULATUR
CTMP,CHHIT MAKANDPUR
CTND,CHETTINAD
CTO,CHITTOOR
CTPE,CHANDANATTOP
CTPR,CHINTAPARRU H
CTQ,CHETAR
CTR,CHATRA
CTRD,CHITRAWAD
CTRE,CHITTERI
CTS,CHATTRIPUT
CTT,CHITRASANI
CTTP,CHITRAPUR
CTU,CHHATAPUR ROAD
CTW,CHHINTANWALA
CTYL,CHITYALA
CU,CHAGALLU
CUE,CHOUPALE
CUK,CHURK
CUPJ,CUDDALORE PORT
CUR,CHURU
CUX,CHAURA
CV,CAUVERY
CVB,CAVALRY BARRCKS
CVD,CHAVADIPALAYAM
CVJ,CHAVAJ
CVP,KOVILPATTI
CVR,CHORVAD ROAD
CVV,CHERUVUMADHAVARAM
CW,CHAINWA
CWA,CHHINDWARA JN
CWDA,CHUHRIWALA DHANNA
CWI,CHONDI
CWLE,CHOWRIGACHA
CWN,CHAREWAN H
CWR,CHOUVARA
CWT,CHOWHATTA
CX,CHANOL
CXA,CHANDSARA H
CYI,CHHAYAPURI
CYN,CHERIYANAD
CYR,CHARNI ROAD
Code,Station Name
D,DEULA
DAA,DATIA
DAB,DHARMABAD
DABN,DHABAN
DAC,DAHINSARA JN
DACT,DHAKA CANTT
DAD,DEVARGUDDA
DADN,DR AMBEDKAR NGR
DAE,DAHEGAON
DAG,DHANG
DAJ,DUROJI
DAKA,DHAKA
DAKE,DAKHINESWAR
DAL,DALIGANJ
DAM,DHAMORA
DAN,DHANETA
DANE,DANRE
DAO,DAGHORA
DAP,DAGMAGPUR
DAPD,DAPODI
DAQ,DAUD KHAN
DAR,DANWAR
DARA,DARA
DAS,DHASA JN
DAU,DAGRU
DAV,DEVALGAON AUCHR
DAVC,D A V COLLEGE JALALABAD
DAVJ,D A V COLLEGE JALANDHAR
DAVM,DHANUVACHAPURAM
DAYG,DARIYAGANJ
DAZ,DELHI AZADPUR
DB,DABHOI JN
DBA,DABRA
DBB,DHUBRI
DBD,DEOBAND
DBEC,DEVBALODA CHRDA
DBF,DABPAL
DBG,DARBHANGA JN
DBHL,DOBH BAHALI
DBI,DABLI RATHAN
DBL,DODBELE
DBLA,DABLA
DBLG,DIBLONG
DBLI,DEBRABANDHAULI H
DBM,DABOLIM
DBN,DHABLAN
DBNK,DERABABA NANAK
DBNR,DIBNAPUR H
DBO,DABHODA
DBP,DEBIPUR
DBR,DABHAURA
DBRG,DIBRUGARH
DBRT,DIBRUGARH TOWN
DBS,DOBBSPET H
DBSI,DAYA BASTI
DBT,DAKSHIN BARASAT
DBU,DODBALLAPUR
DBV,DABILPUR
DBW,DUBIA
DBY,DIGBOI
DBZ,DHING BAZAR
DC,MAGUDANCHAVADI
DCA,DAMCHARA
DCAB,D CABIN
DCH,DINHATA COLLEGE H
DCK,DHANDHUKA
DCP,DAL CHAPRA F
DCU,DAMALCHERUVU
DCX,DHANIACHHA
DD,DAUND JN
DDA,DURAUNDHA JN
DDC,DUM DUM CANT
DDCC,DAUND CHORD LINE
DDCE,DUNDI
DDCL,DOMBIVLI CONTROL CABIN
DDD,DHONDHA DIH
DDDA,DUDDEDA
DDDM,DEEN DAYAL DHAM
DDE,DONDAICHA
DDGA,DUGDA
DDGJ,DEEDAR GANJ
DDJ,DUM DUM
DDK,DHINDSA
DDL,DHANDARI KALAN
DDM,DAM DIM
DDMT,DARIMETA
DDN,DEHRADUN
DDNA,DUDHAUNDA H
DDNI,DUDHNOI
DDP,DAUDPUR
DDR,DADAR
DDU,PT DEEN DAYAL UPADHYAY JN
DDV,DADHDEVI
DDW,DUDWA
DDWA,DEEDWANA
DDX,DHAMDHAMIA
DDY,DUDWINDI
DEA,DIARA
DEB,DEBAGRAM
DEC,DELHI CANTT
DED,DANDELI
DEE,DELHI S ROHILLA
DEEG,DEEG
DEG,DELANG
DEHR,DEHU ROAD
DEIA,DEORIA
DEL,DENDULURU
DELI,DEOLI
DELO,DEORAKOT
DEMU,DEMU
DEO,DEOKALI
DEOR,DIYODAR
DEOS,DEORIA SADAR
DEP,DEPALSAR
DEPI,DEENAPATTI
DER,DADRI
DES,DESARI
DET,DET
DEV,DEVARAYI
DEW,DEWALGAON
DFR,DEOGAN ROAD
DG,DINDIGUL JN
DGA,DIGHWARA
DGB,DANDU GOPALAPURARN H
DGBH,DIGHA BRIDGE HALT
DGBZ,DONGRI BUZURG
DGD,DANGIDHAR
DGDG,DURGADA GATE
DGF,DHANGARIA PH
DGG,DONGARGARH
DGHA,DIGHA FLAG STN
DGHL,DIGHAL
DGHR,DEOGHAR
DGHT,DIGHA H
DGI,DUNGRI
DGJ,DUNGAR JN
DGLE,DHULIAN GANGA
DGN,DONGARGAON
DGNH,DERGAON H
DGNR,DURGANAGAR F
DGO,DURGAUTI
DGPP,DHENGLI PP GOAN
DGQ,DUGDOL
DGR,DURGAPUR
DGS,DAGORI
DGU,DIGARU
DGW,DHIGAWARA
DGX,DAHGAON
DGZ,DEVIGANJ
DH,DIAMOND HARBOUR
DHA,DHEENA
DHAE,DAINHAT
DHBI,DHABAULI HALT
DHD,DAHOD
DHE,DOBHI H
DHF,DAHEJ
DHG,DHRANGADHRA
DHH,DINHATA
DHI,DHULE
DHJ,DHINOJ
DHK,DHAKURIA F
DHKR,DHODA KHEDI
DHL,DEVANAHALLI
DHM,DADHAL INAM
DHMZ,DHOLA MAZRA
DHN,DHANBAD JN
DHNA,DHACHNA
DHND,DHINDA
DHNE,DHONE
DHNR,DHANORA DECCAN
DHO,DHAULPUR
DHOA,DHAULPUR
DHP,DICHPALLI
DHPD,DAHAPARA DHAM
DHPR,DAPPAR
DHQ,DHARAKHOH
DHR,DHARNAODA
DHRJ,DHIRGANJ
DHRN,DHURANA
DHRR,DHIRERA
DHRY,DHAIPUKHURI
DHT,DHAMARA GHAT
DHU,DHUBULIA
DHW,DHARIWAL
DHWN,DANIYAWAN F
DHY,DHARODI
DI,DOMBIVILI
DIA,DIDWANA
DIB,DIBAI
DIBL,DHOLI BHAL
DIC,DAHISAR
DIG,DUGGIRALA
DIH,DHARUADIHI
DIL,DILAWARNAGAR
DIM,DHANSIMLA PH
DING,DING
DINR,DIVINE NAGAR
DIP,DIPORE
DIR,DHANAPUR ORISSA
DISA,DISA
DIT,DOHRIGHAT
DIU,DHING
DIVA,DIVA
DIW,DHILWAN
DIWR,DIGWAR HALT
DJ,DARJEELING
DJA,DAOTUHAJA
DJD,DIDARGANJ ROAD
DJG,DULIAJAN
DJHR,DEOJHAR
DJI,DHORAJI
DJL,DODJALA H
DJR,DOMJUR
DJRZ,TO DARJEELING
DJS,DHURANT JWAS H
DJX,DUNGRIPALI
DK,DAKOR
DKAE,DANKUNI
DKB,DAKSHINBARI
DKBJ,DAHAR KA BALAJI
DKC,DEVARKADRE
DKD,DONAKONDA
DKDE,DANKAUR
DKDP,DAKSHIN DURGAPUR H
DKE,DIHAKHO
DKGN,DEKARGAON
DKGS,DINKAR GRAM SIMARIA
DKI,DHARMKUNDI
DKJ,DORNAKAL JN
DKJR,DHEKIAJILI ROAD
DKLU,DOIKALLU
DKM,DIKOM
DKMN,D KURHMA NARESH HALT
DKN,DEVANGONTHI
DKO,DEVAKOTTAI ROAD
DKR,DEKPURA H
DKRA,DHUANKHERI
DKRD,DOCKYARD ROAD
DKS,DAREKASA
DKSA,DRAKSHARAMA
DKT,DHULKOT
DKU,DUMRI KHURD
DKUR,DOKUR
DKW,DHANAKWADA
DKWA,DOKWA
DKX,DUDHWAKHARA
DKY,DHOKI
DKZ,DELHI KISHANGNJ
DL,DALADI
DLA,DAULTA
DLB,DAULATABAD
DLC,DALMERA
DLCR,DULLABCHERRA
DLD,DALAUDA
DLDE,DALDALI
DLF,DALAN
DLGN,DHALGAON
DLI,DELHI
DLJ,DHOLA JN
DLK,DALKOLHA
DLM,DASKALGRAM
DLMH,DHAULIMUHAN
DLN,DILDARNAGAR JN
DLO,DALGAON
DLP,DALPATPUR
DLPC,DAULATPUR CHOWK
DLPH,DAULATPUR HAT
DLPI,DELHI INDRAPURI H
DLPR,DAYALPUR
DLPT,DULAKHAPATNA PH
DLQ,DALELNAGAR
DLR,DULLAHAPUR
DLSR,DALHOUSI ROAD
DLV,DOLAVI
DLW,DILWA
DLX,DALIMGAON
DLZ,DHOLBAZA
DMA,DAMODAR JN
DMBR,DUMRI BIHAR
DMC,DHEMAJI
DMD,DHARMADAM H
DME,DAMNAGAR
DMF,DUMETRA
DMG,DOMINGARH
DMGN,DHAMALGAON
DMH,DAURAM MADHPURA
DMJR,DOMJUR ROAD
DMK,DILMILI
DML,DHARAMTUL
DMLE,DUMURDAHA
DMM,DHARMAVARAM JN
DMN,DHAMANGAON
DMNJ,DAMANJODI
DMO,DAMOH
DMP,DHARMPUR HMCHL
DMPR,DHARAMPUR
DMR,DHARMANAGAR
DMRT,DUMURIPUT
DMRX,DUMRI HALT
DMSR,DHIMSIRI HALT
DMT,DIGUVAMETTA
DMU,DHAMUA
DMV,DIMAPUR
DMW,DALMAU JN
DMYA,DAMAY
DMZ,DUMDANGI
DN,DHANARI
DNA,DEGANA JN
DNDI,DHONDI
DNDL,DANDIMAL PH
DNE,DHAMNI
DNEA,DANEA
DNGD,DUNGARDA
DNGI,DANGARI
DNH,DEONAGAR
DNHK,DHINDHORA HKMKD
DNHL,DHANIAKHALI H
DNI,DANSI PH
DNJ,DAUNDAJ
DNK,DHANAKYA
DNKL,DHENKANAL
DNL,DHANOLI PH
DNM,DHANMANDAL
DNN,DINA NAGAR
DNQ,DANDKHORA
DNR,DANAPUR
DNRA,DHANDHERA
DNRE,DHANAURI
DNRP,DUNGARPUR
DNT,DANTAN
DNU,DALSANUR
DNUA,DHANSURA
DNV,DONKINAVALASA
DNW,DANGARWA
DNWH,DANIYAWAN BZR H
DNWR,RAJDHANWAR
DNX,DHANSU
DO,DAUSA
DOA,DORAHA
DOB,DUNDLOD MKDGRH
DOBH,DEOBAHAL
DOC,DAUN KALAN
DOD,DHODHAR
DODH,DODH
DOE,DEORI
DOH,DHODRA MOHAR
DOI,DOMOHANI
DOK,DHOLKA
DOKM,DOKRA H
DOKY,DUKHERI
DOL,DHOLI
DOLK,DHOLIKUVA
DON,DONTA
DOR,DUNDARA
DORD,DEO ROAD
DOS,DEHRI ON SONE
DOT,DHAKIA TIWARI H
DOTL,DEOTALA
DOW,DAVOL
DOX,DOHNA
DOY,DORNAHALLI
DOZ,DAURAI
DPA,DURGAPURA
DPC,DARLIPUT
DPD,DOSAPADU
DPDH,DHANPATDIH
DPDP,DHAPDHAPI
DPE,DEVARAPALLI
DPH,DADHAPARA
DPI,DODDAMPATTI
DPJ,DHARMAPURI
DPK,DHOLIPAL
DPL,DANAULI PHLWRIA
DPLN,DIPLANA
DPNR,DEEPNAGAR H
DPP,DHIRPUR
DPR,DHAMPUR
DPRA,DHUPDHARA
DPS,DANGOAPOSI
DPSR,DAPSAURA
DPT,DALPAT SINGHPUR
DPU,DIPHU
DPUR,DEPUR PH
DPW,DHAPEWARA
DPX,DADPUR
DPZ,DEVPURA
DQG,DHUPGURI
DQL,DHALAIBIL
DQN,DHANERA
DQR,KACHEGUDA DBR
DR,DADAR
DRA,DULARIYA
DRB,DEBARI
DRBR,DEORAHA BABA ROAD H
DRD,DAHANU ROAD
DRG,DARSHANNAGAR
DRGM,DEORAGRAM
DRGU,DAMRUGHUTU
DRH,DHARHARA
DRHI,DAGAR KHEDI
DRI,DUMRI JUARA
DRL,DEROL
DRLA,DAURALA
DRN,DEORANIAN
DRO,DARYAOGONJ
DRPH,DEVRI PH
DRQ,DHARMINIYA H
DRR,DHARUR
DRS,DHARESHWAR
DRSN,DHURWASIN
DRSV,DHARASHIV
DRTP,DASHARATHPUR
DRU,KADUR
DRV,DARAULI
DRW,DHAREWADA
DRWN,DEROWAN P. H.
DRZ,DALLI RAJHARA
DS,DASNA
DSA,DELHI SHAHDARA
DSB,SADAR BAZAR
DSJ,DELHI SAFDARJNG
DSK,DUSKHEDA
DSKG,DSKS NAGAR GARHPURA
DSL,DESWAL
DSM,DARASURAM
DSME,DASARA
DSNI,DAUSNI
DSNR,DASHNAGAR
DSO,DESHNOK
DSPL,DASPALLA
DSPN,DESHAPRAN P H
DSPT,DANISHPET
DSR,DHANSIRI
DSS,DALSINGH SARAI
DST,DASAMPATTI
DSVS,D SAMUDRAVALLI
DSX,DESANG
DTAE,DHATRIGRAM
DTAP,DHATURA ALIPUR
DTC,DITOKCHERRA
DTE,DEULTI
DTF,DANTIA
DTG,DIGNAGAR
DTJ,DETROJ
DTK,DATTAPUKUR
DTL,DARRITOLA
DTN,DHAMTAN SAHIB
DTO,DALTONGANJ
DTP,DIVITI PALLI
DTQ,DATARDA KALAN
DTR,DHAMTARI
DTRA,DANTRA
DTRD,DIYATARA ROAD
DTT,DODAANATTA HALT
DTV,DHUTRA
DTVL,DATIVLI CABIN
DTW,DATEWAS
DTX,DANGTAL
DUA,DHAURA
DUAN,DUAN
DUB,DABTARA
DUBH,DUBAHA
DUD,DUDHANI
DUE,DUDAHI
DUGA,DUGGA
DUI,DHURI JN
DUJ,DUBRAJPUR
DUK,DUDIA
DULP,DAULATPUR HARYANA
DUM,DHAURMAU JAGHINA
DUMK,DUMKA
DUMR,DUMRA
DUN,DUGANPUR
DUO,DHAURSALAR H
DUR,DESUR
DURE,DUMRAON
DURG,DURG
DURP,DURGAPURI
DUS,DULRASAR
DUSI,DUSI
DUT,DUM DUMA TOWN
DUTR,DURIATANR HALT
DUU,DUPADU
DVA,DELVADA
DVD,DUVVADA
DVG,DAVANGERE
DVGM,DEVGAM
DVH,DEVI HALT
DVJ,DILLIDEWANGANJ
DVL,DEVLALI
DVM,DALBHUMGARH
DVN,DEVTHANA H
DVR,DORAVART CHTRAM
DWA,DAILWARA
DWD,DHEKVAD
DWDI,DIGHWA DUBAULI
DWG,DEWANGANJ
DWI,DINGWAI
DWJ,DWARKAGANJ
DWK,DWARKA
DWL,DHUWALA
DWLE,DHAUNI
DWNA,DIWANA
DWO,DOIWALA
DWP,DWARAPUDI
DWR,DHARWAR
DWT,DEWAN HAT
DWV,DIWANKHAVATI
DWX,DEWAS
DWZ,DANTEWARA
DXD,DIGOD
DXG,DHARANGAON
DXH,DUHAI
DXK,DHANA KHERLI
DXN,DUDDHINAGAR
DXR,DIGSAR
DXU,DOHRU
DY,DUMARIYA
DYD,DARYABAD
DYE,DAYANAND NAGAR
DYK,DUDHIA KHURD
DYP,DARYAPUR
DYU,DIYURI H
DYW,DIYAWAN H
DZA,DASUYA
DZB,DAHINA ZAINABAD
DZK,DURGACHAK
DZKT,DURGACHAK TOWN
DZL,DHANA LADANPUR
DZP,DARAZPUR
ED,ERODE JN
EDD,EDDULADODDI
EDG,EDEN GARDEN
EDN,EDAMANN
EDP,EDAPALAYAM HALT
EDU,ERIODU
EE,ELURU
EGT,EGATTUR
EGU,IRANAGALLU
EKC,EKCHARI
EKH,EKSARI
EKI,EKLAKHI
EKL,EKDIL
EKM,EKAMBARAKUPPAM
EKMA,EKMA
EKN,EZHUKONE
EKNR,EKTA NAGAR
EKR,EKANGARSARAI
EL,ELAMANUR
ELL,ERALIGUL
ELM,ELIMALA
ELR,ELAVUR
EN,ISAND
ENB,ELLENABAD
ENR,ENNORE
ERC,ERICH ROAD
ERL,ERANIEL
ERN,ERNAKULAM TOWN
ERS,ERNAKULAM JN
ESV,ISIVI
ET,ITARSI JN
ETAH,ETAH
ETK,ETAKKOT
ETM,ETTUMANUR
ETMD,ETTIMADAI
ETP,ETTAPUR ROAD
ETR,ELATTUR
ETUE,ETMADPUR
ETW,ETAWAH
EVA,EDAVAI
EZP,EZHUPUNNA
FA,FALNA
FAB,FATEHABAD
FAH,FATEHA H
FAN,FATEHNAGAR
FAP,FAKHARPUR H
FAR,FARAH
FBD,FARRUKHABAD
FBG,FORBESGANJ
FDB,FARIDABAD
FDK,FARIDKOT
FDN,FARIDABAD NW TN
FGCN,FATEHGARH CHURIAN
FGH,FATEHGARH HARYANA
FGR,FATEHGARH
FGSB,FATEHGARH SAHIB
FHT,FARAH TOWN
FK,FEROK
FKA,FAZILKA
FKB,FAKHRABAD
FKG,FURKATING JN
FKM,FAKIRAGRAM JN
FL,PHULERA JN
FLCK,FAZALCHAK
FLD,PHULAD
FLK,FALAKATA
FLM,FALIMARI
FLR,PHULESWAR
FLU,PHULIA
FM,KCG FALAKNUMA
FN,FARUKHNAGAR
FNB,FATEHNAGAR BRIDGE
FNO,FUNGO H
FPAW,FATEHPUR ATWA HALT
FPMP,FATEHPUR MAKRANDPUR
FPS,FATEHPUR SKHWTI
FRD,FARHEDI H
FRDH,FARIDAHA
FRH,FARHANTNAGAR
FSG,PHURSUNGI
FSP,FATEH SINGHPURA
FSR,FAQARSAR
FSW,FATEH SINGHWALA
FTC,FATEHPUR CHAURASI
FTD,FATEHABAD CH.JN
FTH,FATUHI
FTP,FATEHPUR
FTS,FATEHPUR SIKRI
FUT,FATUHA JN
FYZ,FAIZULLAPUR
FZD,FIROZABAD
FZGH,FEROZGUDA HALT
FZL,FAZALPUR
FZP,FIROZPUR CITY
FZR,FIROZPUR CANT
G,GONDIA JN
GA,GUDHA
GAA,GALAN
GAD,GEVRA ROAD
GADH,GOALDIH
GADJ,GANDHINAGAR JPR
GADM,GANGA DHAM
GAE,GAIPURA
GAG,GANGAGHAT
GAGA,GALGALIA
GAH,GAWNAHA
GAHT,GHUSIA HALT
GAI,GAUCHHARI
GAJ,GANESHGANJ
GAJB,GAJARA BAHARA
GAJU,GAJU H
GAL,GHATALA
GALE,GANKAR
GAM,GANJAM
GAMI,GOGAMERI
GAMN,GAMANI
GANG,GANGAGANJ
GANL,GHANAULI
GAO,GAIGAON
GAP,GURPA
GAQ,GANJ KWAJA
GAR,GADARWARA
GARA,GARHA
GATD,GAUTAMDHARA
GATL,GHATOLI
GAUR,GAUR
GAW,GAINJAHWA
GAYA,GAYA JN
GB,GAURI BAZAR
GBA,GARHBETA
GBB,GUBBI
GBD,GAURIBIDANUR
GBE,GAYABARI
GBG,GOBARDANGA
GBHA,GAROBIGHA H
GBK,GOPALPUR BALIKUDA
GBN,GARH BANALI
GBP,GULABPURA
GBPM,GARHI BERI
GBQ,GODBHAGA
GBRA,GOBRA
GBRI,GOBARWAHI
GBX,GOVINDPUR ROAD
GC,GHAT KOPAR
GCAB,G CABIN
GCH,GACHHIPURA
GCN,GOCHARAN
GCT,GHAZIPUR CITY
GD,GONDA JN
GDA,GODHRA JN
GDB,GIDDARBAHA
GDBR,GOONDA BIHAR
GDD,GADRA ROAD
GDE,GARLADINNE
GDG,GADAG JN
GDGN,GAUDGAON
GDH,GIDNAHALI
GDHA,GODHA
GDI,GUDGERI
GDK,GONDA KACHAHRI
GDKP,GHUDANKHAPA
GDL,GONDAL
GDM,GUDMA
GDN,GANGAIKONDAN
GDO,GOVERDHAN
GDP,GUDUPULLI
GDPL,G POCHAMPALLI
GDQ,GODAMGURA
GDR,GUDUR JN
GDRA,GANGADHARA
GDU,GUDRU HALT
GDV,GUDIVADA JN
GDW,GADHWALA
GDX,GHOKSADANGA
GDY,GUINDY
GDYA,GHORADONGRI
GDZ,GUNDARDEHI
GEA,GHATERA
GEB,GARH BARUARI
GEBL,GOREBAL
GED,GULEDAGUDDA RD
GEDE,GEDE
GEG,GIR GADHARA
GEK,GEGAL AKHRI
GELA,GHADELA
GEOR,GUNJARIA
GER,GERATPUR
GFAE,GARIFA
GG,GANDHIGRAM
GGA,GHOGA
GGAR,GANGADHARA
GGB,GARHMUKTESAR BR
GGC,GANGAPUR CITY
GGD,GULLAGUDA
GGG,GANGAGARH H
GGGS,GARHA GOODS SHED
GGH,GHOGARDIHA
GGJ,GOSHAINGANJ
GGKR,GOVINDGARH KHOKHAR
GGLE,GANGATIKURI
GGN,GURGAON
GGNP,GANGANAPALLE
GGO,GORAM GHAT
GGP,GANGNAPUR F
GGR,GANGRAR
GGSY,GANGA SAHAI H
GGT,GHUNGHUTI
GGTA,GHORAGHATA
GGV,GHORARAS GHONA H
GGVT,GANGAVATHI
GGWA,GANGWARA HALT
GGY,GAGARIYA
GH,GHUGHULI
GHA,GOLEHWALA
GHAA,GHAGHRA
GHAI,GHATIGAON
GHB,GAHRI BHAGI
GHD,GARWA ROAD
GHE,GHEVRA
GHG,GHAGGHAR
GHGL,GHAGWAL
GHH,GARHI HARSARU
GHJ,GURSAHAIGANJ
GHL,GOLHALLI
GHLE,GADADHARPUR
GHLU,GHALLU
GHN,GHORPARAN
GHNA,GOHANA
GHNH,GHANTIKHAL NDPR
GHPU,GANDHIPURAM HALT
GHQ,GARHWA
GHR,GIDHAUR
GHRI,GHORI H
GHS,GURU HARSAHAI
GHSR,GHASARA H
GHT,GHAGHARA GHAT
GHUM,GHUM
GHX,GARHARA
GHY,GUWAHATI
GI,GUDUVANCHERI
GIA,GARIA F
GIBP,GHOGI BARIARPUR
GID,GIDDALUR
GIF,GANI DHAM H
GIG,GOHARI GRAM HALT
GIHT,GAIGHAT HALT
GII,GIDHNI
GIL,GAISAL
GILA,GHIALA
GILL,GILL
GIMB,GANDHIDHAM BG
GIN,GINIGERA
GIO,GORIYAN
GIR,GAINSARI JN
GIS,GARHI SANDRA
GIW,GIRDHARPUR
GIZ,GIDAM
GJ,GANGAJHARI
GJD,GUJHANDI
GJH,GOLDINGANJ
GJJ,GAJJELAKONDA
GJL,GAJRAULA JN
GJMB,GANJMURADABAD
GJN,GAJNER
GJR,GOJHARIYA
GJS,GAJSINGHPUR
GJT,GANNAGHATTA
GJTA,GURUDIJHATIA
GJUT,GANGSAR JAITU
GJW,GAJUWALA H
GJWL,GAJWEL
GK,GOLA GOKARANATH
GKA,GOKHULA
GKB,GHATAKA VARANA
GKC,GORAKHPUR CANT
GKD,GADHAKDA
GKG,GOKALGARH
GKH,GUSKARA
GKHT,GRAM KHARIKA H
GKJ,GOLAKGANJ JN
GKK,GOKAK ROAD
GKL,GOKULPUR
GKM,GUNDALUKAMMA
GKP,GORAKHPUR JN
GKT,GANKHERA
GKV,GOTTIHALLI HALT
GKX,GHAL KALAN
GLA,GARLA
GLBA,GOLABAI PH
GLBN,GUJRAN BALWA H
GLG,GULABHGANJ
GLGT,GOLAGHAT
GLH,GULAOTHI
GLI,GALSI
GLKN,GUGALWA KIRTAN H
GLMA,GULMA
GLNA,GOLANA
GLP,GOLLAPROLU
GLPT,GOALPARA TOWN
GLTA,GAHLOTA
GLU,GULLIPADU
GLY,GOLLAPALLY
GM,GARMADI
GMA,GUDIMETTA
GMAN,GUMANI
GMC,GOODS MARSHALLING YARD
GMD,GURAMKHEDI
GMDA,GUMADA
GMDN,GIRIMAIDAN
GMDP,GRAMDADPUR
GME,GUMMANDEV
GMG,GUMGAON
GMGM,GOMANGALAM
GMH,GAMHARIA
GMI,GOND UMRI
GMIA,GUMIA
GMM,GUMMAN
GMMG,GRAM MASAGRAM
GMN,GOREGAON
GMO,NSC BOSE J GOMO
GMR,GAHMAR
GMS,GARHMUKTESAR
GMTO,GUMTO
GMU,GAURIYAMAU
GMX,GURMURA
GN,GOPALNAGAR F
GNA,GONEANA BHAI JAGTA
GNB,JNANA BHARATI
GNBA,GAON BARODA
GNC,GANDHINAGAR CAP
GND,GOVINDGARH MALK
GNDI,GONDWALI
GNDM,GUNRAJPUR DHAMA H
GNG,GAURIGANJ
GNGD,GANGADHARPUR
GNGL,GANGAULI H
GNGT,GANGATOLA
GNH,GANGAKHER
GNHI,GANDHI H
GNJ,GUNJI
GNJB,GOPINATHJEW BANIKUND
GNJP,GOKULNAGAR JOYPUR
GNK,GARHNOKHA
GNL,GONGLE
GNN,GANGINENI
GNNA,GANGANIA
GNND,JNANDAS KANDRA
GNO,GOREGAON ROAD
GNP,GHANPUR
GNPR,GUNUPUR
GNQ,GODHANI
GNR,GADIGANURU
GNRL,GANGRAUL H
GNS,GHONSOR
GNSL,GHANSOLI
GNST,GANDHISMRITI
GNT,GUNTUR JN
GNTR,GAUNTRA
GNU,GANAUR
GNV,GANDEVI
GNVR,GONDWANAVISAPUR
GNW,GANGIWARA
GNWA,GHUNWARA
GO,GHOTI
GOA,GOHAD ROAD
GOC,PONMALAI GLD RCK
GOD,GIDARPINDI
GODA,GODDA
GOE,GHOGRAPAR
GOF,GHUTIARI SHARIF
GOG,GHORGHAT
GOGH,GOSSAIGAON HAT
GOGT,GOGHAT
GOH,GAROT
GOK,GOKARNA ROAD
GOL,GOILKERA
GOLE,GOLE
GOM,GOGAMUKH
GOP,GOP JAM
GOPA,GHOSIPURA
GOPG,GOPALGANJ
GOR,GOPINATHPUR PH
GOS,GHOSRANA
GOT,GOT H
GOTN,GOTAN
GOVR,GOVINDNAGAR
GOX,GOBINDPUR DUGAULI H
GOY,GOVINDPURI
GOZ,GOLSAR
GP,RAJ GANGPUR
GPAE,GUPTIPARA
GPB,GHATPRABHA
GPBN,GANDHI PARK HALT
GPC,GHAT PINDRAI
GPD,GUMMIDIPUNDI
GPDE,GUDIPUDI
GPE,GOGI POTHIA
GPH,GARPOS
GPI,GAJAPATINAGARAM
GPJ,GORAPUR
GPLG,GOPALPURGRAM
GPNB,GOPINATHPUR NILGIRI
GPSA,GHAT PARASIA
GPSL,GOKULPUR SABOLI HALT
GPU,GULAPALYAMU
GPX,GAUTAMPURA ROAD
GPY,GANGAYAPLLE
GPZ,GOHPUR
GQD,GAURDAHA H
GQL,GURLA
GQN,GARHANI
GRA,GHARAUNDA
GRAE,GURAP
GRAK,GARKHA F
GRB,GARH DHRUBBESWAR
GRBH,GAREA BIHAR
GRBL,GARUDUBILLI
GRCP,G RAMACHANDRAPUR
GRD,GIRIDIH
GRE,GOLA ROAD
GRF,GAMBHIRI ROAD
GRG,GUWARIGHAT
GRH,GHORASAHAN
GRHI,GARHI
GRHM,GIR HADMATIYA
GRHX,GARRA
GRI,GURIYA
GRJ,GATRA
GRJA,GORINJA
GRKA,GURHA KEMLA
GRKN,GORAKHNATH
GRL,GORAUL
GRM,GARHMAU
GRMA,GHORMARA
GRMP,GANGARAMPUR
GRMR,GARHI MANIKPUR
GRN,GURNAY
GRNA,GURHANWA F
GRO,GURRA
GRP,GANGPUR
GRR,GORPHAR
GRRG,GURLI RAMGARHWA
GRRU,GURARU
GRU,GAROPARA
GRWD,GHORAWADI
GRX,GAURA
GRY,GORAYA
GRZ,GURTHURI
GS,GODHANESWAR
GSA,GUAGACHHA
GSB,GARNA SAHIB
GSD,GHOSUNDA
GSDH,GARSANDA
GSGB,GOSAINGRAM
GSGJ,GHAUSGANJ
GSI,GHOSI
GSK,GHUSIA KALAN HALT
GSL,GODAPIASAL
GSO,GHASO
GSP,GURDASPUR
GSPR,GOSALPUR
GSPU,GAUSPUR HALT
GSQ,GUIR SARANG PH
GSR,GARHSHANKAR
GSRM,GAURI SHRI RAM H
GSW,GURSAR SHNEWALA
GSX,GANDHI SMRAK RD
GT,GHATKESAR
GTA,GOLANTHRA
GTBN,GURU TEGHBAHADURNAGAR
GTD,GOURINATHDHAM
GTE,GOTHAJ
GTF,GUMTHAL
GTHT,GHATARO
GTI,GHUTAI
GTJT,GETOR JAGATPURA
GTK,GHUTKU
GTKD,GERITA KOLVADA
GTL,GUNTAKAL JN
GTLM,GOTLAM
GTM,GHATAMPUR
GTNR,GOMATI NAGAR
GTP,GHATPURI
GTQ,GUMTALI
GTR,GRANT ROAD
GTRA,GOTRA
GTS,GHATSILA
GTST,GAUTAM STHAN
GTT,GOMTA
GTU,GHAT NANDUR
GTW,GATORA
GTX,GOTHANGAM
GTY,GOLAPATTI
GUA,GUA
GUB,GULARBHOJ
GUD,GALUDIH
GUDM,GUDUM
GUG,GARH JAIPUR
GUGD,G GORKHNATH DHM
GUH,GULDHAR
GUJ,GUNJA
GUK,GUNTAKODURU
GULR,GULER
GUMA,GUMA
GUMI,GORUMAHISANI
GUNA,GUNA
GUNS,GHUNAS H
GUP,GAURIPUR
GUR,GANAGAPUR ROAD
GURN,GURUDAS NAGAR
GUU,GUNDRATIMADUGU
GUV,GURUVAYUR
GUZ,GUMANIHAT
GV,GOVANDI
GVA,GANGUWADA
GVB,GUNERU BAMORI
GVD,GHOLVAD
GVDP,GOVINDPUR PH
GVG,GOVINDGARH
GVH,GOVINDGARH
GVI,GARIVIDI
GVL,GUDLAVALLERU
GVMH,GANGAVARAM
GVMR,GOVINDI MARWAR
GVN,GODAVARI
GVR,GORESUAR
GW,GIRWAR
GWA,GANJ DUNDWARA
GWD,GADWAL
GWH,GHOSHAWAR
GWL,GWALIOR
GWM,GANNAVARAM
GWO,GWALIOR NG
GWP,GANGWA PUR H
GWS,GAUSHALA
GWSB,GOINDWAL SAHIB H
GWV,GOWDAVALLI
GWYR,GREENWAYS ROAD
GXG,GEONG H
GY,GOOTY JN
GYF,GOOTY FORT
GYL,GHARYALA
GYM,GUDIYATTAM
GYN,GYANPUR ROAD
GZA,GURUJALA
GZB,GHAZIABAD
GZH,GULZARBAGH
GZKA,GAZIKA
GZL,GAZULAPALLI
GZM,GOUR MALDA
GZN,N GHAZIABAD
GZO,GAZOLE
GZS,GIANI ZAIL SINGH SANDHWAN
GZT,GHAZIPUR GHAT F
HA,HARGAON
HAA,HARWADA
HAB,BAH
HAD,HARIPPAD
HAG,HALLIGUDI
HAH,HOSA AGRAHARA
HAM,HAMIRATTI PH
HAN,HINDAUN CITY
HAPA,HAPA
HAPR,HANAMAPUR
HAQ,HASTAVARMU
HAR,HAMIRPUR ROAD
HAS,HASSAN
HAT,HATHURAN
HATB,HATIBARI
HATI,HATI
HAUR,HAUR
HB,HABRA
HBB,HENDLASO BHOKTA BAGICHA
HBD,HOSHANGABAD
HBE,HABIBPUR
HBF,HADOBHANGI PH
HBG,HOWBADH JABLPUR
HBI,HGRIBOMANAHALLI
HBL,HOMBAL
HBLN,HBL NAGAR
HBN,HAIBARGAON
HBP,HARPUR BOCHAHA
HBS,HEBSUR
HBSH,HASAN BAZAR STATION HALT
HBU,HALBARGA
HBW,HABIBWALA
HC,HINDU COLLEGE
HCM,HARISHCHANDRAPURAM PH
HCNR,HARICHANDANPUR
HCP,HARCHANDPUR
HCR,HARISCHANDRPUR
HD,HARDA
HDA,HIRNODA
HDB,HALDIBARI
HDC,HARISHDADPUR PH
HDD,HADDINAGUNDU
HDE,HARDAS BIGHA
HDGR,HADGON ROAD
HDIH,HOODI HALT
HDK,HANDIA KHAS
HDL,HODAL
HDM,HIRDAMALI
HDN,HAIDARNAGAR
HDP,HADAPSAR
HDS,HARIDASPUR
HDT,HARDATTPUR
HDU,HARDUA
HDW,HALDWANI
HDWL,HARDORAWAL
HEB,HEBBAL
HEI,HEGGERE H
HEM,HIMAYATNAGAR
HEN,HERIA P H
HER,HER
HESK,HIRE SHELLIKERI
HET,HETAMPUR
HFZ,HAFIZPETA
HG,HOTGI
HGA,HOGLA H
HGH,HAIDERGARH
HGI,HAGARI
HGJ,HARDUAGANJ
HGL,HARANGUL
HGR,HEMAGIRI
HGT,HINGANGHAT
HGY,HOOGHLY
HHD,HUNSIHADGIL
HHG,HEHEGARA H
HHL,HIREHALLI
HHP,HARHAR FATEHPUR
HHR,HRIDAYPUR
HHT,HABANGHATTA
HIH,HAJIGARH
HIJ,HIJILLI
HIKD,HALLIKHED K
HIL,HILSA
HIND,HIND
HIP,HALDIPADA
HIR,HARINAGAR
HIS,HISUA
HISE,HIRISAVE
HIVR,HIWARKHED
HJI,HOJAI
HJL,HEJJALA
HJLI,HUGRAJULI
HJP,HAJIPUR JN
HK,HELAK
HKD,HAILAKANDI
HKG,HIRAKUD
HKH,HARANYA KHERI
HKL,HARKIA KHAL
HKP,HAKIMPUR
HKR,HIWARKHED
HLAR,HOLE ALUR
HLB,HADALA BHAL
HLD,HALUDPUKUR
HLDD,HALDI ROAD
HLDR,HALDAUR
HLE,HEELALIGE
HLK,HOLALKERE
HLKH,HALLIKHED
HLKK,HALLIKHED K
HLN,HOLE NARSIPUR
HLP,HALDHARPUR F
HLR,HALISAHAR
HLV,HALIYURU H
HLW,HIRNAWALI
HLX,HILARA
HLZ,HALDIA
HM,HADMATIYA JN
HMA,HUMMA
HMBD,HUMNABAD
HME,HAMRE
HMG,HAMIRGARH
HMH,HANUMANGARH JN
HMI,HIMMATANA
HMK,HINDUMALKOTE
HML,HELEM
HMO,HANUMANGARHTOWN
HMP,HEMPUR
HMPR,HURMUJPUR H
HMQ,HIMMATPURA
HMR,HAMIRA
HMRR,HAMARAPUR
HMT,HIMMATNAGAR
HMY,HARMUTI
HMZ,HIND MOTOR
HN,HATHBANDH
HNA,HONNAVAR
HNB,HASANABAD JN
HND,HINDOL ROAD
HNDR,HENDEGIR
HNG,HIRANGAON
HNH,HANUMANAHALI H
HNHL,HARNAHALLI H
HNK,HANAKERE
HNL,HINGOLI DECCAN
HNM,HINAUTA RAMBAN
HNMN,HANUMAN STATION
HNN,HARSANA KALAN
HNPA,HANDAPA
HNR,HANSARA
HNS,HANSI
HNSL,HESALONG FS
HNU,HANSPURA
HOD,HALDIYA BIHAR H
HOH,HONAGANAHALLI H
HOJ,HAMILTONGANJ
HOL,HOL
HP,HARIPUR
HPA,HAMPAPURA
HPG,HUPPUGUDA
HPGM,HARIPURGRAM PH
HPH,HANUMAPURA
HPHI,HARPANHALLLI
HPI,HARPATI
HPKA,HINOTIA PIPALKHERA
HPL,HARIPAL
HPLE,HATPURAINI
HPM,HAMPAPATNAM
HPO,HASANPUR ROAD
HPP,HARPALPUR
HPR,HIRAPUR
HPRD,HAPA ROAD
HPT,HOSPET JN
HPU,HAPUR
HPUR,HABASPUR
HQR,HIRENANDURU
HR,HARPALU
HRB,HARRI
HRBR,HARUBERA
HRDR,HARSAR DEHRI
HRE,HIRODIH
HRF,HATHRAS KILA
HRG,HIRDAGARH
HRGR,HARNAGAR
HRH,HARTHALA
HRI,HARDOI
HRLI,HARLAYA
HRLT,HARLATANR
HRM,HADMADIYA
HRN,HARAUNI
HRNG,HARPUR NAG
HRNR,HIRA NAGAR
HRNS,HARINSING
HRO,HARUA ROAD
HRPG,HARPALGANJ
HRR,HARIHAR
HRS,HATHRAS JN
HRSB,HILLAR SHAHABAD HALT
HRSG,HARSINGRA HALT
HRSN,HARISINGA
HRSR,HARISHNAGAR H
HRT,HARNAUT
HRTK,HORTOKI
HRV,HARRAD
HRW,HARRAWALA
HSA,HASIMARA
HSB,HASANBAZAR H
HSD,HOSDURGA ROAD
HSDA,HANSDIHA
HSI,HARSAULI
HSK,HARISHANKER RD
HSL,HISVAHAL
HSP,HASANPARTHI RD
HSQ,HUSAINPUR
HSR,HISAR
HSRA,HOSUR
HSWS,HANSIAWAS
HSX,HOSHIARPUR
HSY,HARSINGHPUR GOBA
HT,HOTAR
HTC,HATHRAS CITY
HTCY,HITEC CITY
HTD,HATUNDI
HTE,HATIA
HTGR,HATHIGADH
HTJ,HATHRAS ROAD
HTK,HATKANAGALE
HTL,HATIKHALI
HTLA,HATOLA
HTN,HATNAPUR
HTNL,HITNAL
HTT,HATTA ROAD
HTW,HATHUA
HTZ,HATHIDAH JN
HTZU,HATHIDAH UPPER
HUD,HUDUKULA
HUDU,HUNDUR HALT
HUFP,HARAULI FATEHPUR
HUK,HOLAMBI KALAN
HUN,HUNSENAHALLI
HUP,HINDUPUR
HVD,HALVAD
HVL,HONNAVALLI ROAD
HVM,HAMSAVARAM
HVR,HAVERI
HW,HARIDWAR JN
HWH,HOWRAH JN
HWR,HATWAR
HWT,HANWANT
HWX,HABAIPUR
HX,CUDDAPAH
HYA,HADIAYA
HYB,HYDERABAD DECAN
HYG,HOOGHLY GHAT
HYL,HADYAL
HYT,HAIAGHAT
HZBN,HAZARIBAGH TOWN
HZD,HAZARIBAGH RD
HZN,HAZRATNAGAR H
HZR,HAFIZPUR
IAA,INDARA JN
IAM,MAI H
IB,IB
IBL,INDRABIL
ICG,ICHCHANGADU
ICGH,ICHANGADU HALT
ICL,ICHAULI
IDAR,IDAR
IDG,INDARGARH
IDGJ,IRADATGANJ
IDH,IDGAH AGRA JN
IDJ,IDALHOND
IDL,INDALVAI
IDM,INDEMAU
IDP,INDUPALLI
IDR,INDI ROAD
IDS,ISHARDASPUR
IDT,SIDLAGHATTA
IGL,IRINGAL H
IGP,IGATPURI
IGR,INGUR
IGRL,INGORALA
IGTA,LNGOHTA
IGU,IRUGUR
IHP,INCHHAPURI
IJ,ITAUNJA
IJK,IRINJALAKUDA
IK,IKRAN
IKD,IKDORI
IKI,ITKYALA
IKK,IKKAR
IKR,IKLEHRA
IKRA,IKRA JN.
ILA,SILAIMAN
ILO,ILLOO
IMAM,IMAMPURAM
IMBG,IMLIBIGHA HALT
IMGE,ISMAILPUR
IMLI,IMLI
IMR,IBRAHIMPUR
INCI,ISHAN CHANDI HALT
INDB,INDORE JN BG
INDR,INDRA NAGAR
INJ,INNANJE
INK,INTAKANNE
INP,INDAPUR
INS,INDAS PH
IP,ICHHAPUR
IPG,IPPUGUDA
IPL,IDAPLLI
IPM,ICHCHPURAM
IPPM,IPURUPALEM
IPR,ISLAMPUR
IQB,IQBALPUR
IQG,IQBAL GADH
IRA,ISRANA H
IRN,IRGAON P H
IRP,IRAVIPURAM
ISA,ISARDA
ISH,ISARWARA
ISHN,ISHANAGAR
ISM,ISMAILA HARYANA
ISRI,ISHAPUR KHERI HALT
ITA,ITOLA
ITE,INTIYATHOK
ITKY,ITKY
IZN,IZZATNAGAR
J,JALNA
JA,JALIYA
JAA,JHALIDA
JAB,YAMUNA BDG AGRA
JAC,JALSU
JACN,JALSU NANAK
JAG,JALALGARH
JAIC,JAIS CITY
JAJ,JHAJHA
JAKA,JUNAKHERA
JAL,JAWALI
JALD,JALIYA DEVANI
JAM,JAMNAGAR
JAMA,JAMA
JAN,JARANGDIH
JAO,JAORA
JAPN,JHALRAPATAN
JAQ,JANDRAPETA
JAR,JUNAIR H
JARI,JARI
JASH,JORASHANKH HALT
JAT,JAMMU TAWI
JATP,JAITPURA HALT
JAU,JHAUA
JAUA,JAMUA
JBB,JAMBUR
JBD,JALALABAD
JBG,JUNG BAHADURGNJ
JBGD,JABBALGUDDA
JBK,JGMBLA KSHNPRM
JBN,JOGBANI
JBO,JAMADOBA P H
JBP,JABALPUR
JBPN,JABALPUR JN
JBR,JAHANGIRABAD RAJ
JBS,JADOLI KA BAS
JBSR,JAMBUSAR ROAD
JBU,JABUGAM
JBW,JHABELWALI
JBX,JABRI
JCH,JETHA CHANDAN
JCL,JADCHERLA
JCN,JUNICHAVAND
JCNR,JUCHANDRA
JCU,JAICHOLI
JCY,JIND CITY
JDA,JASODA
JDB,JAGDALPUR
JDD,JERTHI DADHIA
JDDA,JETHA H
JDGP,GOPALPUR
JDH,JAM JODHPUR JN
JDHH,JANDHERA HALT
JDI,JHARRADIH
JDL,JAGDEVWALA
JDN,JAGUDAN
JDNX,JOGINDER NAGAR
JDP,JADABPUR
JDPR,JAGDISHPUR
JDPT,JAGDISHPUR
JDR,JIWDHARA
JDW,JARAUDA NARA
JEA,NAKAHA JUNGLE
JEN,JENAPUR
JEP,JEONATHPUR
JER,JALESWAR
JES,JAITSAR
JET,JAMES STREET
JEUR,JEUR
JFG,JAFARGANJ
JGA,JOGIARA
JGBR,JOGESWAR BIHAR
JGD,JAGADISHPUR
JGDL,JAGADAL
JGE,JAGANNATH TEMPLE GATE
JGF,JOGIDIH
JGG,JANGIGANJ
JGI,JHAGADIYA JN
JGJ,JAGESHARGANJ
JGJN,JUGIJAN
JGKS,JIGNI KHAS H
JGLP,JATINGA LUMPUR
JGM,JHARGRAM
JGN,JAGRAON
JGNR,JOGENDRANAGAR
JGP,JALALPUR
JGR,JASWANTNAGAR
JGW,JOGIWALA
JGWL,JAGJVAN H
JGZ,JAMGAON
JHA,JAKHAURA
JHBN,JHAMATPUR BAHARAN
JHD,JEHANABAD
JHDC,JAHANABAD COUIRT F
JHG,JHINGURA
JHH,JHALRA H
JHIR,JHIR
JHJ,JHAJJAR
JHK,JETHUKE
JHL,JAKHAL JN
JHMR,JHIMRI
JHN,JAKHIM
JHP,JUHJARPUR
JHT,JUNETA
JHW,JHALAWAR ROAD
JHWR,JHAWAR H
JI,JHUSI
JIA,JIGNA
JIBI,JOLAIBARI
JID,JAGI ROAD
JIGT,JIRIGHAT
JIL,JALILA ROAD
JIND,JIND JN
JIR,JIRA ROAD
JIT,JIRAT
JITE,JITE
JJ,JAJAU
JJA,JAJAN PATTI
JJBR,JHANJHARPUR BAZAR H
JJG,JIAGANJ
JJJ,JAIJON DOABA
JJK,JHINJHAK
JJKR,JAJPUR K ROAD
JJN,JHUNJHUNUN
JJP,JHANJHARPUR
JJR,JEJURI
JJT,JAI JAI WANTI
JJTI,JHANJHITOLI HALT
JJW,JOJWA
JK,JAKOLARI
JKA,JAKHVADA
JKAR,JAKLAIR
JKB,JAKHALABANDHA
JKDK,JHARKHAND DHAM
JKDP,JANKIDEIPUR PH
JKE,JUKEHI
JKH,JAHANIKHERA
JKHI,JAKHOD KHERA
JKI,KAURIA JUNGLE H
JKL,JALAL KHALI
JKM,JANKAMPET JN
JKMH,JHARKHAND MAHADEV HALT
JKN,JAKHANIAN
JKNI,JHARKHANDI F
JKO,JAKKALACHERUVU
JKP,JHAREKAPUR
JKPR,JAKHAPURA
JKR,JAULKHERA
JKS,JAKSI
JKT,JEKOT
JKZ,JITAKHERI
JL,JALGAON JN
JLBR,JHALUARBAR
JLD,JARWAL ROAD
JLF,JULMI
JLG,JULGAON DECEAN HALT
JLHI,JHILAHI
JLI,JALALSI P H
JLL,JALALGANJ
JLLO,JHILO
JLM,JALIYA MATH
JLN,JAKHALAUN
JLPH,JALALPUR HALT
JLQ,JALPUR H
JLR,JETALSAR JN
JLS,JALESAR ROAD
JLT,JHAMAT H
JLW,JHALWARA
JLWC,JHALAWAR CITY
JLY,JHILMILI
JM,JALAMB JN
JMA,JAMURIA
JMB,JAMBUSAR JN
JMBL,JAMBHALI H
JMD,JAMDHA
JMDG,JAMMALAMADUGU
JME,JAMSHER KHAS
JMG,JAMGA
JMI,JAMGURI
JMIR,JAMIRA H
JMK,JAMUNAMUKH
JMKR,JAWLMUKHI ROAD
JMKT,JAMIKUNTA
JML,JUMNAL
JMM,JAIMURTINAGAR F
JMN,JAMUAWAN H
JMP,JAMALPUR JN
JMPT,JIMIDIPETA
JMQ,JAMIRGHATA
JMRA,JAMIRA
JMS,JAMSAR
JMT,JAMTARA
JMU,JAMUI
JMV,JAMBARA
JMX,JAMUNI
JNA,JULANA
JND,JUNAGADH JN
JNE,JANIYANA
JNH,JANGHAI JN
JNJ,JUINAGAR
JNK,JHINKPANI
JNKR,JANAKINAGAR
JNL,JANDIALA
JNM,JAYNGR MAJLIPUR
JNN,JANUNIATNA
JNNA,JAMUNIATANR HALT
JNO,JUNNOR DEO
JNP,JAGANNATHAPUR
JNR,JANAKPUR ROAD
JNRD,JUNAGARH ROAD
JNRI,JALANDARI
JNT,JAINTIPURA
JNTR,JINTI ROAD
JNU,JAUNPUR JN
JNX,JAGNATHJI ROAD
JNZ,JENAL
JO,JO JAGABOR
JOA,JANWAL
JOB,ASALPUR JOBNER
JOBA,JOBA
JOBT,JOBAT
JOC,JOYCHANDI PAHAR
JOH,JUHARPURA
JOK,JODHKA
JOL,JOGAL
JOM,JOGI MAGRA
JON,JONHA
JONR,JEONARA PH
JOO,KACHEGUDA J OUS
JOP,JAUNPUR CITY
JOQ,JORAI
JOR,JALOR
JOS,JOGESHWARI
JOX,JANAI ROAD
JP,JAIPUR
JPAH,JAGDISHPUR A HALT
JPD,JALALPUR DHAI
JPE,JALPAIGURI ROAD
JPG,JALPAIGURI
JPH,JHANTIPAHARI
JPI,JHADUPUDI
JPL,JAPLA
JPM,JIYAPURAM
JPML,JAI PRAKASH MAHULI H
JPO,JORA ALAPUR
JPP,JALALPUR PANWARA F
JPQ,JHAPANDANGA
JPR,JAKPUR
JPRD,JENAPUR ROAD PH
JPS,JMLPR SHAIKHAN
JPV,JMTRA PARASWARA
JPZ,JOGIGHOPA
JRA,JARAIKELA
JRAE,JAUGRAM
JRBM,JIRIBAM
JRC,JALANDHAR CANT
JREA,JHAREDA
JRG,JUGPURA
JRJ,JARGAON
JRJE,GARJEE
JRK,JERUWA KHERA
JRKN,JORKIAN
JRKT,JADRAMA KUNTI
JRL,JHARILI
JRLE,JANGIPUR ROAD
JRLI,JAROLI
JRMA,JHARMUNDA
JRMG,JAIRAMNAGAR
JRNA,JIRANIA
JRO,JIRON
JRPD,JARAPADA
JRQ,JHAROKHAS
JRR,JUGAUR
JRS,JORAVASAN
JRT,JARTI
JRTB,JHARTARBHA
JRTR,JURTARA H
JRU,CHIKJAJUR JN
JRV,JUNA RAJUVADIYA
JRW,JORAMOW
JRX,JURIAGAON
JRZ,JORANDA ROAD
JS,JESSORE JN
JSA,JASAI
JSB,YAMUNA SOUTH BANK
JSC,JALESAR CITY
JSD,JAISINGDER
JSE,JAMSOLE
JSG,JHARSUGUDA JN
JSGR,JHARSUGUDA ROAD
JSI,JASALI
JSKA,JATAULA SAMPHKA
JSM,JAISALMER
JSME,JASIDIH JN
JSP,JAYASINGPUR
JSPR,JASHAPAR
JSR,JASRA
JSRD,JHANKADA SARALA ROAD PH
JSS,JASIA H
JSV,JARANDESHWAR
JTB,JAGATBELA
JTDM,JATDUMRI JN
JTH,JHOK TAHAL SINGH
JTI,JAITHARI
JTIN,JETHIAN
JTJ,JOLARPETTAI
JTK,JHITKIA
JTKN,JAITPUR KALAN HALT
JTL,JHAPATER DHAL
JTN,JOTANA
JTNU,JATNANDUR
JTO,JUTOGH
JTP,JETPUR
JTR,JATKANHAR
JTRD,JATH ROAD
JTS,JATUSANA
JTT,JUMA PATTI
JTTN,JORHAT TOWN
JTU,JAITIPUR
JTW,JAITWAR
JTY,JETHI
JU,JODHPUR JN
JUA,JARAUNA
JUBS,JUBBASAHANI
JUC,JALANDHAR CITY
JUCT,JODHPUR CANTT
JUDW,JAGADHRI WSHOP
JUJA,JUJUMURA
JUK,JAULKA
JUL,JHULASAN
JUNX,JUNONA H
JUP,JHUNPA
JUR,JUTTURU
JVA,JAVALE
JVL,JAMWALA
JVN,JORAWARNAGAR JN
JVT,JIBANTI H
JW,JATWARA
JWK,JAWAHARPUR KAMSAN H
JWKA,JANDWALA KHARTA
JWL,JAJIWAL
JWLS,JAWANWALA SHAHR
JWN,JIWA ARAIN
JWNR,JAWAHARNAGAR
JWO,JAWAD ROAD
JWP,JWALAPUR
JWS,JHARWASAA
JXN,JIRONA H
JYG,JAYNAGAR
JYK,JONE KARRANG
JYM,JAI SAMAND ROAD
JYP,JEYPORE
KAA,KAURARA
KAC,KASAP
KAD,KHANDALA
KADA,KHANDALA MP
KADH,KHAIRADIH H
KADI,KADI
KADL,KUMRADOL
KAG,KODAGANUR
KAGA,KURHAGADA
KAGJ,KALIAGANJ
KAGR,KAHANGARH H
KAH,KALHAR
KAHL,KARHAL
KAI,KAIRLA
KAJ,KALIYANGANJ
KAJG,KAJG
KAKI,KAKNI
KAKN,KAIMARAKALAN
KAL,KALLAL
KALI,KAILI
KALM,KALAMB
KALN,KALANA
KALS,KALASA H
KAMA,KAMTA HALT
KAMG,KAMAKHYAGURI
KAMP,KAMALPUR H
KAMR,KHURRAMPUR H
KAN,KHANA JN
KANJ,KANIL
KANO,KANOH
KANR,KUKANUR
KANS,KANSIYA NES
KAO,KALUBATHAN
KAOT,KAOTHA
KAP,KALIANPUR
KAPE,KAKAPORA
KAPG,KALUPARA GHAT
KAPP,KHARIAPIPRA HALT
KAPU,KIRATPUR
KAQ,KOLANUKONDA
KAR,KARNA
KARD,KAMAN ROAD
KARH,KAKRAHA REST HOUSE
KARI,KHARI
KARJ,KARJHAUSA
KARK,KARAIKKURICHCHI
KARO,KHARIO P H
KARP,KHARKOPAR
KARR,KHARAR
KART,KIRATPUR SAHIB
KASA,KANSA
KASH,KULTHAM ABDULLA SHAH H
KASR,KANAS ROAD
KASU,KASU
KAT,KHATAULI
KATB,KHATKURA P H
KATI,KANTHI P H
KATL,KATOL
KAU,KACHNA
KAUA,KATHAUTIA
KAV,KALAMNA
KAVM,KATHIVAKKAM
KAVR,KALAVOOR
KAW,KHAJURI
KAWL,KANDWAL
KAWR,KARWAR
KAWT,KANWAT
KAY,KARAIMADAI
KAYI,KAYDI HALT
KB,KHAIRABAD AVADH
KBA,KURABALAKOTA
KBE,KUREBHAR
KBGB,KOMAGATA MARU BUDGE
KBGH,KAREA KADAMBAGACHI
KBH,KHANDBAARA
KBI,KAMBRGANVI
KBJ,KANTABANJI
KBK,KHAMIL GHAT
KBKN,KHABRA KALAN
KBL,KOPPAL
KBM,KOTABOMMALI
KBN,KARBIGWAN
KBP,KUBERPUR
KBPR,KABAKAPUTTUR
KBQ,KUMRABAD ROHINI
KBR,KABRAI
KBRV,KANJARI BORIYAV
KBSH,KRISHNA BALLABH SAHAY
KBSN,KASBE SUKENE
KBT,KADAMBATTUR
KBU,KASU BEGU
KBY,KHOIRABARI
KCA,KUCHMAN
KCAB,K CABIN
KCC,KRISHNA CANAL
KCD,KURICHEDU
KCE,KINGS CIRCLE
KCF,KALCHINI
KCG,KACHEGUDA
KCHV,KACHCHANVILAI
KCI,KALLKIRI
KCKI,KECKHI
KCLA,KENCHANALU H
KCM,KALASAMUDRAM
KCN,KARCHANA
KCNR,KACHNARA ROAD
KCO,KACHHIA BRIDGE
KCP,KALGUPUR
KCR,KHONKER
KCT,KERAKAT H
KCU,KACHHLA
KCV,KRISHNA CH PURA
KCY,KAICHAR
KCYN,KACHHIYANA HALT
KCZ,KAIRON
KD,KUNDARKHI
KDAA,KADA
KDBA,KODIMBALA H
KDBM,KHED BRAHMA
KDBR,KHADKI BAZAR H
KDCY,KEVADIYA
KDE,KORADACHERI
KDER,KUNDER H
KDF,KHUNDAUR
KDG,KEDGAON
KDGH,KODIGEHALLI
KDGI,KUDGI H
KDGL,KONDRAPOLE H
KDGO,KADOGAON HALT
KDH,KHARDAHA
KDHA,KARCHHA
KDHI,KALADEHI
KDHL,KUNDHELA
KDHN,KANDHARAN H
KDI,KUNDLI
KDJ,KHUDAGANJ
KDJB,KHUDAGANJ BAZAR
KDJR,KENDUJHARGARH
KDKL,KODAKANDLA
KDKN,KENDUKANA
KDLG,KUNDALGARH
KDLR,KANDEL ROAD
KDM,KESAMUDRAM
KDMD,KANDAMBAKKAM
KDMR,KODIYAR MANDIR
KDN,KUDATINI
KDNL,KADAYNALLUR
KDO,KADAKOLA
KDP,KONDAPURAM
KDPA,KHADAPA
KDPR,KUMEDPUR
KDPS,KADIPUR SANI H
KDQ,KADIPUR
KDRA,KADAMPURA H
KDRD,KHULDIL ROAD
KDRI,KENDRI
KDRP,KANDARPUR
KDS,KUSUNDA JN
KDSB,KHADUR SAHIB H
KDSD,KUDSAD
KDT,KHADARPET
KDTN,KADETHAN
KDTR,KIRODIMALNAGAR
KDTY,KADUTURUTTY
KDU,KADAMBUR
KDUH,KUNDURU
KDV,KHADAVLI
KDVI,KADAVAI
KDX,KADABARI HAT
KDY,KETTANDAPATTI
KDZ,KANDAGHAT
KE,KHARDI
KEA,KATRA (UP)
KEB,KARAMBELI
KED,KENDUAPADA
KEE,KASEETAR
KEF,KRISHNAMA KONA
KEG,KARENGI
KEH,KAPSETI
KEI,KASHI
KEJ,KATHLEEGHAT
KEK,KARKHELI
KEM,KEM
KEMK,KHEM KARAN
KEMR,KEMRI
KEN,KOTALA
KENP,KENDRAPARA
KEP,KELANPUR
KEPR,KOIRIPUR
KER,KIRIHRAPUR
KES,KESRI
KESR,KESRI SINGHPUR
KETI,KEOTI
KEU,KETTUR
KEV,KELA DEVI
KEX,KHEKRA
KEY,KAGANKARAI
KEZ,KELZAR
KFA,KOPARIA
KFC,KALPATTICHATRAM
KFD,KARANJADI
KFE,KURIKAD
KFF,KOLDA
KFH,KATPHAL
KFI,KAPPIL
KFK,KATKA
KFN,KANOR
KFP,KUKRA KHAPA
KFPR,KAFURPUR
KFQ,KUMARANALLUR
KFT,KAJRI
KFU,KOHAND
KFV,KUNDARA EAST
KFX,KOCHEWAHI
KFY,KARAPGAON
KGA,KHAGA
KGB,KARGI ROAD
KGBP,KHONGSANG
KGBS,KISHANGARH BALAWAS
KGD,KALLIGUDI
KGE,KATANGI
KGF,KATHGHAR
KGG,KHAGARIA JN
KGI,KENGERI
KGIH,KALGURKI H
KGK,KANKURGACHHI ROAD JN
KGKD,KANG KHURD
KGL,KUPGAL
KGLE,KHAGRAGHAT ROAD
KGM,KATHGODAM
KGMR,KANGRA MANDIR
KGN,KURSEONG
KGP,KHARAGPUR JN
KGQ,KASARAGOD
KGRA,KANGRA
KGS,KHONGSARA
KGV,KONAGAVALLI
KGW,KARIGANURU
KGX,KANGINHAL
KGY,KULGACHIA
KGZ,KARUNGUZHI
KH,KAHILIYA
KHA,KHAIGAON
KHAA,KHARAIADIH
KHAG,KHARGHAR
KHAI,KHIRAI
KHAR,KHAR ROAD
KHAT,KHAT
KHBJ,KHANNA BANJARI
KHBV,KHARBAV
KHC,KHORANA
KHDB,KHODIYAR
KHDH,KARAHDIH H
KHDI,KHANDERI
KHDP,KHUDLAPUR F
KHDR,KHANDARI HALT
KHE,KANKATHER
KHED,KHED
KHF,KHANTAPARA
KHGP,KHARGAPUR
KHGR,KASHINAGAR H
KHH,KICHHA
KHHJ,KHATKAR KALAN JHANDAJI
KHI,KURHANI
KHJ,KHAJRAHA
KHJA,KHANJA H
KHKN,KHERA KALAN
KHKT,KHOTKHOTI
KHLL,KETOHALLI H
KHM,KUSMHI
KHMA,KHATIMA
KHN,KHANYAN
KHNM,KUNDA HARNAMGNJ
KHNP,KHANAPUR DECCAN
KHNR,KACHNARA
KHOH,KHOH
KHPI,KHOPOLI
KHPL,KHALIPALI
KHPR,KHALIPUR
KHQ,KHARIK
KHR,KHAIREE
KHRA,KACHERA
KHRI,KHARKHARI
KHRJ,KUMBHRAJ
KHRK,KHARAK
KHRY,KHAIRAHI
KHS,KHARSIA
KHSN,KHERA SANDHAN H
KHT,SRI KALAHASTI
KHTG,KHATGAON
KHTI,KUSHTAGI
KHTN,KHUTAUNA
KHTX,KHED TEMPLE
KHU,KHURHAND
KHUH,KHARUARA HALT
KHUT,KHUNTALA
KHV,KARAINTHI
KHW,KHERODA
KI,KONDAPALLI
KIA,KHARI AMARPURA
KIAD,KEMPEGOWDA INT AIRPORT
KIAT,KYATSANDRA
KIB,KIZHA AMBUR
KIC,KALLIDAIKURICHI
KID,KHAIRAR JN
KIE,KHIRIA KHURD H
KIF,KURI
KIG,KOLAGHAT
KIGL,KUNIGAL
KII,KILLE
KIJ,KULDIHA
KIK,KARAIKAL
KIKA,KURWAI KETHORA
KILE,KANDIVLI
KIM,KIM
KIN,KAPASAN
KIP,KHALILPUR
KIQ,KHAI PHEMEKI
KIR,KATIHAR JN
KIRP,KHIDIRPUR
KIS,KAPILAS ROAD
KISN,KALISEN
KIT,KHALLIKOT
KITA,KITA
KITN,KHIRI TOWN
KIU,KINANA
KIUL,KIUL JN
KIV,KAIALSA
KIW,KANWALPURA
KIY,KALAYAT
KIZ,KANSUDHI
KJ,KAJGAON
KJA,KHAJURHAT
KJC,KASGANJ CITY
KJDI,KHAJJIDONI
KJG,KARAJGI
KJH,KAJRA
KJI,KHAJAULI
KJJ,KODAVALURU
KJKD,KANJIKODE
KJL,KHUMGAON BURTI
KJLU,KHARI JHALU
KJM,KRISHNARAJAPURM
KJME,KAJORAGRAM
KJN,KANNAUJ
KJNC,KANNAUJ CITY F
KJP,KHOJEEPURA
KJPD,KURINIJIPADI
KJRA,KARJARA
KJRD,KANJUR MARG
KJRM,KARJANAGRAM
KJS,KRISHNARAJASGRA
KJT,KARJAT
KJTW,KAJGAON TERHWAN H
KJU,KUNTIGHAT
KJV,KHIJADIYA JN
KJW,KHAJWANA
KJY,KHURJA CITY
KJZ,KARONJI
KK,KHADKI
KKA,KANKI
KKAE,KAIKALA
KKAH,KANKAHA
KKAS,KATKAMASANDI
KKB,KARAK BEL
KKBA,KAKBARA
KKD,KALKUND
KKDE,KURUKSHETRA JN
KKDI,KARAIKKUDI JN
KKET,KAMRUP KHETRI
KKG,KEKATUMAR
KKGM,KAKIRIGUMMA
KKGT,KALKALIGHAT
KKHT,KAKARGHATTI
KKI,KARKELI
KKJ,KAKORI
KKK,KHAKHARIA
KKL,KALA BAKRA
KKLR,KAIKOLUR
KKLU,KAKLUR
KKM,KAMALAPURAM
KKMB,KASTLA KASMABAD H
KKMI,KERAKALAMATTI
KKMP,KATLAKUNTA MEDIPALLY
KKN,KHIRKIYA
KKNA,KHUNKHUNA
KKNH,KARUKHIRHARNAGAR H
KKP,KOT KAPURA
KKPM,KALLAKKUDI PLGH
KKPR,KOKPARA
KKQ,KALAIKUNDA
KKR,KHAKHRALA ROAD
KKRD,KIKAKUI ROAD
KKRH,KARAHIYA H
KKRL,KAKRALA H
KKRV,KUKARVADA
KKS,KURASTI KALAN
KKT,KATH KUIYAN
KKTA,KOLLIKHUTAHA
KKTI,KUTTAKUDI
KKU,KANAKPURA
KKV,KUNKAVAV JN
KKW,KANKAVALI
KKY,KILA KADAIYAM
KKZ,KOTTARAKARA
KL,KHERLI
KLA,KULWA
KLAD,KALANAD H
KLAR,KULPAHAR
KLB,KIRAOLI
KLBA,KALAMBHA
KLBG,KALABURAGI JN
KLBN,KALAMBANI BUDRUK
KLCR,KATLICHERRA
KLD,KHALILABAD
KLDI,KALDHARI
KLE,KAITHAL
KLG,KALUNGA
KLGA,KALAGHAR
KLGD,KOLLENGODE
KLGM,KALLAGAM
KLGN,KALANGANI
KLGR,KOLAIGAON
KLH,KHEMLI
KLHD,KOLHADI
KLI,KAULI
KLJ,KAMALGANJ
KLJI,KALIJAI PH
KLK,KALKA
KLKA,KOILAKUNTLA
KLKR,KALIKAPUR F
KLL,KALOL
KLM,KADLIMATTI H
KLMC,KALAMBOLI
KLMG,KALAMBOLI GOODS
KLMR,KALAMASSERI
KLNA,KOTHANA H
KLNB,KHULNA
KLNK,KALANAUR KALAN
KLNP,KALINARYNPUR JN
KLNT,KALINAGAR
KLOD,KELOD
KLP,KOTALPUKUR
KLPG,KAMALPURGRAM
KLPM,KAILASAPURAM
KLQ,KILIKOLLUR
KLRE,KHALARI
KLRS,KOLARAS
KLS,KOLATUR
KLSP,KUSHAL PURA
KLSX,KAULSERI
KLT,KULITALAI
KLTR,KALMITAR
KLU,KALLURU
KLV,KELVA ROAD
KLVA,KALVA
KLVR,KOLVIHIR
KLW,KULPI F
KLWD,KALITALAVDI
KLWL,KILANWALI PUNJAB
KLWN,KALWAN H
KLX,KOLAKALUR
KLY,KELAVLI
KLYG,KALYANI GHOSHPARA
KLYH,KALLUR YEDAHALLI H
KLYM,KALYANI SIMANTA
KLYN,KHILERIYAN
KLYS,KALYANI SILPANCHAL
KLYT,KOLAYAT
KLZ,KEOLARI
KM,KALEM
KMA,KAIMA
KMAE,KHAMARGACHHI
KMAH,KAMATHE
KMB,KALA AMBA
KMBL,KHAMBHALIYA
KMC,KAMAREDDI
KMD,KODUMUDI
KMDC,KURMODANGA HALT
KMDR,KARIMUDDIN PUR
KMEZ,KUMHARMARENGA
KMGE,KUMAHU
KMGH,KAMARGANJ
KMH,KALAMALIA
KMHN,KAMATHAN
KMHT,KARMAHAT
KMI,KUMHARI
KMJ,KAIMGANJ
KMK,KOMAKHAN
KMKD,KHAMKHED
KML,KAMTAUL
KMLI,KAMLI
KMLK,KAMALAPUR
KMLM,KELAMANGALAM
KMLR,KAMALUR
KMM,KANNAMANGALAM
KMMD,KIRMITI MENDHA
KMME,KUMARDUBI
KMN,KHAMGAON
KMNC,KUCHAMAN CITY
KMND,KUMENDI
KMNG,KAMRANGA
KMNN,KHAMANON
KMNP,KISHAN MANPURA
KMNR,KAMALNAGAR
KMP,KAMALAPUR
KMPH,KAMALPUR HALT
KMPR,KOMARPUR
KMPU,KAMALAPUR
KMQ,KUMBLA
KMQA,KOMALI
KMRA,KAMNARA
KMRD,KALAMB ROAD
KMRJ,KUMARGANJ
KMRL,KUMRUI PH
KMS,KARAMNASA
KMSD,KUMAR SADRA
KMSI,KUMSI H
KMST,KAMSHET
KMT,KHAMMAM
KMTI,KUMARHATTI
KMU,KUMBAKONAM
KMV,KARMAD
KMX,KOMATIPALLI
KMZ,KATNI MURWARA
KMZA,KANKRA MIRZANAGAR
KN,KADALUNDI
KNAD,KANAD
KNAG,KANAJI H
KNAR,KHANPUR AHIR
KNB,KANIYAMBADI
KNBR,KANAIBAZAR
KNC,KANCHANPUR ROAD
KND,KANDRA
KNDG,KANHADGAON
KNDI,KANDRORI
KNDL,KHANDEL
KNDP,KHANDIP
KNDS,KHANDESHWAR
KNDV,KRISHNADEVARAYA H
KNE,KISHANGANJ
KNF,KHANODIH
KNG,KATHUNANGAL
KNGN,KANHEGAON
KNGR,KASHINAGAR PH
KNH,KONCH
KNHE,KANHE
KNHN,KANTHAN JN
KNHP,KANHAIPUR
KNHR,KIRNAHAR
KNJ,KRISHNGR CTY JN
KNJI,KARANJALI H
KNJJ,KANNJARA H
KNKT,KANAKOT
KNL,KALANWALI
KNLI,KANGALI H
KNLP,KANAMALO PALLE
KNLS,KANALAS JN
KNM,KANIMAHULI P H
KNN,KHANNA
KNNA,KHINANIYAN
KNNK,KANINA KHAS
KNNT,KUNNATHUR
KNO,KUNDGOL
KNP,KHANAPUR
KNPL,KANDANUR P VAYA
KNPR,KENDRAPARA ROAD
KNPS,KENDPOSI
KNR,KANKINARA
KNRG,KANHARGAON NAKA
KNRI,KUNURI
KNRN,KANAROAN
KNRT,KUNERU
KNS,KANCHAUSI
KNSN,KARNA SUBARNA
KNSR,KANASAR
KNT,KANTH
KNVH,KANIVEHALLI
KNVT,KINWAT
KNW,KHANDWA
KNYR,KANIURU H
KNZ,KALANOUR
KO,KOSGI
KOA,KARONDA
KOAA,KOLKATA
KODI,KODI
KODN,KODUMUNDA H
KOF,MARWAR KORI
KOG,KONNAGAR
KOHL,KOHLI
KOHR,KOHIR DECCAN
KOI,KHODRI
KOJ,KOKRAJHAR
KOK,KORUKKUPET JN
KOKA,KOKA
KOL,KOLAD
KOLA,KOTLA
KOLE,KOLE
KOLI,KESHOLI
KOLR,KOLNUR
KON,KUDALNAGAR
KONA,KONA PH
KONN,KONNUR
KONY,KISONI
KOO,KHUSROPUR
KOP,C SHAHUMHARAJ T
KOPR,KOPAR
KOQ,KUTHUR H
KORI,KHORI
KOTA,KOTA JN
KOTI,KOTI
KOTR,KORATTUR
KOTT,KOTTUR H
KOU,KODURU
KOV,KIRLOSKARVADI
KOVH,KOVVADA
KOWN,KHOWANG
KOX,KACHUJOR
KOY,KHEROL
KOZ,KOSMA
KP,KAMPTEE
KPA,KANCHRAPARA
KPB,KHARPOKHRA
KPCM,KUWARCHINTAWANPUR H
KPD,KATPADI JN
KPDH,KAPURDHA HALT
KPE,KAUWAPUR
KPG,KOPARGAON
KPGM,KARPURIGRAM
KPHH,KUSHALPURA HARNAHA HALT
KPHI,KOTHAPALLI
KPHN,KOPAR KHAIRNA
KPI,KALPI
KPJ,KOPAGANJ H
KPJG,KEREJANGA
KPK,KALIPAHARI
KPKD,KHAPRI KHEDA
KPKI,QASIMPUR KHERI
KPL,KANTAKAPALLE
KPLD,KAPALI ROAD PH
KPLE,KOPAI
KPLH,KOTIPALLI
KPLL,KOTTA PNDLPALLI
KPLR,KOPARLAHAR
KPN,KUPPAM
KPNA,KAPAN
KPO,KARANPURA
KPP,KALAPIPAL
KPPR,KARUPPUR
KPQ,KANNAPURAM
KPRD,KALYANPUR ROAD
KPRR,KOTAPAR ROAD
KPS,KOPA SAMHOTA
KPTM,KANJIRAMITTAM
KPTN,KESHORAI PATAN
KPTO,KARANPURATO
KPU,KRISHNAPURAM
KPV,KASHIPUR
KPXR,KAIPADAR ROAD
KPY,KARUNAGAPALLI
KPZ,KAPREN
KQA,KONDAGUNTA
KQD,KHAIRATABAD DCN
KQE,KALA AKHAR
KQI,KALACHAND
KQK,KOTIKULAM
KQL,KANDHLA
KQLS,KAMARKUNDU (LOWER)
KQN,KODAIKANAL ROAD
KQQ,KAUKUNTLA
KQR,KODERMA
KQRT,KODERMA TOWN
KQS,KAILARAS
KQT,KURGUNTA
KQU,KAMARKUNDU
KQW,KHEDULI
KQZ,KOLAR
KRA,KAREPALLI
KRAI,KAHET
KRAN,KORATTI ANGADI
KRAP,KARAPA
KRAR,KHARIAR ROAD
KRBA,KORBA
KRBP,KHUDIRAM B PUSA
KRC,KIRODA
KRCD,KHARWA CHANDA
KRD,KARAD
KRDH,KORADIH
KRDL,KIRANDUL
KRDN,KARAUNDHANA
KRE,KARTARPUR
KRG,KOREGAON
KRH,KHAIRTHAL
KRHA,KORAHIA
KRHT,KHARAHAT
KRI,KHAPRI
KRIH,KORAI HALT
KRJ,KHURJA JN
KRJD,KARJODA
KRJR,KARJARA
KRKD,KARAKAD
KRKH,KHARKARA HALT
KRKN,KARKEND BH
KRKP,KYARKOP
KRKR,KURKURA
KRL,KOTARLIA
KRLA,KORUTLA
KRLI,KURALI
KRLR,KARAILA ROAD JN
KRLS,KURLAS
KRMA,KARAMTOLLA
KRMB,KARMABAD BH
KRMD,KUARMUNDA
KRMG,KUMARAMANGALAM
KRMI,KARMALI
KRMP,KUMARIPUR HALT
KRMR,KARIMNAGAR
KRND,KHORASON ROAD
KRNH,KORANAHALLI H
KRNI,KRISHNAI
KRNN,KARNAUTI H
KRNR,KRISHANRAJANAGA
KRNT,KURNOOL CITY
KRNU,KONANUR H
KRON,KARONA H
KRP,KRISHNAPUR
KRPN,KHAREPATAN ROAD
KRPP,KURUPPANTARA
KRPR,KAREPUR
KRPU,KORAPUT
KRQ,KARARI
KRR,KARUR
KRRA,KARRA
KRRI,KHAIRRANJI
KRS,KARISATH
KRSA,KHARSALIYA
KRSL,KRISHNASHILLA
KRSW,KOHAR SINGH WALA
KRT,KHURAHAT
KRTA,KARKATTA
KRTH,KIRATGARH
KRTL,KARTAULI H
KRTN,KIRTINAGAR H
KRTR,KAROTA PATRI H
KRU,KHERALU
KRUR,KEERANUR
KRV,KARAVADI
KRW,KHARWA
KRX,KURUD
KRXA,KHARA
KRXM,KRISHNAMOHAN H
KRY,KADIRI
KRYA,KURRAIYA
KRYP,KADIRIDEVARAPALLI
KRYR,KARAMSAD
KRZ,KHARAWAR
KS,KHETA SARAI
KSA,KHASA
KSAE,KOSAI
KSAR,KUDALA SANGAMA ROAD H
KSB,KOSAMBA JN
KSBI,KASHIABARI
KSBP,KESHABPUR
KSC,KASHI CHAK
KSD,KESHOD
KSDE,KARSINDHU H
KSE,KOSAD
KSF,KHALISPUR
KSG,KISHANGARH
KSH,KALI SINDH
KSHR,KESHWARI
KSHT,KHETIA
KSI,KOSLI
KSIH,KHODSEONI
KSJ,KASGANJ
KSK,KASIMKOTA
KSM,KAMASAMUDRAM
KSMB,KUSUMHA BIHAR H
KSN,KRISHNA
KSNA,KANSARNAWADA
KSNG,KESINGA
KSNR,KHUSHAL NAGAR
KSO,KHEMASULI PH
KSP,KISHANPUR
KSPR,KASHIPURA SARAR
KSQ,KANSPUR GUGAULI
KSR,KASTURI H
KSRA,KASARA
KSTA,KASTHA
KSTE,KISTAMSETTIPALI
KSTH,KASHTI
KSU,KUSTAUR
KSUA,KASHIPURA
KSV,KOSI KALAN
KSVR,KESHAV NAGAR HALT
KSW,KHERI SALWA
KSWD,KASARWADI
KSWR,KALMESHWAR
KSX,KOTSHILA
KSY,KUSIARGAON
KT,KUMTA
KTA,KUSHTALA
KTAL,KATHLAL
KTBR,KASTURBA NAGAR
KTCE,KATOGHAN
KTCH,KAITHALKUCHI
KTCR,KOTTACHERUVU
KTD,KANTADIH
KTDA,KATUDA
KTDD,KATAIYA DANDI H
KTE,KATNI
KTES,KATNI SOUTH
KTF,KOT FATTEH
KTGA,KEUTGUDA
KTGD,KOTHA GANGAD
KTGG,KARATAGI
KTGM,KAYASTHAGRAM
KTH,KATRASGARH
KTHA,KHUTAHA
KTHD,KOTHARI ROAD
KTHE,KATAHRI
KTHL,KATHOLA H
KTHN,KATHOUN
KTHU,KATHUA
KTHY,KATHURUTHY HALT
KTI,KANTI
KTJ,KHALTIPUR
KTJI,KATHAJORI PH
KTK,KYATANEAKERI RD
KTKA,KOTAKADRA
KTKD,KATANGI KHURD
KTKL,KOTLI KALAN
KTKR,KUMTHA KHURD
KTKS,KANTAKOSH H
KTLA,KATKOLA JN
KTLP,KATALPUR H
KTLR,KANTHALIA ROAD H
KTM,KUTRALAM
KTMA,KOTMA
KTNA,KATHANA
KTNR,KIRTYANAND NAGAR
KTO,KATORA
KTOA,KOTANA
KTOR,KATORIYA
KTP,KATEPURNA
KTPK,KOTHA PAKKI H
KTPM,KOTTURPURAM
KTPR,KATHAL PUKHURI
KTQ,KUDRA
KTR,KOTHAR
KTRA,KOTRA
KTRD,KATOSAN ROAD
KTRH,KATAREAH
KTRI,KATERI
KTRK,KUTURUKHAMAR PH
KTRR,KATHARA ROAD
KTSH,KOTMI SONAN HLT
KTT,KHUTBAV
KTTR,KATTUR
KTU,KUTTIPPURAM
KTV,KOTTAVALASA
KTW,KOTDWARA
KTWS,KATHUWAS
KTX,KATAKHAL JN
KTY,KOTTURU
KTYM,KOTTAYAM
KTYR,KOTTAIYUR
KU,KULIKARAI
KUA,KULHARIA
KUB,KASBA
KUC,KARUKKUTTY
KUCE,KUCHAI
KUCH,KUCHAVARAM H
KUD,KUDACHI
KUDA,KUNDAPURA
KUDL,KUDAL
KUDN,KUDNI
KUE,KURSELA
KUF,KAURHA
KUG,KUSUGALI
KUGT,KUMARGHAT
KUH,KHACHROD
KUI,KULALI
KUJU,KUJU
KUK,KORUKONDA
KUKA,KHUI KHERA
KUKT,KURUKOTTA
KUL,KALLAYI
KULH,KULHA H
KUM,KURAM
KUMB,KUMARBAGH
KUMM,KUMBALAM
KUMT,KURMAHAT
KUN,KARNAL
KUND,KUND
KUP,KUP
KUPR,KHURDPUR
KUQ,KURETHA
KUR,KHURDA ROAD JN
KURJ,KHAJURAHO
KURN,KHUKRANA H
KURO,KORARI
KURT,KHURDA TOWN
KURV,KURVA
KUT,KANAUTA
KUTI,KHUMTAI
KUU,KUHURI
KUV,KUNDARA
KUW,KANWAR
KUX,KHIRSADOH JN
KV,KAYAVAROHAN
KVA,KAVAS
KVC,KAPARPURA
KVD,KHURMABAD ROAD
KVDU,KADAVAKUDURU
KVE,KAVALANDE H
KVG,KUNEANGANJ
KVGM,KOLVAGRAM
KVJ,KESHAVGANJ
KVK,KAVATHE MAHANKL
KVL,KIZHVELUR
KVLK,KAVAL KINARU
KVLR,KARUVALLI
KVLS,KARAKAVALASA
KVM,KAVUTARAM
KVN,KAVANUR
KVNJ,KAPADVANJ
KVO,KEVDI ROAD
KVP,KAVARAIPPETTAI
KVPT,KARAI KOVILPTHU
KVQ,KOSIARA
KVR,KOVVUR
KVS,KALSUR
KVTA,KARUVATTA H
KVU,KADAKAVUR
KVV,KURAVAPPULAM
KVX,KUSUMBHI
KVZ,KAVALI
KW,KHERVADI
KWAE,KATWA
KWAR,KAWAR
KWB,KANIWARA
KWC,KUNDWA CHAINPUR
KWD,KARWANDIYA
KWDP,KAKDWIP
KWE,KHURIAL
KWGN,KAWARGAON
KWH,KACHHWA ROAD
KWI,KIVARLI
KWJ,KHOJEWALA
KWM,KAMPUR
KWMD,KUMBHAWAS MUNDHALIA DABRI H
KWN,KACHEWANI
KWNI,KAWNPUI
KWO,KARAUTA
KWP,KHATIPURA
KWPR,KHAWASPUR HALT
KWR,KOELWAR
KWV,KURDUVADI
KWW,KUSWA H
KXB,KANJIYA
KXE,KALYAN CHAK
KXF,KAMPIL ROAD
KXG,KHARIA KHANGARH
KXH,KAPURTHALA
KXI,KURUMURTHI
KXJ,KARIMGANJ JN
KXK,KHARKHAUDA
KXL,KAMARBANDHA ALI
KXM,KITHAM
KXN,KANSHBAHAL
KXO,KUDIKADU
KXP,KANIYAPURAM
KXRA,KURIA HALT
KXT,KETTI
KXX,KATA ROAD
KXY,KARIYAPATTINAM
KY,KARELI
KYA,KAURIYA H
KYB,KAIYAR PH
KYBR,KHAIRATIYA BANDH ROAD H
KYE,KHURAI
KYF,KAJRAT NAWADIH
KYG,KIDIYANAGA
KYH,KHAIRAH
KYI,KALYANI
KYJ,KAYANKULAM JN
KYM,KADIYAM
KYN,KALYAN JN
KYND,KALYANDURGA
KYNT,KALYANKOT
KYO,KHANDIKAR
KYOP,KOTTAPALLI
KYP,KALYANPUR
KYQ,KAMAKHYA
KYS,KUSUMKASA
KYT,KAILAHAT
KYV,KOYILVENNI
KYW,KARCHHUE H
KYX,KARHIYA BHADELI
KYY,KARIHA H
KYZ,KIZHA PULIYUR
KZA,KHADA
KZB,KURUMBUR
KZC,KULUKKALLUR
KZE,KANHANGAD
KZH,KILA ZAFARGARH
KZI,KHANDRAWALI H
KZJ,KAZIPET JN
KZJE,KZJ E CABIN
KZJF,KZJ F CABIN
KZK,KAZHAKUTTAM
KZPE,KAZIPARA HALT
KZPR,KAZIPARA H
KZQ,KHIMEL
KZS,KUAKHERA H
KZT,KULITTHURAI
KZTW,KULITTURAI WEST
KZU,KUNKI B H
KZW,KATAR SINGH WALA
KZX,KHUDDA KORALA
KZY,KAYALPATTINAM
LAA,LAKHAPAT
LAD,LOHARDAGA BS
LAE,LAKHOLI
LAK,LAKHO
LAL,LUSHALA
LAN,LOTANA
LAP,LOHAPUR
LAR,LALITPUR
LAT,LATHI
LATH,LATH HALT
LAU,LADNUN
LAV,LABHA
LB,LAIN BAZAR
LBA,LAMBHUA
LBD,LIMBODRA
LBG,LIMBGAON
LBI,LILABARI
LBN,LABAN
LBO,LATABOR
LBP,LABPUR
LBT,LALGARH BIHAR H
LBTL,LABUTALA H
LBW,LAIBURWA H
LBZ,LALBAG BH
LC,LUCKNOW CITY
LCAE,LALBAGH CRT RD
LCH,LINCH
LCK,LAKHOCHAK H
LCR,LOKUR
LCT,LANGCHOLIET
LD,LONDA JN
LDA,LIDHORA KHURD
LDCY,LODI COLONY
LDE,LOKDHIKHERA
LDH,LUDHIANA JN
LDK,LADHUKA
LDM,LEDARMER
LDP,LODIPUR BISHNPR
LDR,LANDAURA
LDU,LUNIDHAR
LDVD,LADDIVADI
LDW,LADHOWAL
LDX,LADDA
LDY,LAKKITI
LEB,LEMUABAD H
LEDO,LEDO
LEK,LAKHAKERA
LER,LEHRA F
LGCE,LAGARGAWAN
LGDH,LALAGUDA GATE
LGH,LALGARH JN
LGI,LAMGAI
LGL,LALGOLA
LGO,LALGOPALGANJ
LGRE,LINGIRI
LGT,LANGTING
LGTR,LINGARAJ TEMPLE ROAD PH
LHA,LEHRA GAGA
LHB,LAHABON
LHBK,LOTHAL BHURKHI
LHD,LOHOGAD
LHL,LAHOAL
LHLL,LAHLI
LHM,LEHRA MUHABBAT
LHN,LACHYAN
LHNA,LOHANDA H
LHNR,LAKSHMANPUR H
LHU,LOHARU
LHW,LOHARWARA
LIG,LINGA
LIJ,LAKSHMIGANJ
LIL,LILMA
LIN,LINGAMGUNTLA
LIR,LACHMIPUR H
LJN,LUCKNOW NE
LJR,LANJIGARH ROAD
LKA,LANKA
LKB,LAKSHMIPUR BHORANG
LKBL,LAKHABAWAL
LKD,LAKODARA
LKDM,LAKDARAM
LKDU,LANKALAKODERU
LKE,LAKHERI
LKF,LAKE GARDEN F
LKG,LAMSAKHANG
LKK,LYALPUR KHALSA COLL
LKKD,LAKKADKOT
LKMN,LOKMANYA NAGAR
LKMR,LAXMIPUR ROAD
LKN,LAKHMINIA
LKNA,LAKHNA
LKNR,LAKHPAT NAGAR
LKO,LUCKNOW NR
LKPL,LAKDI KA PUL
LKPR,LAKSHMIKANTAPUR
LKQ,LAUKAHA BAZAR
LKR,LUCKEESARAI JN
LKS,LUNKARANSAR
LKSH,LAKSHMINARAYANAPURAM H
LKT,HULKOTI
LKU,LAL KUAN
LKW,LAKHEWALI
LKX,LAKSHMIPUR
LKY,LAKHMAPUR
LKZ,LAKADIYA
LLBR,LALABAZAR
LLD,LALAWADI
LLGM,LELIGUMA
LLH,LILUAH
LLI,LALGUDI
LLJ,LALGANJ
LLJP,LALGANJ PAKRI
LLKN,LAL KALAN
LLP,LALITGRAM
LLPR,LALIT LAKSHMIPR
LLR,LALPUR
LLST,LALSOT
LLTG,LALITGIRI
LLU,LALRU
LM,LIMBDI
LMA,LAMBIYA
LMC,LAKHAMANCHI
LMD,LINGANENIDODDI
LMG,LUMDING JN
LMK,LIMKHEDA
LMM,LAILAKH MAMALKHA
LMN,LACHHMANPUR
LMNR,LAKSHMIBAI NGR
LMO,LILIYA MOTA
LMP,LAKHIMPUR
LMT,ALMATTI
LMU,LIMARUA
LMY,LAIMEKURI
LNA,LAMANA
LNBI,LINGANABANDI
LNH,LACHHMANGARH SK
LNJ,LANGHNAJ
LNK,LOHIAN KHAS JN
LNL,LONAVALA
LNMA,LAKHAN MAJRA
LNN,LONAND JN
LNO,LOHNA ROAD
LNP,LANGARPETH
LNR,LUNI RICHHA
LNS,LUNSU H
LNW,LAKHANWADA
LNWT,LKO ALAMBAGH W CABIN
LO,LOLIYA
LOA,LORHA
LOG,LOHGARA
LOGH,LOTTE GOLLAHALLI H
LOHA,LOHA
LOK,LOKNATH
LOL,LOLIEM
LOM,LODHMA
LONI,LONI
LOT,LOHTA
LOV,LOVEDALE
LP,LALAPET
LPG,LAPANGA
LPH,LOTAPAHAR
LPI,LINGAMPALLI
LPJ,LALPUR JAM
LPJL,JAGITYAL LINGAMPET
LPK,LEPETKATA
LPNR,LAJPAT NAGAR
LPR,LILAPUR ROAD
LPW,LOHARPURWA H
LR,LADPURA
LRA,LODRA
LRB,LARABAD
LRD,LAR ROAD
LRI,LIHURI PH
LRJ,LAKSAR JN
LRU,LALPUR UMRI
LS,LASALGAON
LSD,LUSADIYA
LSE,LASERI
LSGS,LAVAN SATYAGRAH SMARAK P H
LSI,LAHERIA SARAI
LSMP,LAKSHMAPUR
LSR,LASUR
LSX,LOISINGHA
LT,LAHAVIT
LTA,LAMTA
LTD,LATHIDAD
LTG,LATAGURI JN
LTHR,LATEHAR
LTI,LATTERI
LTK,LATHIKATA
LTKR,LALIT KHERA HALT
LTMD,LATEMDA
LTR,LAKHTAR
LTRR,LATUR ROAD
LTT,LOKMANYATILAK T
LUA,LALAURI KHERA
LUBA,LACHHU BIGHA
LUNI,LUNI JN
LUR,LATUR
LUSA,LUSA
LVR,LOK VIDYAPITH NAGAR H
LW,LORWADA
LWJ,LOWJEE
LWR,ALNAVAR JN
LWS,LUKWASA
LXA,LAKSWA
LXD,LAKSHANNATH ROAD
LXMP,LAKSHMIPUR BIHAR
LXR,LUNSERIYA
LYD,LAYABAD
MA,MADHA
MAA,MAVAL
MAAR,MALHAR
MABA,MANDI BAMORA
MABB,MABBI H
MABD,MAHBUBABAD
MABM,M AHORWA B DHAM
MABN,MABAN
MACI,MARACHI HALT
MACR,MANGULI CHOUDWAR PH
MAD,MADDUR
MADA,MAONDA
MADM,MATHRADAM HALT
MADR,MADURE
MADU,MADDURU
MAE,MATHERAN
MAEL,MAEL
MAF,MANAVUR
MAG,MANGALAGIRI
MAGH,MANIKGARH
MAH,MADHOGANJ
MAHE,MAHE
MAHI,MAHIPUR
MAHM,MEHAM
MAHO,MAHOLI
MAI,MEHSI
MAJ,MAJHERGRAM
MAJN,MANGALORE JN
MAK,MALIKPUR
MAKG,MAULKHANG
MAKH,MOKHAMPURA
MAKM,MARARIKULAM
MAKP,MANIKPURA HALT
MAKR,BINA MALKHEDI JN
MALA,MALA
MALB,MALIYA MIYANA JN
MALK,MALKAPUR ROAD
MALM,MANTHRALAYAM RD
MALR,MALLUR
MALX,MALIYA
MAM,MANGAL MAHUDI
MAN,MANINAGAR
MANA,MANA
MANE,MANESWAR
MANI,MANI NAGAR
MANK,MANKI
MANR,MANSAROVAR
MANU,MONU
MANW,MANWA H
MAO,MADGAON
MAP,MORAPPUR
MAQ,MANGALORE CNTL
MAR,MULANUR
MARD,MAVUR ROAD
MAS,CHENNAI CENTRAL
MASK,MAISAR KHANA
MASS,CHENNAI CTRL SUBURBAN
MAU,MAU JN
MAUL,MAULI
MAUR,MAUR
MAX,MANGUDI
MAY,MARIAHU
MAYA,MAKAKHAD
MAYP,MAYAPUR
MAYR,MAYAR
MAZ,MANGRA
MB,MORADABAD
MBA,MAHOBA JN
MBAH,MIRABIGHA HALT
MBB,MURSHIDABAD
MBC,MAHANANDA BRIDGE
MBD,MUSTABADA
MBDD,MAA BARAHI DEVI DHAM
MBDP,MA BELHADEVI PRATAPGARH JN
MBE,MIRZAPUR BANKIPUR
MBF,MUNABAO
MBG,MAIBANG
MBGA,MARWAR BAGRA
MBH,MOBHA ROAD
MBI,MADHUBANI
MBL,MANUBOLU
MBLP,MAH BIJLI PASI
MBM,MAMBALAM
MBNL,MARWAR BHINMAL
MBNR,MAHBUBNAGAR
MBO,MAIRABARI
MBP,MOHIBULLAPUR
MBQ,MUMBRA
MBS,MADHOSINGH
MBSK,MARWAR BALIA
MBT,MARWAR BITHRI
MBU,MELPATTAMBAKKAM
MBV,MIRZAPUR BACHHAU
MBW,MALWARA
MBY,MANDI DABWALI
MC,MANDAPAM CAMP
MCA,MECHEDA
MCDA,MA CHANDIKADEVI D ANTU
MCF,MANIK CHAURI
MCI,MANCHIRYAL
MCJ,MANJATTIDAL
MCL,MADIMANGALAM
MCLA,MACHERLA
MCLE,MANCHILI
MCN,MUKUNDARAYAPURM
MCO,MOTIHARI COURT
MCPE,MARWAR CHAPRI
MCPK,CHEPAUK
MCPT,CHINTADARIPET
MCQ,MIRCHADHORI
MCRD,MECHERI ROAD
MCS,MANCHESWAR
MCSC,CHHATARPUR
MCTM,MTYR C TUSHAR MAHAJAN
MCU,MULACALACHERUVU
MCV,MACHARYA
MCVM,MACHAVARAM
MCY,MACHRIAWAN H
MCZ,MAHABUANG
MDA,MANDHANA JN
MDAK,MEDAK
MDB,MANDOR
MDBP,MADHABPUR H
MDC,MAKARDAHA
MDCR,MASAUDHI COURT H
MDD,MALAD
MDDG,MALADGAON
MDDP,MANDI DIP
MDE,MAKHDUMPUR GAYA
MDF,MURADI
MDG,MANDALGHAT
MDGR,MANENDRAGARH
MDH,MANDHAR
MDHA,MADHADA
MDJ,MUHAMMADGANJ
MDJN,MADAR JN
MDKD,MADHUKUNDA
MDKI,MADUKARAI
MDKM,MADATTUKULAM
MDKU,MODUKURU
MDL,MANDAL
MDLA,MUDLANA
MDLE,MANDAR HILL
MDLL,MUDDALINGANAHALLI H
MDN,MIDNAPORE
MDNR,MODINAGAR
MDP,MADHUPUR JN
MDPA,MANDPIYA
MDPB,MADHOPUR PUNJAB
MDPD,MANDAPADU
MDPJ,MADANAPUR H
MDPR,MODPUR
MDR,MADHIRA
MDRA,MEDRA
MDRR,MADHAVNAGAR ROAD
MDS,MANDASOR
MDSA,MODASA
MDSE,MADHU SUDANPUR
MDT,MADARIHAT
MDU,MADURAI JN
MDUN,MADHURANAGAR
MDVB,MANDAR VIDYAPITH H
MDVE,MAHENDRAVADI
MDVK,MAHADEOKHEDI
MDVL,MANDAVALLI
MDVR,MADHAVNAGAR
MDW,MARWAR MUNDWA
MDWI,MANDAWARI
MDXR,MUDARIA
ME,MASAIPET
MEC,MERTA CITY
MED,MEDCHAL
MEE,METHAI F
MEH,MELALATHUR
MEJ,VANCHI MANIYACHCHI
MEKM,MELAKKONNAKKULAM
MEL,MARINE LINES
MELH,MELUSAR
MEM,MAU AIMMA
MENP,MEENAPUR
MEP,MAHIDPUR ROAD
MEQ,MALETHU KANAK
MER,METPANJRA
MES,MADURAI EAST
MESR,MESRA
MET,MALERKOTLA
METR,METHI TIKUR
MEU,MENDU H
MEW,MARHAURA
MEX,MUKERIAN
MFA,MUKURIA
MFB,MUSTAFABAD
MFC,MONABARI
MFCK,MUSTAPHACHAK
MFH,MAHRAULI
MFJ,MUFTIGANJ
MFKA,MUSAFIR KHANA
MFM,MAHALAM
MFP,MUZAFFARPUR JN
MFQ,MAHROI
MFR,MANDLA FORT
MFX,MADARAHA
MFZ,MALAHAR
MG,MODELGRAM
MGAE,MORGRAM
MGB,MUDIGUBBA
MGC,MUGAT
MGD,MUGAD
MGDR,MAGARDHARRA PH
MGE,MIGRENDISA
MGF,MANDAGERE
MGG,MANGLIYA GAON
MGI,MANIGACHI
MGK,MULAGUNNATHUKAVU
MGKM,MUNGAIAKAMI
MGKP,MANSINGH KA PURA
MGL,MANGELA
MGLE,MANIGRAM
MGLP,MANGOLPURI
MGM,MURAGACHA
MGME,MCCLUSKIEGANJ
MGN,MEGHNAGAR
MGPA,MUNDA GOPAL ASHRAM H
MGPI,MANGARAPATTI HALT
MGR,MONGHYR
MGRD,MAGARDOH
MGRL,MANGROLLA
MGRP,MEGHRAJPURA
MGRR,MAGARPUR
MGT,MAGRA HAT
MGV,MOLAGAVALLI
MGVK,MALEGAON VYENKU
MGW,MAGARWARA
MGWD,MAHANGARWAL DOABA
MGWN,MAHGAWAN H
MGZ,MAHARAJGANJ
MH,MAHURI H
MHA,MARAHRA
MHAD,MOHADI PRGN LNG
MHBA,MATHABHANGA
MHBG,MAHADEVA BUZURG H
MHBT,MAHABUBNAGAR TOWN H
MHBZ,MAHTHA BAZAR H
MHC,MASRAKH
MHD,MHMDVD KHEDA RD
MHDA,MAHADIYA
MHDB,MAHADIA PH
MHF,MOHARI
MHH,MAGHAR
MHHR,MAHESRA H
MHI,MANIHARI
MHJ,MAHAJAN
MHKT,MOHKHUTI
MHL,MAHWAL
MHLN,MAHENDRALALNAGAR
MHLT,MAHESH LETA H
MHMB,MAHIMBA H
MHN,MAHANADI
MHNR,MAHESH NAGAR HALT
MHO,MAHPUR
MHOW,MHOW
MHP,MUHAMMADPUR
MHPE,MOHOPE
MHPR,MAHIYARPUR
MHQ,MAHUDA
MHRG,MAHENDRAGARH
MHRI,MACHHRAULI
MHRL,MAHRAIL
MHRN,MAHENDRANATH H
MHSA,MAHESHPUR HALT
MHT,MANJHI
MHTR,MALIHATI TALIBPUR ROAD
MHU,MANHERU
MHUA,MAHUDHA
MHUL,MEHUWALA
MHUR,MOHANPUR
MHV,MAHUVA JN
MIA,MANIA
MIAL,MILAVALI H
MIAN,MIAGRAM H
MID,MADHI
MIDP,MAMIDIPALLE
MIH,MIHRAWAN
MIJ,MAJHDIA
MIK,MANIKUI
MIKD,MAHIKHAND HALT
MIL,MILAK
MIM,MANIRAM
MIN,MIHINPURWA
MINA,MIYANA
MINJ,MAIKALGANJ
MIO,MOLISAR
MIPM,MARRIPALEM PH
MIQ,MIRHAKUR
MIR,MAIJAPUR
MIRA,MIRA ROAD
MITA,MITHA
MIU,MARIPAT
MIW,MIGHAUNA H
MIYN,MANIYAN
MJ,MARWAR JN
MJA,MEJA ROAD
MJBK,MANJARI BUDRUK
MJBT,MAJBAT
MJE,MUJNAI
MJF,MALKAJGIRI
MJG,MAJHAGAWAN
MJGP,MAJHGAWANPHATAK
MJH,MAJU PH
MJHL,MAJHAULA H
MJHR,MAJHIARI
MJKN,MAJRI KHADAN
MJL,MAJHOWLIA
MJM,MANJHAULI GRAM H
MJN,MAKUM JN
MJNL,MAJRI NANGAL
MJNS,MAA JAGDAMBA NAWADA HALT
MJO,MAJORDA
MJP,MOHARAJPUR
MJPB,MANJHRA PURAB
MJR,MINJUR
MJRI,MAJRI JN
MJS,MANJESHWAR
MJT,MAJERHAT
MJTA,MAJITHA
MJV,MANJHAGARH
MJY,MARAMJHIRI
MJZ,MAJHOLA PAKARYA
MK,MIRANPUR KATRA
MKA,MOKAMEH JN
MKAK,MUNDAKAKANNI AMMAN KOIL
MKB,MANKATHA
MKBH,MANWALA KOT BAKHTU
MKC,MAKSI
MKD,MARKUNDI
MKDD,MUKUNDA WADI H
MKDI,MAKUDI
MKDM,MA KALIKAN DHAM
MKDN,MORKADHANA
MKG,MANAK NAGAR
MKGD,MANIKAGODA
MKH,MALAKHERA
MKHI,MAKHI
MKHR,MARWAR KHARA
MKHS,MOKAR HALT
MKJ,MAKKAJIPALLI
MKK,KODAMBAKKAM
MKL,MAKLIDRUG
MKLI,MAKRAULI
MKM,MARIKUPPAM
MKMN,MOKHRA MADINA
MKN,MAKRANA JN
MKO,MARKONA
MKP,MANIKPUR JN
MKPR,MUKTAPUR
MKPT,MALIKPETH
MKR,MADDIKERA
MKRA,MAKRERA
MKRD,MACHHAKUNDA
MKRH,MALLICKPUR HAT
MKRL,MOTI KORAL
MKRN,MAKRONIA
MKS,MUKTSAR
MKSP,MUKHASA PARUR
MKSR,MOKALSAR
MKT,MUKHTIAR BALWAR
MKTL,MAKTHAL
MKTP,MUKTESWARPURI PH
MKU,MALKAPUR
MKWI,MAKARWADI HALT
MKX,MORAK
MKY,MEKKUDI
MKZ,MAHKEPAR ROAD
ML,MALHOUR
MLAR,MALANPUR
MLB,MODNIMB
MLBZ,MALBAZAR
MLC,MALKISAR
MLD,MALIHABAD
MLDE,MADLAUDA
MLDT,MALDA TOWN
MLFC,MALDA COURT
MLG,MALHARGARH
MLGH,MANDALGARH
MLGT,MALLAPPA GATE
MLHA,MALIYA HATINA
MLHS,LIGHT HOUSE
MLI,MANGALIYAWAS
MLJ,MOHANLALGANJ
MLK,MALKAPURAM
MLKA,MALUKA
MLKH,MULEWAL KHAIHRA
MLKN,MUNDHAL KALAN
MLKP,MALIKPUR H
MLM,MALTHAN
MLMG,MALLEMADUGU
MLMR,MELMARUVATTUR
MLN,MAILANI
MLND,MULUND
MLNH,MALANCHA
MLNR,GAWADA MALOSAN
MLO,MALUR
MLP,MALLAPUR
MLPM,MELPAKKAM CABIN
MLPR,MALIPUR
MLQ,MALKERA JN
MLR,MALKHED
MLS,MALASA
MLSA,MALLASANDRA
MLSR,MALSAR
MLSU,MALSAILU
MLT,MALATIPATPUR
MLTI,MALTI
MLTR,MELATTUR
MLU,MALUGUR
MLV,MALLARPUR
MLW,MALLANWAN
MLX,MULLANPUR
MLY,MAULA ALI
MLYA,MALIYA H
MLYR,MELNARIYAPPANUR
MLZ,MALARNA
MM,MAHIM JN
MMA,MUHAMMADABAD
MMB,MAHMUDABAD AVDH
MMC,MAHAMANDIR
MMCT,MUMBAI CENTRAL
MMD,MAHESHMUNDA
MMDA,MUTHALAMADA
MMDL,MOHINI MANDAL
MMDP,MOHAMADPUR
MME,MUL MARORA
MMG,MADHYAMGRAM
MMH,MAHADANAPURAM
MMI,MARIYAMANAHALLI
MMK,MADURANTAKAM
MMKB,MEMRAKHABAD H
MML,MADAN MAHAL
MMLN,MAHUAMILAN
MMM,MANDAPAM
MMNK,MARAIMALAI NAGAR KAMARAJAR
MMP,MAMBALAPPATTU
MMPL,MANTAPAMPALLE
MMR,MANMAD JN
MMS,MANDASA ROAD
MMU,MUGMA
MMV,MAHALI MARUP
MMVR,MURGA MAHADEV ROAD
MMY,MARWAR MATHANYA
MMZ,MANDAMARI
MN,MINAMBAKKAM
MNAE,MANKAR
MNC,MADANKATA
MNCR,MONACHERRA
MND,MUNDERWA
MNDA,MANDURA
MNDH,MANDIR HASAUD
MNDK,MAGANUR
MNDP,MENDIPATHAR
MNDR,MANDI DHANAURA
MNDU,MANDU HALT
MNDY,MANDAVELI
MNE,MANSI JN
MNF,MANDA ROAD
MNGD,MUNIGUDA
MNGR,MOHAN NAGAR
MNH,MUNSIRHAT P H
MNHA,MINDHA
MNHL,MAJHAIRAN HIMACHAL
MNI,MANGAON
MNJ,MANOHARGANJ
MNJR,MANJHLEPUR
MNKD,MANKHURD
MNKN,MANIKALAN H
MNL,MINCHNAL
MNLI,MANALI TN
MNM,MANAMADURAI JN
MNMA,MANDAN MISHRA
MNMU,MANI MAU
MNO,MEHNAR ROAD
MNP,MANANPUR
MNPR,MIANPUR
MNQ,MAINPURI
MNR,MAKKHANPUR
MNS,MANSHAHI
MNSR,MANAKSAR
MNTT,MULANTURUTTI
MNU,MUNDIKOTA
MNUR,MANNANUR
MNV,MUNGAOLI
MNWL,MANWAL
MNY,MANKARAI
MNZ,MANANI
MO,MOHOL
MOA,MANOPAD
MOAR,MANIPUR BAGAN
MOB,MANOHARABAD
MOBD,MOUBUND
MOF,MONDH
MOG,MOHIUDDINNAGAR
MOGA,MOGA
MOHR,MOHANA
MOI,MORI BERA
MOJ,MOHANA
MOL,MULI ROAD
MOM,MAMAN
MOMU,MOLAKALMURU
MON,MODRAN
MONJ,MONGLAJHORA
MONR,MOHANUR
MOO,MUDDANURU
MOP,MOHITNAGAR
MOPR,MOHANPURA H
MOR,MOR
MORA,MORAIYA
MOT,MALOUT
MOTA,MOTA
MOTC,MOTICHUR
MOTG,MOTIGANJ
MOTH,MOTH
MOU,MANOHARPUR
MOW,MANANWALA
MOX,MORAN
MOY,MOHRI
MOZ,MUZAFFARNAGAR
MP,MELAPPALAIYAM
MPA,MANAPARAI
MPC,MUTHAMPATTI H
MPD,MADPUR
MPE,MALATIPUR
MPF,MUIRPUR ROAD
MPG,MANPUR NAGARIA
MPH,MUNDHA PANDE
MPI,MELPATTI
MPJ,MADANPUR
MPK,CHENNAI PARK
MPKT,CHENNAI PARK TOWN
MPL,MADANAPALLE RD
MPLE,MAHIPAL H
MPLI,MINNAMPALLI
MPLM,MARTHIPALAYAM
MPLR,MAHIPAL ROAD
MPML,MOHAPANI MAL
MPN,MADHYAMPUR
MPNH,MAJNUPUR NAWADA H
MPO,MANPUR JN
MPR,MAKARPURA
MPRA,MAHAMMAD PUR
MPRD,MATHURAPUR ROAD
MPT,MANGALAMPETA
MPU,MEDAPADU
MPUE,MAINPURI KACHERI H
MPUR,NEW MADANPUR
MPY,MURARPUR
MQ,MANNARGUDI
MQA,MATODA
MQC,MUNDKA H
MQE,MOHAMMADKHERA
MQG,MILANGARH
MQL,MIRKHAL
MQN,MANYAMKONDA
MQO,MUNROTURUTTU
MQP,MAKRANDPUR
MQQ,MARKAHANDI U HT
MQR,MALKHAID ROAD
MQS,MALSIAN SHAHKHT
MQU,MURUKKAMPUZHA
MQW,MALLAN NAGAR H
MQX,MERALGRAM
MQZ,MOTA JADRA
MR,MARTUR
MRA,MORENA
MRB,MUNIRABAD
MRBD,MOINARBAND
MRBL,MURIBAHAL
MRC,MARICHETHAL
MRDA,MARODA
MRDG,MARADANGA
MRDL,MERAMANDOLIL
MRDP,MURADPUR H
MRDW,MURDESHWAR
MRE,MANAURI
MRF,MARPALLI
MRG,MARGHERITA
MRGA,MIRYALAGUDA
MRGM,MAURIGRAM
MRHA,MURAHARA
MRHT,MORANHAT
MRIJ,MURLIGANJ
MRJ,MIRAJ JN
MRJD,MARJADWA
MRJN,MIRJAN
MRK,MARKAPUR ROAD
MRKL,MARIKAL
MRL,MAROLI
MRLA,MARIYAL GANGAVADI HA
MRLI,MURLI H
MRM,MAMANDURU
MRN,MORWANI
MRND,MORINDA
MROA,MORA
MRPL,MARAMPALLI
MRPR,MAU RANIPUR
MRQ,MATARI
MRR,MURARAI
MRSH,MORSHI
MRT,MATHURA CANT
MRTA,MURAITHA H
MRTD,MORTHAD
MRTL,MIRTHAL
MRU,MATUNGA ROAD
MRV,MARSUL
MRWS,MARWAR RANAWAS
MRX,MURUD
MRYA,MARIYANA
MRZA,MIRZA
MS,CHENNAI EGMORE
MSAE,MASSAGRAM
MSB,CHENNAI BEACH
MSC,CHENNAI CHETPAT
MSD,BOMBAY MASJID
MSDG,MHASODA DONGAR
MSDH,MASNADIH
MSDL,MAHISADAL
MSDN,MASUDAN
MSDR,MURSHADPUR
MSE,MASANI
MSF,CHENNAI FORT
MSGR,MARSHAGHAI ROAD
MSH,MAHESANA JN
MSHW,MUSHARWA H
MSK,MAHES KHUNT
MSL,MACHHALANDAPUR
MSMD,MAHASAMUND
MSMI,MISAMARI
MSN,MURSAN
MSO,MISROD
MSOD,MASODHA
MSP,MANSURPUR
MSQ,MARWAR RATANPURA
MSR,MASUR
MSRP,MURHESI RAMPUR
MSS,MASARAHALLI
MSSD,MAHESHRI SANDHUAN
MSSN,MAISHASHAN
MST,MASIT
MSTH,MISRIKH TIRATH
MSU,MOSUR
MSV,MUSTARA
MSW,MASKANWA
MSWA,MASANIWALA
MSZ,MANSA
MT,MATERA
MTA,MATHELA
MTAP,MATANIA ANANTPUR
MTB,MATLABPUR
MTBG,MATHIA BARGHAT H
MTBH,MAHATBANIA HALT
MTC,MEERUT CITY
MTCN,TIRUVALLIKENI
MTD,MERTA ROAD JN
MTDB,MERTA ROAD BYPASS
MTDI,MALTEKDI
MTDM,METUR DAM
MTE,METTUR
MTFA,MERTALA PHALEYA H
MTGE,MUTHANI
MTH,MATAUNDH
MTHP,MITHAPUR
MTI,MITAWAL
MTIP,MATHNASHIPUR
MTJ,MATHURA JN
MTJL,MOTIJHEEL
MTJR,MOTERJHAR
MTKR,MATOKHAR
MTL,MAILAM
MTLP,MITHILA DEEP
MTM,MACHILIPATNAM
MTMI,MOTUMARI JN
MTMY,THIRUMAYILAI
MTN,MATUNGA
MTND,MATTAGAJAPUR
MTNL,MUTTARASANALLUR
MTO,MAITHA
MTP,METUPALAIYAM
MTPC,MOTIPURA CHAUKI
MTPI,METPALLY
MTPR,RAIMEHATPUR
MTR,MOTIPUR
MTSI,MOTI SADHLI
MTT,MUTUPET
MTU,MATMARI
MTUR,MATHUR
MTV,MATALKUNTA
MTWN,MITEWANI PH
MTY,MULTAI
MU,MAKANSAR
MUA,MUSRA
MUBR,MANU BAZAR
MUC,MULLURCARAI
MUD,MURADNAGAR
MUE,MUDKHED
MUG,MAGRA
MUGA,MAHUGARHA
MUGN,MAHUTGAON
MUGR,MANUGURU
MUH,MURTIHA
MUHI,MURHARI H
MUK,MUNUMAKA
MUKE,MUKKALI H
MULK,MULKI
MUM,MANGAPATNAM
MUO,MASANGAON
MUP,MURHIPAR
MUPA,MUPA
MUQ,MARUDUR
MUR,MANKAPUR JN
MURD,MANDAWAR M RD
MURI,MURI
MUT,MEERUT CANT
MUU,MANKUNDU
MUUA,MAHUAWA KHURD
MUV,MANDUADIH
MUW,MATHURAPUR
MUY,MUGAIYUR
MUZ,MOHIUDDINPUR
MV,MAYILADUTURAI J
MVA,MALAKAVEMALA
MVC,MAVINKERE
MVD,MULVAD
MVE,MUNDHEWADI
MVF,MANABAR
MVG,MALIGURA
MVH,MANTATTI
MVI,MORBI
MVJ,MAVLI JN
MVKR,MAHAWAN KHOR H
MVL,MALAVLI
MVLK,MAVELIKARA
MVN,MILAVITTAN
MVO,MANWATH ROAD
MVP,MOKHASA KALAVAPUDI
MVPM,MAVELIAPLAIYAM
MVRD,MAIVADI ROAD
MVV,MAHESHI
MVW,MALLIVIDU
MVY,MALAVI
MW,MAIRWA
MWA,MANDWA
MWAD,MOWAD
MWAI,MAWAI
MWC,MANDAWALI CHANDER VIHAR H
MWD,MHASAVAD
MWE,MEWA NAWADA
MWF,MAGARDAHA
MWG,MINDALA
MWH,MALWAN
MWJ,MARWASGRAM
MWK,MORDAD TANDA
MWM,MALLESWARAM
MWP,MAHARANI PACHCHIM
MWQ,MOTARI H
MWR,MAHANSAR
MWRN,MADWARANI
MWT,MARWAR LOHWAT
MWUE,MAHRAWAL
MWW,MAHWA
MWX,MALLANWALA KHAS
MWY,MAILARAM
MWZ,MAHISHADAHARI
MX,MAHALAKSHMI
MXA,MARAUDA
MXD,MASOR ROAD
MXH,MAKHU
MXJ,MANGURJAN
MXK,MANDRAK
MXL,MOKHOLI
MXM,MINATCHIPURAM
MXN,MARIANI JN
MXO,MORTHALA
MXP,MALUPOTA
MXR,MAHUR
MXS,MOHASA
MXT,MALAKPET KCG
MXW,MAHADEVSAL
MXY,MAHUARIYA
MYA,MANDYA
MYD,MANDERDISA
MYG,MIYAGAM KARJAN
MYGD,MAYNAGURI ROAD
MYGL,MIYAGAM KARJAN JN
MYHT,MAYURHAT H
MYJ,MAHEJI
MYK,MAYAKONDA
MYL,MALLIYALA
MYM,MEMARI
MYP,MUNDILYAMPAKKAM
MYPR,MAYNAPUR
MYR,MAIHAR
MYS,MYSORE JN
MYU,MAYANOOR
MYX,METYAL SOHAR
MYY,MAYYANAD
MZA,MEZENGA
MZC,MIRZA CHEUKI
MZGI,MANZOORGARHI
MZH,MAUHARI
MZHL,MAJHAULI
MZL,MIRZAPALI
MZM,MUZZAMPUR NRYN
MZMA,MAZHOM
MZP,MIRZAPUR
MZQ,MAJGAON ASSARN
MZR,MURTAJAPUR
MZS,MURKEONGSELEK
MZU,MARANDAHALLI
MZV,MARALAHALLI
MZW,MANJHWE H
MZX,MATATILA
MZY,MACHAPUR BH
MZZ,MANJURI ROAD
NAB,NAGBHIR JN
NAC,NAWA CITY
NACC,NEW ALIPORE
NAD,NAGDA JN
NAHT,NEW ASHTI
NAI,NANGI
NAK,NAKSALBARI
NAKD,NAYAK DIH H
NAL,NAL HALT
NALR,NALPUR
NAM,NAMRUP
NAN,NANDGAON ROAD
NANA,NANA
NAND,NANDIKOOR
NANH,NAVANAGAR HALT
NANR,NARANPUR
NARA,NARA H
NARD,NAIKA ROAD H
NAS,NASRALA
NASP,NARASINGAPALLI
NAT,NATHNAGAR
NAU,NADAPURAM ROAD
NAVI,NEW AMRAVATI
NAW,NAWANDGI
NAWN,NAWAN
NAZJ,NAZIRGANJ
NB,NIMBHORA
NBA,NABHA
NBAE,NABAGRAM
NBD,NAJIBABAD JN
NBE,NEW BARRACKPUR
NBG,NABENAGAR ROAD
NBH,NIMBAHERA
NBI,NADBAI
NBJU,NEW BARAUNI JN
NBK,NUNGAMBAKKAM
NBKH,NABAGRARN KANKURHATI
NBL,NIMBAL
NBM,NAVABPALEM
NBP,NIBHAPUR
NBPH,NEW BALARAMPUR H
NBQ,NEW BONGAIGAON
NBR,NAMBURU
NBRL,NANI BARAL
NBRN,NABA RAYNAGAR H
NBS,NEW BANESWAR
NBT,NAYABHAGIRATHIPUR PH
NBU,NARASAMBUDHI H
NBUE,NIBKARORI
NBX,NIZBARGANJ
NCA,NIZCHATIA
NCB,NEW COOCH BEHAR
NCBD,NEW CHANGRABANDHA
NCE,NALLACHERUVU EAST
NCH,NAKACHARI
NCHS,NATURE CURE HOSPITAL
NCJ,NAGERCOIL JN
NCN,NACHINDA P H
NCP,NISHCHINDAPUR
NCPM,NISCHINDAPUR MARKET H
NCR,NAGORE
NCRM,NACHARAM
NCU,NALLACHERUVU
ND,NADIAD JN
NDAE,NABADWIP DHAM
NDAM,NADIGAM
NDB,NANDURBAR
NDBT,NANDPUR BHATAULI
NDD,NIDADAVOLU JN
NDE,NANDRE
NDGJ,NANDAIGAJAN P H
NDH,NINDHAR BENAR
NDIM,NANDAIGRAMHALT
NDJ,NANDGANJ
NDK,NANDKHAS
NDKD,NADIKODE
NDKR,NANDHAKUMAR PH
NDL,NANDYAL
NDLH,NANDLALEE H
NDLS,NEW DELHI
NDM,NIDAMANURU
NDMH,NEREDMET HALT
NDN,NARDANA
NDNI,NIDHANI
NDNR,NEW DHANORA
NDO,NIDUBROLU
NDON,NADAON HALT
NDPM,NARMADAPURAM
NDPR,NANDAPUR
NDPU,NUDURUPADU
NDR,NANDESARI
NDRT,NANGAL DEGROTA
NDT,NATHDWARA
NDU,NADAUL
NDV,NIDVANDA
NDW,NADWAN
NDY,NANDI H
NDZ,NIDIGALLU
NEC,NEMILICHERRY H
NED,H SAHIB NANDED
NEMA,NEMA H
NEO,NEORA
NEP,NENPUR
NERH,NER H
NERI,NERI
NES,NATESAR
NEU,NERUL
NEUA,NEMUA H
NEW,NIVARI
NEYT,NTPC EXCHANGE YARD
NFK,NEW FARAKKA JN
NG,NAGARI
NGA,NINGALA JN
NGAN,NAGAON
NGB,NAWABGANJ GONDA H
NGD,NAGARDEVLA
NGDM,NAGRADHAM PH
NGE,NAGAR
NGF,NAGARNABI
NGG,NAGINA
NGI,NAGARI
NGIM,NAGRIGRAM HALT
NGJA,NARAYANAPPAVALASA H
NGL,NAGAL
NGLT,NAGLATULA
NGM,NAGASAMUDRAM
NGMN,NEW GUMMANDEV
NGMP,NEW GARH MADHUPUR
NGN,NANDGAON
NGNT,NEW GUNTUR
NGO,NAGAUR
NGP,NAGPUR
NGR,ANNIGERI
NGRD,NILGIRI ROAD
NGRH,NEW GIRIDIH
NGRI,NEW GARIA
NGRS,NAGROTA SURIYAN
NGRT,NAGROTA
NGS,NAGANSUR
NGT,NAGAPPATTINAM
NGTG,NEW GITLDADA JN
NGTN,NAGOTHANE
NGW,NAUGANWAN
NGWN,NOGANWAN
NGX,NEGUN H
NGY,NATH GANJ
NGZ,SHRI KSHETRA NAGJHARI
NH,NAIHATI JN
NHB,NOHBACHHAMADI
NHF,NIHASTA H
NHGJ,NEW HARANGAJAO
NHH,NIHALGARH
NHK,NAHARKATIYA
NHLG,NEW HAFLONG
NHLN,NAHARLAGUN
NHM,NANDOL DEHEGAM
NHN,NIGOHAN
NHR,NOHAR
NHT,NALHATI JN
NHU,NAHUR
NHX,NARTHAR H
NHY,NAGANAHALLI
NI,NAYDONGRI
NIA,NAILA
NID,NIDUR
NIDI,NIDI
NIG,NAIGAON
NIIJ,NILAJE
NIL,NILAMBUR ROAD
NILE,NIMTITA
NIM,NIMDIH
NIN,NIMKANA
NIP,NIZAMPUR
NIQ,NIGAURA
NIR,NAINPUR JN
NIRA,NIRA
NIT,NAIKOT F
NITR,NSC BOSE ITWARI
NIU,NABIPUR
NIV,NIVASAR
NJA,NAGJUA F S
NJAJ,NEW JHAJHA JN
NJN,NAOJAN
NJP,NEW JALPAIGURI
NJT,NAGER COIL TOWN
NK,NASIK ROAD
NKB,NAGRAKATA
NKBR,NARKATIA BAZAR H
NKD,NEKONDA
NKDO,NAKKANADODDI
NKE,NARKATIAGANJ JN
NKH,NATHUKHERI
NKI,NAIKHERI
NKK,NARIKKUDI
NKL,NALIKUL
NKLE,NEW KAITHAL HALT
NKM,NAMKON
NKMG,NEW KARIMGANJ
NKN,NYOLI KALAN
NKOT,NEW KOTA
NKP,NIRAKARPUR
NKPU,NEKPUR
NKRA,NOKHRA
NKU,NAKARDAIE
NKW,NILAKANTHESWAR
NKX,NAKTISEMRA
NLA,NANCHERLA
NLBR,NILAMBAZAR
NLD,NALANDA
NLDA,NALGONDA
NLDM,NANGAL DAM
NLE,NILESHWAR
NLH,NAULTHA
NLI,NAMLI
NLKR,NILOKHERI
NLKT,NALKATA
NLN,NAILALUNG
NLNI,NEW LONI
NLNR,NULENURU H
NLP,NORTH LAKHIMPUR
NLPD,NALLAPADU
NLQ,NANGAL PATHANI
NLR,NELLORE
NLRD,NECKLACE ROAD
NLS,NELLORE SOUTH
NLSF,NIYALISH PARA
NLV,NALBARI
NM,NAIMISHARANYA
NMA,NIRMALI
NMBR,NUAGAON MAYURBHANJ ROAD
NMD,NOMODA
NMDA,NEW MORINDA
NMDR,NIMDANRI
NMF,NIMO H
NMG,NIMIAGHAT
NMGA,NELAMANGALA
NMGT,NIMSHIRGAON TAMDALGE
NMGY,NUMALIGARH
NMH,NIMACH
NMJ,NIDAMANGALAM
NMK,NIM KA THANA
NMKA,NAMKHANA
NMKL,NAMAKKAL
NML,NELLIMARIA
NMLU,NEMAKALLU
NMM,NEW MISAMARI
NMN,NAMANASAMUDRAM
NMT,NAMTIALI
NMX,NEW MAYNAGURI
NMZ,NEW MAL JN
NN,NANDURA
NNA,NAUGACHIA
NNE,NONERA
NNGE,NARANGI
NNHT,NONIHAT
NNKR,NANAKSAR
NNL,NARNAUL
NNM,NANNILAM
NNN,NANGUNERI
NNNL,NANDANI LAGUNIA
NNO,NANGLOI
NNP,NANPARA JN
NNPR,NONAPAR F
NNR,NARAYANPUR
NNU,NANGAL MUNDI
NNW,NRYNPUR TATWAR
NNWH,NEW NAWADIH
NNX,NANAUTA
NOA,NOSARIA
NOB,NOBANDA PH
NOH,NIGOHI
NOI,NARIAOLI
NOK,NOKHA
NOLB,NOLBARI
NOLI,NOLI
NOMD,NOAMUNDI
NON,NONAR HALT
NOQ,NEW ALIPURDAUR
NOR,NEORA NADDI
NOSM,NOSSAM
NPBR,NARAYANPUR BAZAR
NPD,NAWAPARA ROAD
NPH,NURPURA H
NPI,NIPANIA
NPJE,NICHITPUR
NPK,N PANAKUDI
NPKM,NANDIYAMPAKKAM
NPL,NAGALAPALLE
NPM,NELLAIKUPPAM
NPML,MALLIAL NUKAPALLI
NPMR,NARAYAN PAKURIA MURAIL
NPNR,NEPANAGAR
NPR,NEPALGANJ ROAD
NPRD,NAGPUR ROAD
NPS,NAPASAR
NPT,NARASINGANPET
NPU,NADIAPUR
NPV,NARPATGANJ
NPW,NIPANI VADGAON
NPX,NARINDARPURA
NQH,NEW DOMOHANI
NQR,NARAJ MARTHAPUR
NR,NIPHAD
NRA,NUNKHAR
NRD,NARODA
NRDP,NAGIREDDIPALLI
NRE,NANDALUR
NRF,NERALAKATTE HALT
NRG,NERGUNDI
NRGO,NARGANJO H
NRGR,NARANJIPUR
NRI,NARAINA
NRJ,NARIMOGARU
NRK,NARAIKKINAR
NRKE,NARI KHETRI
NRKP,NARKOPI F S
NRKR,NARKHER
NRL,NERAL
NRLN,NERAL JN
NRLR,NORLA ROAD
NRM,NURMAHAL
NRN,NARHAN
NRNR,NURNAGAR H
NRO,NAKODAR JN
NRP,NARSIPATNAM RD
NRPA,NARAYNPUR ANANT
NRPM,NARAYANPUR MURLI H
NRPR,NARENDRAPUR H
NRR,NAGARUR
NRS,NAGARIA SADAT
NRSD,NEW RUNNISAIDPUR HALT
NRSI,NOORSARAI
NRT,NARASARAOPET
NRUR,NARESHWAR ROAD
NRV,NARIYAR
NRVR,NARAINA VIHAR
NRW,NARWANA JN
NRWI,NARWASI
NRWN,NANGAL RAJAWATAN
NRX,NOADAR DHAL
NRY,NYORIYA HUSENPUR
NRYP,NARAYANAPURAM
NRZB,NOWROZABAD
NS,NARASAPUR
NSA,NISHANGARA
NSBG,NEW SISIBORGAON
NSCL,NEW SILCHAR
NSD,NASIRABAD
NSF,NASIBPUR
NSGR,NARASINGHGARH
NSI,NIKURSINI
NSKL,NASKHAL
NSL,NAGARSOL
NSP,NALLA SOPARA
NSPH,NARASAPURAPUPETA
NSRH,NIZ SARIHA
NSS,NAWASHAHR DOABA JN
NSU,NISUI
NSVP,NATIONAL POLICE ACADEMY SHIVARAMPALLI H
NSX,NARSIPURAM HALT
NTA,NETRA
NTG,NUSRATABAD KHARKHARI H
NTM,NARTHAMALAI
NTN,NAR TOWN
NTR,NITTUR
NTSK,NEW TINSUKIA JN
NTT,NATHAPETTAI
NTU,NIGATPUR F
NTV,NAUTANWA
NTW,NANJANGUD TOWN
NTWL,NETAWAL
NTZ,NATHWANA
NU,NARSINGHPUR
NUA,NUA
NUB,NURABAD
NUD,NAVAGADH
NUGN,NUAGAN
NUIH,NEURI HALT
NUJ,NUJELLA
NUPR,NURPUR ROAD
NUQ,NAGAR UNTARI
NUR,NARELA
NVA,NINDRA
NVC,NAGALWANCHA
NVF,NAGAVANGALA
NVG,NAWAGAON
NVK,NEYVILAKKU
NVL,NEYVELI
NVLN,NAWALGOHAN
NVRD,NAVADE ROAD
NVS,NAVSARI
NVT,NAVIPET
NVU,NAVALUR
NW,NALWAR
NWA,NAGARWARA
NWB,NIWAS ROAD
NWC,NAYA NAGAR
NWD,NAWADAH
NWDH,NAWADIH
NWH,NAWALGARH
NWMS,NOAPARA MAHISHASAR
NWN,NANWAN
NWP,NAUPADA JN
NWR,NIWAR
NWSI,NAWAL SAHI H
NWU,NAVAPUR
NXL,NIROL
NXN,NUAGAON
NXNR,NUAGAON
NXR,NAGSAR H
NYA,NARAYANGARH
NYDO,NARAYANDOHO
NYG,NAYAGARH
NYGT,NAYAGARH TOWN
NYH,NAYANDAHALLI
NYI,NELLAYI
NYK,NAYA KHARADIA
NYM,NEYAMATPUR H
NYN,NAINI
NYO,NAYAGAON
NYP,NAYUDUPETA
NYRH,NAYARHAT
NYT,NAYATOLA
NYY,NEYYATTINKARA
NZB,NIZAMABAD
NZD,NUZVID
NZG,NAZARBAG
NZH,NIDAGHATTA HALT
NZM,H NIZAMUDDIN
NZP,NIYAZIPUR H
NZR,NAZIRA
NZT,NAZARETH
OBM,OBALAPURAM
OBR,OBRA DAM
OBVP,OBULAVARIPALLI
OCH,ODHANIYA CHACHA
OCR,OCHIRA
OD,OD
ODB,OODLABARI
ODC,ODDANCHATRAM
ODG,OBAIDULLA GANJ
ODHA,ODHA
ODM,ONDAGRAM
ODUR,ODUR
OEA,ODELA
OEL,OEL
OGL,ONGOLE
OGM,OORGAUM
OHAN,OHAN
OHV,ODHAVA
OKA,OKHLA
OKHA,OKHA
OKL,OTTAKKAL
OLA,OLAKUR
OLP,OLAPUR
OLR,OLLUR
OM,OMKARESHWAR RD
OMB,OOMBERMALI
OML,OMALUR
OMLF,OLD MALDA
ON,UNNAO JN
OND,AUNLAJORI JN
ONR,COONOOR
OPL,UPPAL
OPM,ONNUPURAM H
ORAI,ORAI
ORC,ORCHHA
OREH,ORE H
ORGA,ORGA
ORH,ODDARAHALLI
ORKI,ORKI H
ORR,ORR
ORW,ORWARA
OSA,AUSA ROAD
OSH,OLD SACHDEVA H
OSN,OSIYAN
OSRA,OSRA
OTD,OOTWARD
OTK,OTTAKOVIL
OTN,OATING
OTP,OTTAPPALAM
OTR,MOTURU
OV,OTIVAKKAM
OYR,WARIA
PAA,PATAS
PAAL,PALA
PAB,PATTABIRAM
PAD,PARDI
PADH,PIPRADIH
PAE,PALANA
PAGM,PENNADA AGRHRM
PAHB,PURA HALT
PAI,PABAI
PAIL,PALI A
PAJ,PARAJ
PAK,PAKALA JN
PAKI,PAWAKHALI
PAL,PALASNER
PALM,PALAIYAM I
PALR,PALUR
PAM,PANAPAKAM
PAN,PANAGARH
PANP,PANDAVAPURA
PAO,PANOLI
PAP,PITHAPURAM
PAPM,PALAT POTARAM
PAQ,PADIYA NAGLA H
PAR,PANDHURNA
PARD,PATHRAD
PARH,PARAKHEDA
PAS,PASUR
PASA,PARASHSHALA
PASG,PANISAGAR
PASR,PANDURANGA SWAMY ROAD
PATA,PATA
PATI,PARSA TEWARI
PATL,PATEL H
PATM,PATAM
PATR,PARAMJEEVAR TARAJEEVAR
PAU,PURNA JN
PAV,PEDANA
PAVI,PAVI
PAVP,PEDDA AVUTAPALE
PAW,PANDABESWAR
PAX,PATTI
PAY,PAYYANUR
PAZ,PAYANGADI
PB,PUNTAMBA
PBA,PIARDOBA
PBAP,PABBAPURAM HALT
PBB,PARBATONIA
PBC,PARBATSAR
PBE,PILIBHIT JN
PBHD,PRABHADEVI
PBJM,PABNAWAJAS MAHINDAR H
PBKS,PMBAKVL SHANDY
PBL,PATHSALA
PBM,PAMBAN JN
PBN,PARBHANI JN
PBP,PEMBARTI
PBR,PORBANDAR
PBV,PALIBA
PBW,PANTNAGAR
PBZ,PORABAZAR
PC,PACHORA JN
PCC,PRACHI ROAD JN
PCD,PATTAKUDI
PCDR,PANCHDEORI HALT
PCH,PACHHAPUR
PCHT,PUNAICHAK H
PCK,PACHRUKHI
PCKM,PACHCHAKUPPAM
PCL,PULICHERLA
PCLI,PALACHAURI
PCM,PAVURCHUTRAM
PCMK,PACHAR MALIKPURA
PCN,PANCH PIPILA
PCO,PALAYANKOTTAI
PCOI,PRAYAGRAJ CHHEOKI
PCQ,PICHKURIRDHAL
PCR,PANCHRA
PCT,PANCHTALAVDA ROAD
PCTM,PUDUCHATRAM
PCU,PUTLACHERUVU
PCV,PALAKKODU
PCW,PERAMBUR CARRIAGE WORKS
PCX,PAGLA CHANDI
PCY,PIPAR CITY
PCZ,POCHARAM
PD,PHARADAHAN H
PDA,PUNDOOAH
PDD,PADUBIDRI
PDE,PINDRAI
PDF,PADAMPUR
PDG,PARADGAON
PDGL,PONDUGULA
PDGM,PUDUNAGARAM
PDGN,PADHEGAON
PDGP,PUDGAM GANESHPURA
PDH,PADADHARI
PDI,PALASDARI
PDJ,PHIDING
PDKM,PEDDANAYAKKANPALAIYAM
PDKN,PEDAKAKANI HALT
PDKT,PUDUKKOTTAI
PDL,PENDEKALLU
PDMA,PADMA
PDMI,PENDLIMARRI
PDNA,PEDDADINNE
PDNR,PADNUR
PDO,POODOOR H
PDP,PADSE
PDPH,PADAPAHAR JN.
PDPK,PADMAPUKUR
PDPL,PEDDAPALLI
PDPR,PURANDARPUR H
PDQ,PADLA
PDR,PAYAGPUR
PDRA,PADRA
PDRD,PINDRA ROAD
PDS,PINDARSI H
PDSN,PEDDASANA
PDT,PENDURTI
PDU,PONDURU
PDV,PANDARAVADAI
PDW,PANDAUL
PDWA,PINDWARA
PDX,PAYRADANGA
PDY,PUDUCHERRY
PDZ,PILIODA
PEA,PETTAI
PEC,PENCHARTHAL
PED,PIPARDAHI
PEE,PATERHI
PEH,PATHARDIH JN
PEI,PERANI
PEL,POLIREDDIPALEM
PEM,PERALAM JN
PEN,PEN
PEP,PHEPHNA JN
PER,PERAMBUR
PERN,PERNEM
PES,PHESAR
PETA,PANDETOLA
PEU,PERASHAHANNUR
PEW,PERAMBUR LOCO WORKS
PFL,PIPRALA
PFM,PHAPHAMAU JN
PFR,PACHOR ROAD
PFT,POTHAHI
PFU,PADUA
PG,PERGAON
PGA,PAGARA
PGC,PANCHGACHIA
PGDI,PAGIDIRAI
PGG,PENGANGA
PGI,PARPANANGADI
PGK,PILI BANGAN
PGL,PAGDHAL
PGMD,PRAGATI MAIDAN
PGN,PERUGAMANI
PGR,PUGALUR
PGRL,PIDUGURALLA
PGT,PALAKKAD JN
PGTN,PALGHAT TOWN
PGU,PADUGUPADU
PGW,PHAGWARA JN
PGZ,PERUNGUZHI
PH,PANOH
PHA,PATHARIA
PHC,PANCHOT
PHD,PHAPHUND
PHE,PAHALEJA
PHI,PANIKHAITI
PHK,PUNARAKH
PHM,PATAPATNAM
PHN,POKHRAYAN
PHOP,PHOOP
PHQ,PARDHANDE
PHR,PHILLAUR JN
PHRH,PANCH RUKHI
PHS,FEROZESHAH
PHV,PIRTHIGANJ
PHWR,PEHOWA ROAD
PHX,PATHAKPUR
PHY,PHARIHA
PI,PADLI
PIA,PIPRAIGAON
PIC,PARICHA
PIGT,PILIGHAT
PIH,PARHIHARA
PIL,PILER
PIO,PILOL
PIP,PIPLIA
PIRO,PIRO
PIS,PISKA F S
PIT,PALITANA
PIZ,PINGLI
PJ,PEPPEGANJ
PJA,PAJIAN
PJB,PANIAJOB
PJGM,PANJGAM
PJH,PIR JHALAR
PJK,PANJ KOSI
PJLE,PANJWARA ROAD
PJN,PANJHAN
PJP,PANJIPARA
PJPR,PJP ROAD HALT
PJPT,PRAJAPATI(HALT)
PJR,PANGRI
PJY,PARJANI H
PK,PAKNI
PKA,PRADHANKHUNTA
PKB,PATHARKHOLA
PKBS,PEEPLEE KA BAS
PKC,PAKRA
PKD,PENUKONDA
PKDE,PILU KHERA
PKE,PIMPAR KHED
PKF,POKLA
PKGM,PHAKHOAGARM
PKJ,PAKHAJAN
PKK,PAKKI
PKL,PAPINAYAKNAHALI
PKM,PERIYANAIKANPALAIYAM
PKNA,PAKHNA
PKNS,POKHARNI NRSNHA
PKO,PALAKOLLU
PKPU,PEDDAKURAPADU
PKQ,PATTIKKAD
PKR,PAKUR
PKRA,PARSA KHERA
PKRD,PAKARIA ROAD
PKRH,PARSA KERWAN HALT
PKT,PATTUKOTTAI
PKU,PANSKURA
PKW,PILKHUA
PKX,PAKHRAULI
PKY,PILKHANI
PKZ,PIPLI PAKHI KALAN
PL,LOWER PAREL
PLA,PALIA
PLAE,PALSIT
PLCJ,PHALODI JN
PLD,PALDHI
PLE,PIPLEE
PLF,PIALI
PLG,PALGHAR
PLGH,PALIGARH H
PLH,PARLAKIMIDI
PLHW,PALHAWAS
PLI,PETTAIVAYATALAI
PLJ,PALEJ
PLJE,PHULWARTANR
PLK,PALIA KALAN
PLL,PARLI
PLLD,PHALTAN
PLM,PANELI MOTI
PLMD,PILAMEDU
PLMG,PULIYAMANGALAM
PLMX,PALAMPUR HMCHL
PLNI,PALANI
PLO,PULGAON JN
PLP,PHULPUR
PLRD,PADALIYA ROAD
PLS,PIPALSANA
PLSG,PALASINGI
PLSN,PALSANA
PLT,PIRTHALA LALAUDA
PLU,PATAKOTTACHERU
PLV,PALSI
PLVA,PALLEVADA
PLW,PINGLESHWAR
PLWR,PHULWARIA
PLY,PLASSEY
PM,PALAM
PMB,PULLAMBADI
PMD,PAMIDI
PMH,PARAO MAHNA
PMI,PAIMAR
PMK,PARAMAKKUDI
PMKT,PIMPALKHUTI
PML,PAPANASAM
PMM,PERSEHRA MAL H
PMN,PAMAN
PMO,PANDOLI
PMP,PIMPRI
PMPE,PAMPORA
PMPR,PREMPUR
PMQ,PARMANAND
PMR,PITAMBARPUR
PMS,PARMALKASA
PMT,PULLAMPET
PMU,PARMANANDPUR
PMY,PALI MARWAR
PMYA,PARMINIYA H
PN,PANSAR
PNB,PANBARI
PNBE,PATNA JN
PNC,PATNA SAHEB
PNCB,PANCHBERIA H
PND,PENDRA ROAD
PNDI,PACHANDI
PNDM,PENNADAM
PNDP,PANDILLAPALLI
PNDR,PANDORI
PNE,PRANTIK
PNF,PANGAON
PNGI,PANANGUDI
PNGM,PANCHGRAM
PNGR,PINGORA
PNHI,PANHAI
PNHR,PANIHAR
PNI,PURAINI
PNJ,PADRIGANJ
PNKD,PANKI DHAM
PNM,PANYAM
PNME,PARASNATH
PNP,PANIPAT JN
PNPI,PURUNAPANI
PNPL,PANPALI
PNPN,PANPANA PH
PNPR,PUNNAPRA
PNQ,PUNKUNNAM
PNRA,PANIARA H
PNSA,PUNSIA
PNSD,PANGARSHINDE H
PNT,PANITOLA
PNTR,PENNATHUR H
PNU,PALANPUR JN
PNUG,PUNPUN GHAT H
PNV,PANEVADI
PNVL,PANVEL
PNVT,PANCHRATNA
PNW,PUNDHAG
PNWN,PACHWAN
PNYA,PANIAHWA
PO,PARANGIPETTAI
POA,PALIKONA
POE,PAWAPURI ROAD
POF,PIPARSAND
POI,PONPADI
POK,POKRAN
POKL,PEOKOL H
POM,PUNTHOTTAM
PON,PONNERI
POO,POTLAPADU
POR,PIPALDA ROAD
PORA,PORA
POT,POTHIA
POTI,POTHERI
POU,PADRAUNA
POX,POLA PATTHAR
POY,POLLACHI JN
POZ,POTUL
PP,PURANPUR
PPA,PIPRA
PPB,PARTABPURA
PPC,PIPRAICH
PPCK,PIPALWALI CHOWKI
PPD,PIPLOD JN
PPDA,PANCHPATIA DEORIA H
PPDE,PANDU PINDARA H
PPDI,PIPRADIH
PPE,PAINTEPUR F
PPEA,PAPARERA
PPF,PIPLAJ
PPG,PIPLODA BAGLA
PPGT,PRINCEPGHAT
PPH,PIPRI DIH
PPI,PIPARIYA
PPJ,POPHLAJ
PPK,PACHPOKHARIA
PPKD,PAPRAKUND
PPLA,PIPLAI
PPLC,PIMPLA CHAURE H
PPLI,PIPLI
PPM,PHIRANGIPURAM
PPN,PUNPUN
PPNS,PAPPINISSERI
PPO,PANPOSH
PPR,PIPAR ROAD JN
PPRH,PIPARAHAN HALT
PPS,PIPILIYA ROAD
PPT,PIRPAINTI
PPTA,PATLIPUTRA
PPTN,PIPRITNAN
PPTR,PUSHPATTUR
PPU,PIPARPUR
PPV,PRATAPGANJ
PPW,PACHPERWA
PPY,PAPATAPALLI
PPZ,PEDDEMPET
PQA,PIPLA HALT
PQD,PRANPUR ROAD
PQH,PINDKEPAR
PQL,PINDIAL
PQN,PWN KLAKNDER RD
PQS,PARK CIRCUS
PQT,PUNIYAVANT
PQU,PARHANA MAU
PQY,PABLI KHAS
PQZ,PUNDIBARI
PR,PAREL
PRAE,PALLA ROAD
PRAR,PAROR
PRB,PARBATI
PRBG,PRATAP BAGH
PRBR,PARSA BASUARI
PRBZ,PARSA BAZAR
PRCA,PERECHERLA
PRDG,PORADANGA H
PRDL,PARADOL
PRDP,PARADIP
PRDT,PRODDATUR
PRE,PAHARA
PRF,PARSIPUR
PRG,PRAYAG JN
PRGA,PAHARJAGANGAUR H
PRGD,PERUNGUDI
PRGL,PERUNGALALATTUR
PRGR,PINARGARIA
PRH,POWERPET
PRI,PATHRI
PRJ,PRANTIJ
PRK,PARKHAM
PRKD,POWERKHEDA
PRKE,PURUA KHERA
PRKH,PARKANHATTI
PRKL,PARIKKAL
PRL,POLUR
PRLI,PARLI VAIJNATH
PRM,PIRUMADARA H
PRN,PARAUNA
PRNA,PURNIA JN
PRNC,PURNIA COURT
PRND,PERINAD
PRNG,PRITAM NAGAR
PRNR,PORJANPUR
PRNT,PERIYANAGA THUMAI
PRP,PAHARPUR
PRR,PURULIA JN
PRRB,PRAYAGRAJ RAMBAGH
PRSL,PANDRASALI
PRSN,PARSA NAGAR H
PRSP,PRASADPUR H
PRSR,PAHARSAR
PRT,PANRUTI
PRTL,PIRTALA
PRTN,PRATAP NAGAR
PRTP,PARTAPUR
PRTR,PUTARRA
PRU,PARLU
PRUR,PRITHWIRAJPUR
PRV,PUKKIRAVARI
PRWA,PARWAKHURD H
PRY,PARAIYA
PRYJ,PRAYAGRAJ JN
PRZ,PARSA
PS,PARAS
PSA,PALASA
PSAE,PURBASTHALI
PSB,PARSABAD
PSD,PARSODA
PSDA,PASIVEDALA
PSE,PUSAULI
PSF,PATRASAYER PH
PSJ,PATASAHI
PSK,PARADSINGA HALT
PSL,PARISAL
PSLI,PARSOLI
PSLP,PASALAPUDI
PSN,PARSENDI
PSO,PALSORA MAKRAWAN
PSPH,PURSHOTAMPUR
PSPY,PRASANNAYANAPALLI
PSR,PASRAHA
PST,POSOTIA
PSV,PARSNEU
PSX,PTNSNGI TWN HLT
PSZ,PARSAUNI
PT,PATLI
PTA,PATIALA
PTAB,PATIA PH
PTAE,PATULI
PTB,PATTAMBI
PTD,PETLAD JN
PTE,PATIALA CANT
PTF,PALTA
PTG,PATNA GHAT
PTH,PATRANGA
PTHD,PATOHAN
PTHL,PANTIHAL
PTI,PATIALI
PTJ,PODANUR JN
PTK,PATHANKOT
PTKC,PATHANKOT CANTT
PTKD,PATHARKANDI
PTKP,POTKAPALLI
PTKR,PATIPUKUR
PTLD,PATILADAHA
PTLI,PATHAULI
PTLR,PUTLUR H
PTM,PADALAM
PTMS,PATTAPIRAM MILITARY
PTN,PATAN
PTNR,PATEL NAGAR
PTP,PATAL PANI
PTPL,PETRAPOL
PTPR,PRATABPUR H
PTRA,PATRA
PTRD,PATAUDI ROAD
PTRE,PATARA
PTRJ,PATTI RAJPURA H
PTRL,PATHRALA
PTRU,PATRATU
PTS,PATANSAONGI
PTT,PUTALAPATTU
PTTN,PATTAN
PTU,PARTUR
PTWA,PATWARA
PTYR,PATIYARA
PTZ,PATSUL
PU,PATCHUR
PUA,PULLA
PUC,PUDUCHATIRAM
PUD,PHANDA
PUDI,PUDI
PUDR,PODUR
PUE,PALARI
PUF,PAUTA H
PUG,PUNGGUDI
PUHT,PUSHKAR TERMINUS
PUK,PUDUKAD
PUKK,PURANAKATAK
PUKS,PARU KHAS
PUL,RAMPURA PHUL
PUM,PALLIPPURAM
PUMU,PENUMARRU
PUN,PUNDI
PUNA,PAUNIYAN
PUNE,PUNE JN
PUO,PIR UMROD
PUQ,PURANIGUDAM
PURI,PURI
PUS,PHUSRO
PUSA,PUSLA
PUT,PUTTUR
PUU,PUNALUR
PUW,PATUWAS MEHRANA
PUWA,PAUWARA H
PUX,PARASIA
PUY,PHULAGURI
PV,PALLAVARAM
PVD,PEDDAVADLAPUDI
PVI,PERAVURANI
PVL,PASUPATIKOVIL
PVM,PATTARAVAKKAM
PVN,PUVANUR
PVP,PARVATIPURAM
PVPT,PARVATIPURAM TN
PVR,PANDHARPUR
PVRD,PIRAVAM ROAD
PVU,PARAVUR
PVZ,PARVEZPUR
PW,PIRWA
PWBN,PAWAI BROHMASTHAN H
PWK,PIPARIYA KALAN
PWL,PALWAL
PWR,PILWAI ROAD
PWS,PHULWARI SHARIF
PWU,PARANUR
PWXP,PAWANI KUMARPUR H
PXR,PALPARA
PY,PERUNDURAI
PYA,PEDAPARIYA
PYD,PALLIYADI
PYGS,PRAYAGRAJ SANGAM
PYHT,POREYAHAT
PYI,PAYLI
PYK,PERIYAKOTTAI
PYLA,PIYALA BLOCK HUT
PYOL,PAYYOLI
PYV,PALAYASIVARAM
PYX,PEYANAPALLI H
PZA,PALAVANTANGAL
PZV,PUZHUTHIVAKKAM
QDN,QADIAN
QG,QUAZIGUND
QGT,KOLAGHAT
QLD,QUILANDI
QLM,KULEM
QLN,KOLLAM JN
QMRS,KAYAMSAR
QRP,KILA RAIPUR
QSR,KANSRAO
QTP,QUTABPUR
QXR,KUCHESAR ROAD
R,RAIPUR JN
RA,RAMPARDA
RAA,BARARA
RABE,RABALE
RAGM,RAJAGAMBIRAM
RAH,RAMGARH
RAHA,RAHA
RAI,RAIBHA
RAIR,RAIRAKHOL
RAJ,RAJPIPLA
RAJP,RAJAPUR ROAD
RAK,RAMKOT
RAKD,RADHAKUND
RAKL,RETHORAKALAN
RAL,REPALLE
RAM,RAMAPURAM
RAMA,RAMVA
RAMP,RAMPURI
RAMR,RAMAIPUR H
RANI,RANI
RAPU,RAMPUR MP
RASP,RASIPURAM
RAU,RAU
RAY,RAY
RAYA,RAYA
RBA,RAMBHA
RBCS,RAMACHANDRAPURAM
RBD,RAHIMABAD
RBG,RAYBAG
RBH,RAJBANDH
RBHR,RABHRA HALT
RBHT,R BLOCK H
RBJ,RAIBOJHA
RBK,REOTI B KHERA
RBL,RAE BARELI JN
RBN,RAGHUBANS NAGAR
RBQ,RAM BISHANPUR
RBR,RIBADA
RBS,RUPBAS
RBZ,RAMBHADDARPUR
RC,RAICHUR
RCA,RENTACHINTALA H
RCD,RAJCHANDRAPUR
RCF,RAIL COACH FACTORY KXH
RCGT,RICHUGHUTU
RCJ,RANYAL JASMIYA
RCP,RAMACHANDRAPUR
RCPT,RAMACHANDRAPURAM  TS
RCR,RATAR CHHATTAR
RCRA,RAMCHAURA H
RCTC,RAGHUNATHPUR
RD,RAM DAYALU NAGAR
RDBR,RANDIA BAUDPUR
RDD,RIKHABDEV ROAD
RDDE,RATHDHANA
RDE,RUNDHI
RDF,RADHAGAON
RDG,RAYADRUG
RDHP,RADHANPUR
RDHR,RIDDHAPUR
RDI,KARDI
RDJ,RANDHEJA
RDK,RASHIDPURA KHORI
RDL,RUDAULI
RDM,RAMGUNDAM
RDN,RUDAIN
RDP,RADHIKAPUR
RDRA,RAMDEVRA
RDS,RAMDAS
RDT,RAVTHA ROAD
RDU,RADHAMOHANPUR
RDUM,RAMPUR DUMRA
RDV,RADHA BALAMPUR
RDY,REDDIPALAYAM
RE,REWARI
REAI,REASI
RECH,RECHNI ROAD
REG,REGUPALEM
REI,RITHI
REJ,REJINAGAR
REM,REDDIGUDEM
REMA,REMA
REN,REN
RENH,RENHAT
REPI,RANGEPALLI
RES,RASULL
RET,RENTIYA
REWA,REWA
RF,RAFLESHWAR
RFJ,RAFIGANJ
RFR,RAFINAGAR F
RG,RAJGHAT NARORA
RGA,RAJAGODA
RGB,RAMGANGA
RGBP,RANI GAIDINLIU
RGD,RAJGIR
RGDA,RAYAGADA
RGG,RAGHOGARH
RGH,RAMGARHWA
RGI,RAMGIRI
RGJ,RAIGANJ
RGJI,RANGJULI
RGL,RENGALI
RGLI,RAGHOULI
RGM,RANGAPURAM
RGNH,RAGHUNATHGARH
RGO,ROTEGAON
RGP,RAGHUNATHPALLI
RGPM,RAGHAVAPURAM
RGQ,RAIGADH ROAD
RGS,RINGAS JN
RGT,RAJGHAT PH
RGU,RAGAUL
RGV,RAGHOPUR
RGX,RAGHUNATHBARI
RHA,RANAGHAT JN
RHBH,RAKESH BAGH HALT
RHE,RAKHA MINES
RHG,RAJGARH
RHI,RAKHI
RHMA,RAHAMA
RHMP,RAHAMATPUR
RHN,ROSHANPUR
RHR,RAJHURA
RHU,RAHON
RHW,ROHIRA GHALLUGHARA H
RIBP,RAMAKUNDA HALT
RIG,RAIGARH
RIGA,RIGA
RIKA,RATIKHEDA
RIKD,RISHIKUND
RIM,RAJIM
RIS,RISHRA
RJ,RAWATGANJ F
RJA,RAJANAGAR
RJAK,RAJNAGAR K H
RJAP,RAJAPUR
RJB,RAJABERA
RJC,RAJSITAPUR
RJD,RAJ PARDI
RJG,RAJGRAM
RJGR,RAJATH GARH
RJI,RAJAWARI
RJIN,RAJURI
RJJN,RAJAJAN HALT
RJK,RAJA KA SAHASPR
RJL,RAJMAHAL
RJLA,RAJLA
RJLK,RAJALUKAH
RJMP,RAJMALPUR ROAD H
RJN,RAJ NANDGAON
RJO,RAJENDRA PUL
RJP,RAZAMPETA
RJPB,RJNDR NGR BIHAR
RJPM,RAJAPALAYAM
RJQ,RAJENDRANAGAR
RJR,RAJALDESAR
RJS,RAJIYASAR
RJT,RAJKOT JN
RJU,RAJULA CITY
RJW,RAJEVADI
RJY,RAJAMUNDRY
RK,ROORKEE
RKB,RAIKA BAGH
RKD,RUKADI
RKG,RATTOKE GURDWARA H
RKH,RAKHIYAL
RKI,RAMKANALI JN
RKJE,RAKHITPUR
RKK,RATANGARH KANAKWAL
RKL,RAMKOLA
RKM,RAJA KI MANDI
RKMP,RANI KAMLAPATI
RKN,RATI KA NAGLA
RKO,RMKRSHNAPRM GTE
RKR,RANIKUND RARAH
RKS,SARAI RANI
RKSH,RISHIKESH
RKSN,RAJKHARSAWAN JN
RKX,RUKHI H
RKY,KOTHARIYA
RKZ,RAJKIAWAS
RLA,RAJULA JN
RLD,RANDALA
RLE,RAILEY ENGLISH H
RLG,RELANGI
RLK,ROHAL KHURD
RLL,REGADIPALLI
RLO,RAYALCHERUVU
RLP,HARLAPUR
RLR,RAILA ROAD
RLS,ROMANA ALBEL SINGH
RLX,RAMANUJAMPALLI H
RM,RAJMANE
RMA,RAMGANJ MANDI
RMAR,RAM MANDIR
RMB,RAMPURA BERI
RMBG,RAMGHAT H
RMC,RAM CHAURA ROAD
RMD,RAMANATHAPURAM
RMF,RAMNA
RMGJ,RAMGANJ
RMGM,RAMANAGARAM
RMH,RANGMAHAL
RMJ,RAMRAJATALA
RMJK,RAM NAGAR J K
RML,ROMPALLE PH
RMM,RAMESWARAM
RMN,RAMAN
RMNP,RAMANNAPET
RMNR,RAHMAT NAGAR
RMO,RAMAKONA
RMOA,RAIMOHA
RMP,RAHIMATPUR
RMPB,RAMPUR BAZAR
RMPH,RAMPAHARI
RMPR,RAMPUR H
RMR,RAMNAGAR
RMRB,RAMNAGAR BENGAL
RMSR,RAMSINGHPUR
RMT,RAMGARH CANT
RMTR,RE MOUNT ROAD
RMU,RAMPUR
RMV,RAMAVARAPPADU
RMW,ROSHAN MAU H
RMX,RAMSAR
RMY,RUKMAPUR
RMZ,ROUTHPURAM PH
RN,RATNAGIRI
RNA,ROHANA KALAN
RNB,RANPURA
RNBD,RANA BORDI
RNBT,RAHENBATA
RNC,RANCHI
RNE,RANJANI
RNG,RANIGANJ
RNGG,RANGALITING
RNGN,RANIGAON
RNGR,RAINAGAR PH
RNH,RUNKHERA
RNI,RANGAPANI
RNIS,RANOLISHISHU
RNJ,RUNIJA
RNJD,RANJANGAON RD
RNKA,RUNKUTA
RNL,RANALA
RNN,RAJANKUNTI
RNO,RANOLI
RNPR,RUPNARAYANPUR
RNQ,RENUKUT
RNR,RANIBENNUR
RNRD,RANIPUR ROAD
RNT,RANTHAMBHORE
RNTE,RAMANAND TEWARY H
RNTL,RANITAL
RNV,RANIWARA
RNW,RENWAL
RNX,RANIPATRA
RNY,RANGIYA JN
ROA,RUSERA GHAT
ROB,ROBERTSON
ROHA,ROHA
ROHN,ROHAD NAGAR
ROI,REOTI
ROK,ROHTAK JN
ROL,RAJOLI
ROP,RUPSA JN
RORA,RORA
ROS,RAJOSI
ROU,ROURKELA
ROZA,ROZA JN
RPAN,RANGAPARA NORTH
RPAP,RATNIPORA HALT
RPAR,RUPNAGAR
RPB,RUPASIBARI
RPD,RUPAUND
RPGU,RASULPUR GOGUMAU
RPH,RAMPUR HAT
RPHR,RAIPUR HARYANA
RPI,RUPAHELI
RPJ,RAJPURA JN
RPK,RAVALPALLI KALAN
RPL,REDDIPALLE
RPLY,RUPAULI
RPM,ROYAPURAM
RPMN,RAMPUR MANIHARAN
RPO,RAWATPUR
RPP,RANU PIPRI
RPR,RAGHUNATHPUR
RPRD,RUPRA ROAD
RPRL,RAPARLA H
RPSC,RUDRAPUR SIDCUL H
RPUR,RATANPUR
RPV,RAJAPATTI
RPWN,RAMBHAWAN H
RPY,RUPAI
RPZ,RANAPRATAPNAGAR
RQJ,RNINGR JLPAIGRI
RQP,RADHAKISHOREPUR
RR,RICHHA ROAD
RRAL,RURE ASAL H
RRB,BIRUR JN
RRD,REAY ROAD
RRE,RAHUL ROAD
RRGA,RANGAREDDY GUDA
RRI,RAHURI
RRJ,RAMARAJU PALLI
RRL,REWRAL
RRME,RANCHI ROAD
RRNH,RAMRUPNAGAR H
RRP,RAIRANGPUR
RRS,RAGHURAJ SINGH
RRU,RAYARU
RRW,RORANWALA
RS,RISIA
RSA,RISAMA
RSG,RAMSAGAR
RSH,RATAN SHAHR
RSI,RAISI
RSJ,RAISERJAGIR
RSKA,RAJSUNAKHALA
RSLR,RASULPUR
RSM,RASMARA
RSMN,RAMGOVINDSINGH MAHULI H
RSNR,RAI SINGH NAGAR
RSR,RASRA
RSWN,RAMESHWAR NAGAR H
RSWT,RMGRH SHEKHWATI
RSYI,RASAYANI
RT,ROHAT
RTA,RUTHIYAI
RTB,RAJA TALAB
RTBR,RATABARI
RTG,RANGTONG
RTGH,RATANGARH JN
RTGN,RATANGAON
RTI,RAOTI
RTK,RAMTEK
RTM,RATLAM JN
RTMN,RATLAM NEW
RTN,RETANG
RTP,RATANPURA
RTR,RAMNATHPUR
RTRA,NEW RAMNATH PUR
RTU,RATAN SARAI
RTWS,RAHATWAS
RTZ,RATONA
RU,RENIGUNTA JN
RUB,RASULABAD
RUG,RAJLU GARHI
RUI,RUKNI
RUJ,RANUJ
RUKH,RUKHAI HALT
RUL,RAULI
RUM,RUPAMAU
RUP,RUPAIGAON
RUPC,RUDRAPUR CITY
RUR,RANPUR
RURA,RURA
RUSD,RUNNISAID PUR
RV,RAVER
RVD,RAVIKAMPADU
RVG,REVELGANJ GHAT H
RVK,RAJA BHAT KHAWA
RVKH,RAVINDRAKHANI
RVN,RAJIV NAGAR H
RVS,RAVANASAMUDRAM
RW,RANKUVA
RWA,RAUTARA
RWH,ROWRIAH SDG
RWJ,RAWANIA DUNGAR
RWL,RAIWALA
RWO,RANAVAV
RWTB,ROWTA BAGAN
RXL,RAXAUL JN
RXM,ROOMA
RXN,RAMSAN
RXR,RANGAPAHAR
RY,RAYAKA
RYC,RAYAKKOTTAI
RYP,RAYANAPAD
RYS,RASURIYA
RYT,RAYATPURA
RZJ,RAZAGANJ
RZN,RAUZAGAON
S,SHRIRANGAPATNA
SA,SALEM JN
SAA,SATHIAON
SAB,SANTAMAGULUR
SABD,SALABAD
SAC,SANICHARA
SACH,SUCHITRA CENTRE HALT
SAD,SONADA
SADP,SAIDAPUR
SAF,SALKHAPUR
SAG,SANGRUR
SAGM,SAGMA T
SAGR,SHRIRAJNAGAR
SAH,SAPHALE
SAHA,SARAHULA H
SAHI,SATHI
SAHL,SAHELI
SAHP,SAHIJPUR
SAHR,SAHERI H
SAHT,SAMHUTA HALT
SAI,SARAI
SAJH,SAHJHA H
SAK,SANKHEDA BAHADURPUR
SAKA,SIMARIYA KAJANWADA
SAKD,SUPRAKANDI
SAL,SALWA
SALE,SALAR
SALI,SALI
SALR,SALUR
SAMN,SAMNI JN
SAMT,SALEM MARKET
SAN,SANDILA
SANG,SAIRANG
SANH,SANHA H
SANI,SANKI
SANK,SANK
SANR,SARDARNAGAR
SAO,SAGONI
SAP,SATTENAPALLE
SAPD,SANAPADAR HALT
SAPE,SAPE WAMNE
SAPR,SARANGPUR ROAD
SAPT,SUGAPAHARI
SAR,SHAHZAD NAGAR
SARR,SIDHAUNA RAMPUR
SARY,SARAIYA HALT
SAS,SHDSPRA PADMPRA
SASG,SASAN GIR
SASN,SAHIBZADA ASNGR
SASR,SAUSAR
SAT,SANT ROAD
SATR,SATAR H
SAU,SANAND
SAV,SAVDA
SAW,SURIAWAN
SAWN,SOHANSRA
SAY,SAYAMA
SB,SARAI BHOPAT
SBB,SAHIBABAD
SBBJ,SRI BALA BRAMARESHWARA JOGULAMBA
SBBP,SARDAR BALLABH BHAI PATEL HALT
SBC,KSR BANGALORE CY JN
SBD,SLEEMANABAD RD
SBDP,SABDALPUR JN
SBDR,SONBHADRA
SBE,SORBHOG JN
SBG,SAHIBGANJ JN
SBGA,SHRAVANBELAGOLA
SBGB,SUTEI BADAGAN
SBGN,SISIBARGAON
SBGR,SUBHAS GRAM
SBH,SULEBHAVI
SBHN,SHRI BHAVNATH
SBHR,SUBRAHMANYA ROA
SBIB,SABARMATI BG
SBJ,SARAI BANJARA
SBK,SHAHBAZ KULI
SBL,SABALGARH
SBLJ,SHRI BALAJI
SBLT,SHRIBDRYA LATHI
SBM,SONBARSA KCHERI
SBNM,SUBARNAMRIGI
SBNR,SRI VIJAINAGAR
SBO,SABAUR
SBP,SAMBALPUR
SBPD,SAMBALPUR ROAD
SBPS,SAHID BABA PARV HALT
SBPY,SAMBALPUR CITY
SBR,SAMBHAR LAKE
SBRA,SARBAHARA
SBRM,SABROOM
SBT,SABARMATI JN
SBTJ,SHANIDEV D BISHNATHGANJ
SBV,S BHAKHTIYARPUR
SBW,SBEWBABUDIH
SBZ,SISWA BAZAR
SC,SECUNDERABAD JN
SCA,SALCHAPRA
SCE,SENCHOA JN
SCH,SACHIN
SCI,SANCHI
SCKR,SALICHAUKA ROAD
SCL,SILCHAR
SCM,SIMHACHALAM
SCMN,SIMHACHALAM NORTH
SCN,SONDHA ROAD
SCO,SATUNA
SCP,SIRNAPALLI H
SCPD,SUCHIPIND H
SCPR,SHYAMACHARANPUR PH
SCQ,SHAM CHAURASI
SCT,SENGOTTAI
SCV,SUKHCHAIN
SCY,SACHIWALAYA H
SD,SIDHAULI
SDAH,SEALDAH
SDAM,SUNDHIA MAU
SDB,SHAHABAD
SDBH,SINDRIBLOCK HUT
SDC,SAIDABAD
SDD,SINDHAWADAR
SDDN,SIDDHARTH NAGAR
SDE,SADISOPUR
SDF,SUDSAR
SDG,SAHADAI BUZURG
SDGH,SRI DUNGARGARH
SDGM,SARDARGRAM
SDH,SARADHNA
SDHA,SIDHARI H
SDHS,SIDHIRSAI
SDI,SAGARDIGHI
SDL,SHAHDOL
SDLE,SWADINPUR
SDLK,SUNDLAK
SDLP,SADULPUR JN
SDM,SURAREDDIPALEM
SDMD,SUDAMDIH
SDMK,SIDMUKH
SDN,SHOLAVANDAN
SDNR,SEYDUNGANALLUR
SDPH,SARDAR PATEL H
SDPR,SARDAR PATEL ROAD
SDPT,SEDARAMPATTU
SDRA,SUDHRANA
SDS,SADULSHAHR
SDT,SADAT
SDUA,SADURA
SDV,SOMIDEVIPALLE
SDVL,SOLDEVANAHALLI H
SDWR,SIDHWAR
SDY,SADHOO GARH
SDZ,SINDHAR
SEB,SON NAGAR
SED,SHEDBAL
SEE,SONPUR JN
SEG,SHEGAON
SEGM,SEVAGRAM
SEH,SEHORE
SEI,SHENDRI
SEJ,SARKHEJ
SEL,SANKRAIL
SELU,SELU
SEM,SERAM
SEN,SENAPURA
SEO,SEOHARA
SEP,SODPUR
SEPN,SEPON
SEPR,SHERPUR
SEQ,SEKHA
SER,SAMAYANALLUR
SES,SEMARI
SET,SETTIHALLY
SEU,SENDRA
SEV,SITHALAVAI
SEW,SEHAL H
SEX,SERONI ROAD
SEY,SEONI
SF,SETTIGUNTA
SFA,SUNEHRA
SFC,SAINTALA
SFDE,SAFIDON
SFE,SANODIYA
SFG,SUBEDARGANJ
SFH,SAFEDABAD
SFK,SIKIR
SFM,SUNAM
SFMU,SUNAM UDHAM SINGH
SFNR,SAIFEE NAGAR H
SFPR,SAFIPUR
SFR,SAFRAI
SFW,SARANGPUR
SFX,SAFILGUDA
SFY,SHAJAPUR
SFZ,SINDURIA KACHARI
SG,SHAHGARH
SGA,SHERGARH
SGAC,SOGARIA
SGAM,SAREIGRAM
SGBA,SIR GURUDASS BANERJEE H
SGBJ,SURGAON BANJARI
SGC,SAONGI
SGD,SONGADH
SGDM,SIGADAM
SGDN,SANGALDAN
SGDP,SAGADAPATA
SGE,SANKARIDURG
SGF,SANGAT
SGG,SULTANGANJ
SGJ,SAFDARGANJ
SGKM,SRUNGAVRUKSHAM
SGL,SAGAULI JN
SGLA,SANGOLA
SGLM,SENGULAM
SGM,SOLAGAMPATTI
SGND,SHRIGONDA ROAD
SGNL,SANGANAL
SGNR,SHRI GANGANAGAR
SGO,SAUGOR
SGP,SOHAGPUR
SGPA,SUGAPAHARI HALT
SGR,SANGMESHWAR
SGRA,SANGARIA
SGRD,SARAGAON ROAD
SGRE,SULGARE
SGRL,SINGRAULI
SGRM,SINGARAM
SGRP,SINGHIRAMPUR H
SGRR,SANGAR
SGS,SHOGHI
SGUD,SILIGURI
SGUJ,SILIGURI JN
SGUT,SILIGURU TOWN
SGV,SARAGCHNI
SGW,SINGWAL
SGYW,SINGRIYAWAN H
SGZ,SHAMGARH
SHAD,SHAHAD
SHAN,SRINIVASA NAGAR H
SHBA,SAHEBTALA H
SHBC,SIBAICHANDI
SHBL,SHIBLUN H
SHC,SAHARSA JN
SHDM,SHAHBAD MARKNDA
SHDR,SHADHORAGAON
SHE,SEORAPHULI
SHEO,SHISHO H
SHER,SHER H
SHF,SHIRUD
SHG,SHAHGANJ JN
SHGN,SHRI GHASI NAGAR
SHH,SHAPUR JN
SHHT,SINGHAUL HALT
SHI,SINGANALLUR
SHIH,SARHARI HALT
SHIT,SALHAITOLA
SHIV,SHINDAWANE
SHJ,SAHASPUR ROAD PH
SHJP,SAHAJIPUR H
SHK,SHEIKHPURA JN
SHKL,SHANKRUL PH
SHKY,SAHARSA KACHERI H
SHLK,SHOLAKA
SHLT,SHALASHAH THANA
SHLU,SHELU
SHLV,SELAVI
SHM,SHALIMAR
SHMI,SHIROOR
SHMR,SHYAMSUNDAR PH
SHN,SUCHAN KOTLI
SHNG,SHIVNAGAR
SHNR,SHADNAGAR
SHNX,SHEO SINGH PURA
SHR,SIHORA ROAD
SHRG,SHRI RAMGARH
SHRM,SHARMA H
SHRN,SANT HIRDARAM NAGAR
SHSK,SAHARSRAKUND
SHT,SAHARI H
SHTS,SAMBAHAL HATIM SARAI
SHTT,SILGHAT TOWN
SHU,SHOLINGHUR
SHV,SHIVANI
SHW,SAMHON
SHWL,SAHUWALA
SHX,SHUKARULLAHPUR H
SHYP,SAKHARAYAPATNA
SHZ,SUMMER HILL
SI,SONAILI
SIA,SHIVALAKHA
SIBR,SHRIBAR
SIC,SONIK
SICY,SAHEED ISHWAR CHOWDHARY H
SID,SIDDHPUR
SIDG,SIDDAPUR GRAMA
SIE,SIDDAMPALLI
SIF,SIRLI
SIGA,SHANTIGRAMA
SIHI,SHIHORI
SIHO,SIHO
SIHT,SAMELI HALT
SII,SITIMANI
SIJU,SIJU
SIKD,SIKRODA KWANRI
SIKI,SULIKERI
SIKR,SIKAR JN
SIL,SAKHI GOPAL
SILO,SILAO
SILR,SILARI
SIM,SHRI AMIRGADH
SIMR,SRIRAMPUR P.H.
SIN,SION
SINA,SRINAGAR (JK)
SINI,SINI JN
SINR,SINOR
SIOB,SAMAKHIALI B G
SIP,SURAIMANPUR
SIPA,SINGHPOKHARIA
SIPI,SAIFAI
SIPR,SIHAPAR
SIPT,SIDDIPET
SIQ,SARKONI
SIR,SIRHIND JN
SIRA,SIRHI ITARA
SIRD,SIRD
SISN,SISAUNA
SIU,SINGUR
SIVN,SIVNAR H
SIW,SHIRRAVDE
SIY,SIRRI
SIZ,SHRIKHANDA
SJA,SIJUA
SJDA,SANJUJA DA AREYAL H
SJDR,SRI JHADESWAR PH
SJER,SANJARPUR H
SJF,SAJANVAR ROAD
SJGH,SARAI JAGDISH H
SJGM,SANJOY GRAM
SJHG,SHAHEED JITENDRA HALT
SJJ,SANJHA H
SJKL,SURJAKAMAL
SJL,SGM JAGARLAMUDI
SJM,SAJUMA
SJMA,SANJAMALA
SJN,SANJAN
SJNP,SUJANPUR
SJP,SHUJALPUR
SJPA,SUJALPUR P H
SJPM,SUJATAPURAM H
SJPR,SURJYAPUR F
SJQ,SURAJPUR ROAD
SJRR,SAJERPAR
SJS,SHAMLAJI ROAD
SJSM,SALEMGARHMASANI
SJT,SHUJAATPUR
SJV,SAJHAULI H
SJVP,SANJIVAIH PARK
SJWB,SUMERPUR JAWAI BANDH
SK,SAKHUN
SKA,SIKANDRA RAO
SKAP,S K PARA
SKAR,SAKARIYA
SKB,SHIKOHABAD JN
SKBR,SHANKARPUR BHADAURA
SKDM,SIKRODA MINA
SKEN,SUKHSHENA H
SKF,SAKHOTI TANDA
SKG,SAKTIGARH
SKGH,SAKTESGARH
SKHK,SUKHASAN KOTHI H
SKHV,SUKHOVI
SKI,SAKRI JN
SKIP,SIKARIPARA
SKJ,SAHIBPUR KML JN
SKJS,SHRI KRISHNA JANAM ASTHAN
SKK,SIKKAL
SKKE,SEKERKOTE
SKL,SINGAPERUMALKOIL
SKLI,SUKLI
SKLP,SHANKERPUR H
SKLR,SAKLESHPUR
SKM,SINGARAYAKONDA
SKN,SRIKRISHN NAGAR
SKND,SUKINDA ROAD
SKNP,SARKANPUR
SKNR,SHAKARNAGAR
SKP,SHANKARPALLI
SKPA,SHRIKALYANPURA
SKPI,SIKARPAI
SKPR,SIKKARPUR HALT
SKPT,SOMANAYAKKANPTI
SKQ,SIKANDARPUR
SKR,SAKHPUR
SKRI,SIKARIA H
SKS,SALEKASA
SKSO,SIKOSA
SKT,SAKTI
SKTN,SHAKTI NAGAR
SKU,SIKRODA
SKVL,SANKVAL
SKW,SHEIKHUPUR
SKX,SARKARA
SKY,SHIKARA
SKZR,SIRPUR KAGAZNGR
SL,SURATHKAL
SLB,SALBONI
SLBN,SALAI BANWA
SLD,SAKALDIHA
SLF,SILLI
SLG,SIMLAGARH
SLGE,SULERJAVALGE
SLGH,SHELGOAN H
SLGR,SIMALUGURI JN
SLH,SILIARI
SLHA,SALHANA
SLHI,SHILHAURI HALT
SLHP,SULAH HMCHL PDH
SLI,SANGLI
SLIA,SALAIA
SLJ,SAKRIGALI JN
SLJR,SALGAJHARI
SLKN,SANDAL KALAN
SLKR,SALKAROAD
SLKX,SALAKATI
SLM,SOMALAPURAM
SLN,SULTANPUR
SLNA,SALAUNA
SLNG,SULTANPUR GRAM
SLNK,TAJ SULTANPUR
SLO,SAMALKOT JN
SLON,SALONA
SLOR,SELOO ROAD
SLP,SALPA
SLR,SALOGRA
SLRA,SARLA ROAD
SLRD,SURLA ROAD
SLRP,SALARPUR
SLS,SALANPUR
SLT,SILAUT
SLTH,SILLAKKUDI
SLU,SASALU
SLV,SANDALPUR
SLW,SOHWAL
SLWR,SILAWAR
SLX,SELENGHAT
SLY,SAMALPATTI
SLZ,SOLARI
SM,SAMSI
SMAE,SAMUDRAGARH
SMAP,SHAMNAPUR
SMBH,SALIMPUR BIHAR
SMBL,SIMBHOOLI
SMBR,SUMBER
SMBX,SAMBA
SMC,SAMNAPUR
SMCK,SHYAM CHAK
SMCP,SIMEN CHAPARI
SMD,CHARANMAHADEVI
SMDM,SAMUDRAM
SMDP,SHAHABAD MUHAMMADPUR H
SMDT,SEMMANDAPPATTI
SME,SHIMOGA
SMET,SHIMOGA TOWN
SMF,SAMAR GOPALPUR
SMGR,SAMAGURI
SMH,SIMRAHA
SMI,SITAMARHI
SMK,SAMALKHA
SMKR,SHAM KAURIA F
SMKT,SOMAN KATTI
SML,SHIMLA
SMLA,SAMLAYA JN
SMLG,SHIMILIAGUDA
SMLT,SAMLOTI
SMM,SALIYAMANGALAM
SMND,SARMATANR
SMNE,SOMTANE
SMNH,SOMNATH
SMNN,SHRI MAKRI NATH NAGAR
SMO,SEMAPUR
SMP,SHAMBHUPURA
SMPA,SHYAMPURI
SMPR,SHRI MADHOPUR
SMQL,SHAMLI
SMR,SAMDHARI JN
SMRL,SAMARALA
SMRR,SUMRERI
SMSR,SAMASWARA
SMT,SALAMATPUR
SMTA,SAMUKTALA ROAD
SMTG,SAHID MATANGINI
SMTL,SIMARIATAL
SMU,SAMBHU
SMV,SUMAOLI
SMVB,SMVT BENGALURU
SMVJ,SHRI MAHAVEERJI
SMWA,SOMESHWARA
SMX,SIMURALI
SMZ,SARAI MIR
SN,SUKNA
SNA,SADANAPURA
SNAD,SANIYAD
SNAP,SONA ARJUNPUR
SNAR,SRINAGAR
SNB,SATNAUR BADESRON
SNBD,SUNDERABAD
SNBR,SONUABARY
SNC,S NARAYAN CHPLA
SNCA,SINGRA
SNCR,SANPADA
SND,SONDIMRA
SNDD,SINDHUDURG
SNDI,SENDURAI
SNDT,SINDRI TOWN
SNDY,SANDAI H
SNE,SHENOLI
SNF,SANAT NAGAR
SNGN,SANGANER
SNGP,SINGHPUR
SNGR,SANGANAPUR
SNH,SAUNSHI
SNHR,SANKHARI
SNHT,SANHATI H
SNI,SINDI
SNIE,SATH NARAINI
SNK,SINDKHEDA
SNKB,SONKHAMB
SNKE,SUNEHTI KHARKHARI H
SNKG,SANKARA GUMMANUR H
SNKL,SANKARANKOVIL
SNKR,SANKA
SNKX,SANKRA H
SNL,SANAHWAL
SNLR,SANTALPUR
SNM,SITANAGARAM
SNMY,SINDRI MARSHALLING YARD
SNN,SONEGAON
SNNR,SINDHANUR
SNO,SOMANUR
SNP,SONIPAT JN
SNPH,SHANKAPUR H
SNPR,SINGARPUR
SNPU,SONEPUR
SNQ,SANKARPUR
SNR,SHYAMNAGAR
SNRA,SANWARA H
SNRD,SANDHURST ROAD
SNRP,SONIPUR RUPAL H
SNRR,SANSARPUR
SNS,SASNI
SNSI,SAINAGAR SHIRDI
SNSL,SONSHELU
SNSN,SONASAN
SNT,SAINTHIA
SNTD,SANTALDIH
SNTH,SONTHALIYA
SNU,SANGRAMPUR
SNV,SONDAD
SNVR,SANVATSAR
SNX,SANEH ROAD
SNYN,SONIYANA
SNZ,SHERGANJ H
SOA,SANOSRA
SOAE,SOMRA BAZAR
SOB,SILANIBARI
SOD,SOJAT ROAD
SOE,SHEOPUR KALAN
SOF,SAOTA
SOG,SURATGARH JN
SOGR,SOGRA
SOH,SIROHI ROAD
SOHL,SOHAL
SOJ,SAROJINI NAGAR
SOJN,SIHOR GUJARAT
SOL,SOLAN
SOLA,SOVABAZAR AHIRITOLA
SOLR,SOLUR
SOM,SOMNA
SONA,SONAMUKHI PH
SONH,SEONAN H
SONI,SONI
SONR,SAONER JN
SONW,SONWARSA H
SOP,SHIUPUR
SOPR,SONMA PRANPUR F
SOQ,SOMPUR ROAD
SOR,SONAGIR
SORI,SORAI
SORO,SORO
SOS,SOMESAR
SOT,SHOHRATGARH
SOU,SUPAUL
SOW,SUHSARAI
SOY,SUKRIMANGELA
SP,SAIDAPET
SPAK,ARNIYA KALAN SALEMPURA
SPAM,SENJI PANAMBAKKAM
SPB,SONEKHPUR H
SPBK,SUNDERPUR
SPC,SITAPUR CITY
SPD,SUPEDI
SPDM,SINGHPURDUMRA
SPDR,SHEOPRASADNAGER
SPE,SULLURUPETA
SPF,STUARTPURAM
SPGL,SARAI GOPAL
SPGR,SAMPIGE ROAD
SPHL,SHAMPURHALLI H
SPHT,SHIVPURI H
SPJ,SAMASTIPUR JN
SPJB,SAIDPUR JALALABAD
SPK,SAPEKHATI
SPL,SUNDARAPERUMAL KOIL
SPLE,SUJNIPARA
SPN,SHAHJEHANPUR
SPO,SURPURA
SPP,SHAHPUR PATOREE
SPPA,SHERPUR DHIPURA
SPPR,SHUDNIPUR
SPQ,SORUPETA
SPR,SONARPUR JN
SPRA,SILLIPUR
SPRD,SINGAPURAM ROAD
SPRM,SITAPURAM PH
SPRN,SALEMPUR HALT
SPS,SHRIPAT SHRIKHANDA
SPSR,SARPESWAR PH
SPT,SOMPETA
SPTR,SILAPATHAR
SPV,SIVAPUR
SPWI,SOLAPURWADI
SPX,SAPATGRAM
SPY,SARSONPURI
SPYA,SIPAYA H
SPZ,SAMPLA
SQB,SINGHABAD
SQD,SATTIRAKKUDI
SQE,SAMARALA H
SQF,SUKRITIPUR
SQJ,SAILA KHURD
SQK,SHANKAR
SQL,SONTALAI
SQN,SARAI KANSRAI
SQQ,SALAGAON
SQR,SULTANPUR LODI
SQS,SIGSIGI
SQW,SIDHWALIA
SR,SABLI ROAD
SRA,SEMRA
SRAS,SIRAS
SRB,SAROBAG
SRBA,SARAGBUNDIA
SRBH,SHAHID RAMPHAL BALHARA
SRBZ,SEHARA BAZAR PH
SRC,SANTRAGACHI JN
SRDR,SARDARSHAHR
SRDW,SHRIMAD DWARIKAPURI H
SRE,SAHARANPUR
SRF,SAGAR JAMBAGARU
SRGH,SURAJGARH
SRGM,SRIRANGAM
SRGP,SARAGIPALI
SRGR,SARAYGARH
SRGT,SURENDRANAGAR GATE
SRI,SALMARI
SRID,SHRIDHAM
SRJ,SHANKARGARH
SRJK,SURAJKUNDA
SRJM,SIRJAM
SRJN,SIRAJNAGAR H
SRJR,SARSA JARNALPUR
SRKI,SEMARKHERI
SRKN,SHEREKAN
SRKR,SALAR KHURD
SRL,SAROLA
SRM,SARNA
SRMN,SEMRAON
SRMP,SIRSI MUKHDUMPUR
SRMR,SRIRAMPURAM
SRMT,SIRMUTTRA
SRNK,SORON
SRNM,SRIRAMANAGAR H
SRNR,SRIRAMNAGAR
SRNT,SARNATH
SRO,SIRATHU
SRP,SERAMPORE
SRPB,SRIRAMPUR ASSAM
SRPJ,SWARUPGANJ
SRPM,SIRIPURAM
SRPN,SRIPANI
SRPR,SARUPSAR JN
SRPU,SRIPUR H
SRR,SHORANUR JN
SRRG,SURER GOTH
SRSI,SARSI
SRSL,SIRSALA
SRSO,SARSOO
SRT,SATUR
SRTE,SOOROTHEE
SRTL,SHERTALAI
SRTN,SIBSAGAR TOWN
SRU,SALEMPUR JN
SRUR,SIRPUR TOWN
SRVN,SRAVANUR H
SRVT,SIRUVATTUR
SRVX,SURAVALI
SRW,SHRI KARANPUR
SRWN,SARASWATINAGAR
SRX,SURA NUSSI
SRY,SIRARI
SRZ,SARDARGARH
SS,SHIRSOLI
SSA,SIRSA
SSB,SHAKURBASTI
SSC,SHAHI
SSCR,SONACHARA
SSD,SHAMSABAD
SSDT,SHAMSHABAD TOWN
SSF,SIRSUPHAL
SSG,SHIU SAGAR ROAD
SSGJ,SURASARAIGHAT JHARA
SSGR,SISAI GULAB RAI H
SSHT,SAGHAR SULTANPUR H
SSI,SHIRSAI
SSIA,SUISA
SSKA,SISARKA
SSKI,SARSOKI
SSKL,SUSKAL
SSL,SIRSAUL
SSM,SASARAM
SSN,SASON
SSNH,SHRI SHARDA NAGAR
SSNR,SATSANGNAGAR
SSNS,SAHEED SURAJ NARAYAN SINGH H
SSNT,SIRSA NUNTHAR HALT
SSP,SANTOSHPUR F
SSPD,SADASHIVAPET RD
SSPH,SATISH SAMANTA P H
SSPN,SAI P NILAYAM
SSPR,SADASHIBAPUR
SSR,SARERI
SSRD,SHASAN ROAD F
SSRH,SHASAN H
SSU,SASAMUSA
SSV,SASVAD ROAD
SSW,SARSAWA
SSZ,SADDA SINGHWALA
ST,SURAT
STA,SATNA
STB,SHANTIPUR
STBB,SATBERIA H
STBD,SULTANABAD
STBJ,SITABINJ
STC,SANTA CRUZ
STD,SATROD
STDB,SITAFALMANDI B
STDR,SATADHAR
STE,SAGARAKATTE
STF,SIKTA
STH,SAITHAL H
STJT,SATHAJAGAT
STKT,SASTHANKOTTA
STKW,SULTANPUR KALIAWAS
STL,SIMULTALA
STLB,SITALPUR BENGAL
STLI,SITHOULI
STLR,SITALPUR
STM,ST THOMAS MOUNT
STN,SITARAMPUR
STNL,SATNALI
STNR,SITALNAGAR
STP,SITAPUR
STPD,SITAFAL MANDI
STR,SATARA
STRB,SANTIR BAZAR
STRK,SITAPUR KUTHCERY HAL
STSN,SHAITANSINGHNGR
STUR,SATULUR
STVA,SATYAVADA
STW,SAHATWAR
STZ,SATRAON F
SUA,SARDIHA
SUAL,SAUNDAL
SUBR,SUBHAGPUR
SUC,SUNAK
SUD,SUDHANI
SUDR,SUNDERPUR HALT
SUDV,SUMMADEVI
SUH,SULEHALLI
SUI,SUI
SUIA,SURAINCHA H
SUJ,SARJU
SUJH,SUJANGARH
SUJR,SUJRA
SUKU,SUKU
SUL,SULADHAL
SULH,SULHANI
SUM,SUMMIT
SUMR,SUMER
SUNM,SUNMAI H
SUNR,SURENDRANAGAR JN
SUP,SHRUNGAVARPUKTA
SUPP,SUPPALAPADU
SUR,SOLAPUR JN
SURI,SIURI
SURL,SURELI
SURP,SURATPURA
SURR,SURERA
SUT,SATLANA
SUU,SULUR ROAD
SUW,SUKHISEWANIYAN
SUX,SUDIYUR
SUZ,SUBANSIRI
SV,SIWAN JN
SVA,SUWASRA
SVB,SAVNI
SVC,SIWAN KACHERI F
SVD,SARWARI
SVDK,MATA VAISHNO DEVI KATRA
SVE,SEWRI
SVF,SRI VENKATAPERUMAL R
SVG,SAWALGI
SVGA,SIVAGANGA
SVH,SONADANGA
SVHE,SISVINHALLI
SVI,SAGARPALI
SVJR,SHIVAJINAGAR
SVKD,SAVARKUNDLA
SVKS,SIVAKASI
SVL,SEVALIYA
SVM,SANVERDAM CHUCH
SVN,SIVUNGAON
SVNR,SAVANUR
SVO,SANVRAD
SVPH,SHIVPUR HALT
SVPI,SHIVPURI
SVPM,S VENKTESWRPALM
SVPR,SRIVILLIPUTTUR
SVQ,SIVOK
SVR,SEVVAPET ROAD
SVRP,SHIVANARAYANPUR
SVS,SRINIVASPUR
SVT,SHIVPURA
SVUR,SEVUR
SVV,SRIVAIKUNTAM
SVW,SHIVNI SHIVAPUR
SVX,SAVARDA
SVZ,SARAI HARKHU
SW,SEHRAMAU
SWA,SAHJANWA
SWAR,SEWAR
SWC,SHIVRAMPUR
SWD,SANAWAD
SWDE,SIWAHA
SWDV,SEA WOOD DARAVE
SWE,SIWAITH
SWF,SATHIN ROAD
SWG,SIDHWAN
SWI,SWAMIMALAI
SWJ,SIAJULI
SWKE,SAWALKOTE
SWLN,SURAWADI
SWM,SAWAI MADHOPUR
SWNI,SIWANI
SWNR,SEWA NAGAR
SWO,SONWARA
SWPR,SEWAPURI
SWPS,SWAMI PARAMHANS
SWR,SONUA
SWRT,SAHAWAR TOWN
SWS,SUWANSA
SWT,SHIWALA TEHU H
SWV,SAWANTWADI ROAD
SWW,SHAHANAGAR TIMARUA
SWX,SAIDANWALA
SXA,SAGPHATA
SXB,SAMBRE
SXC,SONDALIA
SXD,SIDULI
SXE,SILA KHERI
SXF,SOBHAPUR
SXK,SHAJAHANPURCORT
SXN,SONAKHAN
SXP,SANKOPARA
SXQ,SUAHERI H
SXR,SERNDANUR
SXT,SALEM TOWN
SXX,SALBARI
SXZM,SOPORE
SY,SIRKAZHI
SYA,SALAIA
SYC,SARAI CHANDI
SYE,SINDEWAHI
SYF,SEMAI
SYH,SAIYEDPUR BHITRI
SYJ,SAIDRAJA
SYK,SAIDKHANPUR
SYL,SALPURA
SYM,SAVALYAPURAM
SYN,SAYAN
SYQ,SINHAN
SYU,SARAYAN
SYW,SINDURWA
SYWN,SAIYID SARAWAN
SYZ,SONAI
SZ,SALAWAS
SZA,SAROTRA ROAD
SZB,SARONA
SZE,SONARDIH
SZF,SATBAHINI
SZH,SAONGA HALT
SZK,SUR KHAND KA KH
SZM,SUBZI MANDI
SZN,SHAHBAZNAGAR
SZP,SHAHJAHANPUR
SZR,SARUPATHAR
SZV,SIVADI
SZY,SILAK JHORI
SZZ,SABIRA
TA,TANUR
TAA,TADLA PUSAPALLI
TABU,TALABURU
TAC,TATICHERLA
TADA,TADA
TAE,TADALI
TAK,TARAKESWAR
TAKU,TAKU
TALA,TALA
TALL,TALL JN
TAM,TILAIVILAGAM
TAN,TARANA ROAD
TAO,TAMNA
TAP,TAPANG
TAPA,TAPA
TAR,THARSA
TAS,THASRA
TASA,THIPPASANDRA
TAT,TUMMANAMGUTTA
TATA,TATANAGAR JN
TATI,TATI
TAV,TALALA JN
TAY,TALAIYUTHU
TAZ,TARGAON
TB,THARBITIA
TBA,TIMBA ROAD
TBAE,TRIBENI
TBB,TILBHITA
TBDM,TUNGABHADRA DAM
TBH,TATIBAHAR
TBL,TARCHHERA BARAOLIRAN
TBM,TAMBARAM
TBMS,TAMBARAM SANATORIUM
TBN,TIMARNI
TBR,TAIABPUR
TBT,TALBAHAT
TBTN,THANA BHAWAN TOWN H
TBU,TERBAN H
TBV,TIMBARVA
TBX,TILBHUM
TCH,TIRUCHCHULI
TCL,TYAKAL
TCN,TIRUCHENDUR
TCNR,TIRUCHANUR
TCR,THRISUR
TCT,TIRUCHCHITRMBLM
TDD,TADEPALLIGUDEM
TDE,THUDIYALUR
TDH,TINDHARIA
TDK,TADUKU
TDL,TUNDLA JN
TDLE,TILDANGA
TDN,TIRUPARANKNDRM
TDO,TANDA URMAR
TDOK,TAROKI
TDP,TODARPUR
TDPM,TODIYAPPULAM
TDPR,TIRUPADRIPULYUR
TDR,TIRUVIDAIMARUDUR
TDU,TANDUR
TDV,THONDEBHAVI
TDW,TANDWAL
TEA,TAREGNA
TEG,TRIBEDIGANJ
TEK,TEKKALI PH
TEL,TENALI JN
TELI,TELI
TELO,TELO
TELY,TELIA
TEN,TIRUNELVELI JN
TENI,TENI
TEO,TEEGAON
TERH,TERHA H
TET,TETULMARI
TETA,TELTA
TFGN,TUFANGANJ
TGA,TEGHRA
TGB,TANGRABASULI B S
TGBP,THINGOU
TGCH,TERAGACHH
TGDE,THANGUNDI
TGE,THEKERAGURI
TGH,TITAGARH
TGL,TUGGALI
TGLN,TARADGAON
TGM,TANGARMUNDA
TGN,TALEGAON
TGP,TULJAPUR
TGQ,TENGANMADA
TGRL,TANGIRIAPAL
TGT,TINAI GHAT
TGU,TARIGOPPULA
TH,TINICH
THA,TEHTA
THAM,THAM
THAN,THAN JN
THB,THANA BIHPUR JN
THBN,THANA BHAWAN
THDR,THANDLA RD
THE,THAWE JN
THEA,THALERA
THJ,TALHERI BAZURG
THK,THAKURLI
THKU,THALLAK
THL,TIRUVALAM
THM,THAIYAT HAMIRA
THMR,THATHANA MITHRI
THN,TOLAHUNSE
THO,TULIN
THP,TAHERPUR
THPR,TIPPAPUR
THR,THARA
THS,THANSIT
THTW,THAILIK TWISA
THUR,THURIA
THV,THERUBALI
THVM,THIVIM
THW,THARWAI
THWM,TAPESHWARNATH D
THX,TOVALAI
THY,THADI
TI,TIRUNINRAVUR
TIA,TILAYA
TIBI,TIBI
TIC,TIMMACHIPURAM
TID,TAGDI
TIG,TITLAGARH
TIHU,TIHU
TII,TINGRAI
TIK,TIK
TIL,TILRATH
TILA,TILA
TIM,TIMMANACHERLA
TIP,TATTAPPARAI
TIR,TIRUR
TIS,TATISILWAI
TISI,TISI
TIT,TALIT
TIU,TILARU
TIW,TIVARI
TJ,THANJAVUR
TJD,TAJPUR DEHMA
TJH,TEJGADH
TJM,TURINJAPURAM
TJP,TAJPUR
TJSP,TAJ SULTANPUR
TJW,TEJPURWA H
TK,TUMKUR
TKA,TEHARKA
TKB,TUPKADIH
TKBG,TEKA BIGHA H
TKBN,TSAKIBANDA
TKC,THAKURKUCHI
TKD,TUGLAKABAD
TKE,TARIKERE
TKF,TAKI ROAD
TKG,THAKURGANJ
TKH,THAKURTOTA
TKHA,TAKHA
TKHE,TAKARKHEDE
TKI,TAKLI
TKJ,TILAK BRIDGE
TKLB,TAKLI BHANSALI
TKLE,TIKANI H
TKLN,TARRA KALAN
TKMG,TIKAMGARH
TKMY,TAKLIMIYA
TKN,TANKUPPA
TKND,TRIVIKARAMDEO NAGAR H
TKNG,TILAK NAGAR
TKNR,THAKURNAGAR
TKO,TAKKOLAM
TKP,TAKIPUR
TKPH,TAKIPUR HALT
TKPL,TIKIRAPAL P H
TKPY,TURKAPALLI
TKQ,TRIKARPUR
TKR,TAKARI
TKRA,TIKRA P H
TKRI,TIKIRI
TKRP,TIKAULI RAWATPUR
TKRU,TAKHRAU H
TKS,TOKISUD
TKT,TIKKOTTI
TKTB,THAKURBARI
TKU,TANAKALLU
TKUR,TAPPA KHAJURIA H
TKV,TEKANWAS
TKWD,TIKEKARWADI
TKYR,TIKARIA
TL,TILONIYA
TLA,TITAVALA
TLAM,TULSI ASHRARN
TLB,TALWA BAZAR
TLC,TALCHHAPAR
TLD,TILDA
TLE,TALGARIA
TLG,TOLLYGANJ
TLGI,TELIGI
TLGP,TALGUPPA
TLGR,TULSI NAGAR H
TLH,TILHAR
TLHD,TALCHER ROAD
TLHR,TALCHER
TLI,TULWARA JHIL
TLJ,TALJHARI
TLKH,TALAKHAJURI
TLKL,TALAKAL
TLL,TALAP
TLM,TIRUSULAM
TLMD,TRILOCHAN MAHDO
TLMG,TALAMADUGU
TLMR,TELIAMURA
TLN,TALNI
TLNH,TILAUNCHI
TLNR,TALANALLUR
TLO,TALANDU
TLPH,TALPUR
TLPR,TELAPUR
TLR,TULSIPUR
TLRA,TALARA
TLS,BETTAHALSOOR H
TLSI,TULSIA
TLT,TILATI
TLU,TARLUPADU
TLV,TALVADYA
TLWA,THALWARA
TLX,TALDI
TLY,THALASSERY
TLZ,TALAVLI
TMA,TAMURIA
TMB,TEMBURU
TMC,TALAMANCHI
TMD,TALMADLA
TME,TUTI MELUR
TMH,TIN MILE HAT
TMHA,THUMHA
TMKA,TOMKA
TML,TENMALAI
TMLP,TIRUMALPUR
TMLU,TUMMALACHERUVU
TMP,TAMARAIPADI
TMPM,TIMMAPURAM H
TMPT,TIRUMALAIRAYAN PATTINAM H
TMPY,TUMBOLI
TMQ,TIRUMANGALAM
TMR,TUMSAR ROAD
TMS,TUMSAR TOWN
TMT,TIMTALA
TMU,TIRUMATHIKKUNNAM
TMUR,TENUA DUMARIA H
TMV,TINDIVANAM
TMVL,TIRUMULLAIVAYIL
TMX,TIMMAPUR
TMZ,TAMLUK
TN,TUTICORIN
TNA,THANE
TNDE,THANESAR CITY
TNGI,TUNGI H
TNGL,TORANAGALLU
TNGM,TONDALA GOPAVARAM
TNGN,TANGANI
TNGR,THONGANUR
TNH,TINKHEDA
TNI,TANDARAI
TNJE,TENTULIA
TNJR,TAJ NAGAR
TNK,TIRUNELLIKAVAL
TNKU,TANUKU
TNL,TANGLA
TNM,TIRUVANNAMALAI
TNNH,TAPASWINARAYAN NAGAR H
TNO,TUNDU
TNP,TONDIARPET
TNPR,TEJNARAYANPUR DK
TNR,TANGUTURU
TNRI,TENERI H
TNRU,TENNERU H
TNT,TINNAPATTI
TNUE,TINDAULI
TNW,THAPARNAGAR
TNX,TARAK NAGAR H
TO,TIRUVALANGADU
TOD,TALOD
TOI,TAMKUHI ROAD
TOK,THOKUR
TOM,TONDAMANPATTI
TOP,TAPASI
TORA,TORNIYA
TORI,TORI
TOS,TOLASAMPATTI
TOU,TELAPROLU
TOY,TOPPUTURAI
TP,TIRCHRPALI FORT
TPB,TRILOKPUR H
TPC,TIRUPPACHETTI
TPE,TIRUCHRPLI PLKI
TPF,TARAPITH ROAD
TPG,TIPLING
TPH,TINPAHAR JN
TPJ,TIRUCHCHIRAPALI
TPK,TIPKAI
TPKR,TIKIAPARA
TPM,TOTIYAPALAIYAM
TPND,TALOJA PANCHAND
TPNI,TUIYA PANI
TPO,TANTPUR
TPP,TOPPUR
TPPI,TIPPARTHI
TPQ,TOPOKAL
TPSA,TOP SARTHUA
TPT,TIRUPATTUR JN
TPTN,TIRUCHRPALI TWN
TPTY,TIRUPATI
TPU,TANAKPUR
TPV,TINPHERIA H
TPW,TIRUPATI WEST H
TPY,TADAKALPUDI
TPZ,TAPRI
TQA,TAKIA
TQL,THEH QALANDAR
TQM,TELAM
TQN,TIKUNIA
TQR,TEKTAR F
TR,TARU
TRA,TANGRA
TRAN,TORANG
TRB,TIRUVERUMBUR
TRBE,TARABARI
TRBI,TORONIBARI
TRDI,TIRODI
TRE,TIKRI H
TRF,TAROPA
TRG,TARIGHAT
TRJ,TARIASUJAN
TRK,TIRUKOILUR
TRKR,TUREKALA ROAD
TRL,TIRUVALLUR
TRM,TIRUNAGESVARAM
TRMN,TARAMANI
TRN,TARAON
TRO,TIRORA
TRP,TARAPUR JN
TRPL,TRIPAL
TRR,TARAORI
TRS,TARSARAI
TRSR,TARSAI
TRT,TIRUTTANI
TRTR,TRIUPUNITTURA
TRVL,TIRUVALLA
TRVZ,TIRUVIZHA
TRWT,TARAVATA
TRZ,TOLRA
TSA,TISUA
TSAH,TATASIGUA
TSD,TAHSIL BHADRA
TSF,TAHSIL FATEHPUR
TSI,TENKASI JN
TSK,TINSUKIA JN
TSL,TAKSAL
TSR,TSUNDURU
TSS,TALLI SAIDASAHU
TT,TITTE
TTB,TITABAR
TTI,TURTIPAR
TTL,TIRUTTANGAL
TTLA,TETELIA
TTO,TARN TARAN
TTP,TIRUTURAIPUNDI JN
TTPT,TALCHER THERMAL PH
TTQ,THATHANKULAM
TTR,TIPTUR
TTU,TETTU
TTW,TITWA
TU,TADIPATRI
TUA,TIRUNNAVAYA
TUD,TALODHI ROAD
TUG,THALANGAI
TUH,TURBHE
TUJ,TANIJAN
TUL,TIRALDIH
TUN,TOHANA
TUNG,TUNG
TUNI,TUNI
TUP,TIRUPPUR
TUR,TURKI
TUV,TUVVUR
TUVR,TURAVUR
TUWA,TUWA
TUX,TUNIA
TUY,THIRUTHURAIYUR
TVC,TRIVANDRUM CNTL
TVCN,TRIVANDRUM NORTH
TVCS,THIRUVANANTHAPURAM SOUTH
TVG,TAVARGATTI
TVI,TARADEVI
TVL,TADWAL
TVN,TIRUPPUVANAM
TVNL,TIRUVENNAINALLUR ROAD
TVP,TRIVANDRUM PETT
TVR,THIRUVARUR JN
TVS,TALAIVASAL
TVT,TIRUVOTTIYUR
TWB,TALWANDI
TWG,TWINING GANJ
TWI,TOTEWAHI
TWL,TILWARA
TWV,THUWAVI
TXM,TANDAVAPURA H
TXR,THIRUNALLARU
TY,TULUKAPATI
TYAE,TENYA
TYK,THABALKE
TYM,TIRUMAYAM
TYMR,TIRUVANMIYUR
TYT,TIRUNELVELI TOWN
TZD,TOZHUPPEDU
TZH,TAKAZHI
TZR,TURKI ROAD
UA,UPLETA
UAA,UPPALA
UAM,UDAGAMANDALAM
UB,USKA BAZAR
UBC,AMBALA CITY
UBL,HUBBALLI JN
UBN,UBARNI
UBR,UMBARGAM ROAD
UCA,UCHANA
UCB,UNCHI BASSI
UCH,UNCHAULIA
UCP,UCHIPPULI
UCR,UNCHAHAR JN
UD,UDUPI
UDGR,UDGIR
UDK,UDYANKHERI
UDKL,UDAI KALAN
UDKN,UDAYPUR KHURD H
UDL,ANDAL JN
UDM,UNDASA MADHAWPU
UDMR,UDI MOR
UDN,UDHNA JN
UDPR,UDAIPURA
UDPU,UDAIPUR TRIPURA
UDR,AMDARA
UDS,UDASAR
UDT,UDUMALAIPPETTAI
UDZ,UDAIPUR CITY
UGD,UPPUGUNDURU
UGN,UGAON
UGNA,UGNA HALT
UGP,UGARPUR
UGR,UGAR KHURD
UGU,UGU
UGWE,UGWE
UHL,UNA HIMACHAL
UHP,UDHAMPUR
UHR,UNCHHERA
UIH,UMARIA ISPA HLT
UJ,UJALVAV
UJA,UNJHA
UJH,UJHANI
UJN,UJJAIN JN
UJP,UJIARPUR
UKA,UKHRA
UKC,UKSHI
UKD,ULINDAKONDA
UKE,UTTARKATHANI
UKH,UKHALI
UKL,UTTUKULI
UKLR,UKILERHAT H
UKN,UKLANA
UKR,UDALKACHAR
UKV,UTTAMARKOVIL
ULA,UMRA NALA
ULB,ULUBARIA
ULD,ACHALDA
ULG,UDALGURI
ULL,ULLAL
ULM,URLAM
ULN,ULNA BHARI
ULNR,ULHASNAGAR
ULT,KULTI
ULU,ULUNDURPET
UM,UMARDASHI
UMB,AMBALA CANT JN
UMD,USMANABAD
UMED,UMED
UMG,UTTANGAL MANGALAM
UMH,UMRETH
UML,UMALLA
UMM,UMRAM
UMN,AMBLIYASAN
UMNR,UMESHNAGAR
UMR,UMARIA
UMRA,UMRA
UMRI,UMRI
UMS,UDRAMSAR
UNA,UNA
UND,UNCHDIH
UNDI,UNDI
UNI,UNAI VANSADA RD
UNK,UNKAL
UNL,UNHEL
UNLA,UNAULA
UOI,UMROLI
UPA,UTTARPARA
UPD,ULAVAPADU
UPL,UPPALUR
UPM,URAPPAKKAM
UPR,USMANPUR
UPRD,USMANPUR DEHAT HALT
UPW,UPPALAVAI
UR,UMDANAGAR
URD,UNTARE ROAD
UREN,UREN
URG,USARGAON
URGA,URGA
URGR,UDAYAGIRI RATNAGIRI ROAD
URI,URULI
URK,URKURA
URL,UNJALUR
URMA,URMA
URML,UPRAMAL
URN,UTRAN
URP,UDAYRAMPUR H
URPR,UGRASENPUR
USD,UKAI SONGADH
USK,USIAKHAS H
USL,USLAPUR
USLP,USILAMPATTI
USRA,USRA
UTA,UMAR TALI
UTD,UTARSANDA
UTL,UTARLAI
UTN,UTTAR RADHA NAGAR H
UTP,UTRI PURA
UTR,UTRAHTIA
UVD,UDVADA
UVSN,UNAWA VASAN
UWAN,URWAN
UWNR,UDWANT NAGAR H
VAA,BHAGA JN
VADR,VARUD
VAJ,VADAPALANJI HALT
VAK,VARKALA
VAL,VADAL
VAN,VADHVANA
VAPI,VAPI
VAPM,VALAPATTANAM
VAR,VIDYANAGAR
VARD,VAIKAM ROAD
VAS,VASAI DABHLA
VAT,VATLUR
VAY,VAYALUR
VB,VILLIYAMBAKKAM
VBH,VISHNUPUR BATHUA H
VBL,BOBBILI
VBN,VALLABHNAGAR
VBR,VAMBORI
VBW,VAIBHAVWADI RD
VC,VYASA COLONY
VCN,VIROCHANNAGAR
VD,VAGDIYA
VDA,VASAD JN
VDD,VENDODU
VDE,VEDAYAPALEM
VDG,VADNAGAR
VDH,VEDCHHA
VDI,VELDURTI
VDKS,VADANAMKURUSHSHI
VDL,VAITHISVARAN KOIL
VDLR,VADALA ROAD
VDM,VADAMADURA
VDN,VADGAON
VDNP,BAIJNATHPUR ANDOLI H
VDP,VADIPPATTI
VDR,VANDALUR
VDS,VIDYASAGAR
VDV,VADIYA DEVLI
VDY,VEDARANNIYAM
VEER,VEER
VEI,VELLIYANAI
VEK,VELLARAKKAD
VEL,VELLANUR
VELI,VELI
VEN,VERNA
VER,VELLUR H
VEU,VEPPAMPATTU
VG,VIRAMGAM JN
VGA,VEPAGUNTA
VGE,VALAPPADI G HLT
VGH,VELANGI
VGI,VANGANI
VGL,VAGHLI
VGLJ,V LAKSHMIBAI JHANSI
VGM,VINNAMANGALAM
VGN,VANGAON
VGR,VAGRA
VGT,UNGUTURU
VH,VAKADA
VI,VILLIANUR
VID,VILAVADE
VINH,VINHERE
VJ,VIRINCHIPURAM
VJA,VEJANDLA
VJD,VIJPADI ROAD
VJF,VIJAPUR
VJK,VEJALKA
VJM,VYASARPADI JEEVA
VJP,VIJAY PUR
VJPJ,VIJIYPUR JAMMU
VJR,VIJAYANAGAR
VK,VIKHROLI
VKA,VERKA JN
VKB,VIKARABAD JN
VKD,BAKHRABAD
VKDH,VEER KUNWAR SINGH DHARAULI H
VKG,VAVADI KHURD
VKH,VIKHRAN ROAD
VKI,VENKATAGIRI
VKM,VENKETESAPURAM
VKN,VINUKONDA
VKNR,VALMIKINAGAR RD
VKP,VARAKALPATTU
VKR,VENKATNAGRA
VKT,VENKATACHALAM
VKZ,VENKATANARASIMHARAJUVARIPETA
VL,VILAD
VLA,BAVLA
VLCY,VELACHERY
VLD,VAYALPAD
VLDE,VALADI
VLDI,VITHALWADI
VLDR,VALADAR
VLE,VELLACHERUVU
VLG,VANIGONDA
VLI,VALLIKUNNU
VLK,VILLIVAKKAM
VLL,VELLAYIL
VLNK,VELANKANNI
VLP,VILLE PARLE
VLR,VELLORE CANT
VLT,VALATHOOR
VLTR,VADALI LUTER ROAD
VLU,VADALUR
VLV,VALLIVEDU
VLY,VALLIYUR
VLYN,VALLABH VDYANGR
VM,VILLUPURAM JN
VMA,VIKRAMGARH ALOT
VMD,VADLAMANNADU
VML,VEMULAPADU
VMM,VALARAMANIKKAM
VMP,VALLAMPADUGAI
VMU,VEMURU
VN,VANIYAMBADI
VNA,VARANGAON
VNB,VANIYAMBALAM
VND,VENDRA
VNE,VISWANATH CHRLI
VNG,VISNAGAR
VNGL,VANGAL
VNGP,VANGAICHUNGPAO
VNJ,VANJIPALAIYAM
VNK,BINAIKI
VNM,ONTIMITTA
VNN,BHANAUR
VNR,DEVANUR
VNRD,VANI ROAD
VNTD,VANTADA HALT
VNUP,VISHNUPURAM
VNWI,VIGHANWADI
VOC,VOC NAGAR
VONB,VONDH
VP,VIRAPUR
VPDA,VIDYAPATIDHAM
VPG,VENTRAPRAGADA
VPH,VACHASPATINAGAR
VPJ,VAIYAMPATTI
VPL,VENKATAMPALLE
VPO,BHUPIA MAU
VPR,VISAPUR
VPT,VIRUDUNAGAR JN
VPU,VELPURU
VPZ,VAILAPUZHA
VR,VIRAR
VRA,VALAVANUR
VRB,VISHRAMBAG
VRBD,VRINDABAN ROAD
VRE,VAREDIYA
VRG,VIKRAMNAGAR
VRH,VIRBHADRA
VRI,VRIDHACHALAM JN
VRL,VERAVAL
VRLI,VERAVALI
VRLR,VIRANI ALUR
VRM,VARNAMA
VRN,VANGANUR
VRPD,VIRAPANDY ROAD
VRQ,VIRARAKKIYAM
VRR,VIRPUR
VRT,VRIDDHACHALAM TOWN
VRVL,VIRAVALLI H
VRX,VARAHI
VS,VISHVAMITRI
VSD,VASIND
VSG,VASCO DA GAMA
VSH,VASHI
VSHI,VAISHALI
VSI,VISHVAMITRI
VSKP,VISAKHAPATNAM
VSPR,BISNUPRIYA H
VSR,VASUNDHARA
VST,BIJAYSOTA
VSU,BISHNUPUR
VSW,VISAVADAR
VT,VELLORE TOWN
VTA,VATVA
VTDI,VARETHA
VTE,VENKATAGIRIKOTE H
VTG,BHETAGURI
VTJ,VARTEJ
VTK,VALLATTOINAGAR
VTL,VADTAL SWAMNRYN
VTM,VETAPALEMU
VTN,VAITARNA
VTP,VASTRAPUR
VTV,VALANTARAVAI
VU,VAGHPURA
VV,VALIVADE
VVA,VARVALA
VVB,VIVEKA VIHAR
VVD,VAVDI
VVG,VV GIRI HALT
VVH,VIDYAVIHAR
VVKP,VIVEKANANDPURI
VVM,VIRAVASARAM
VVN,VIKRAVANDI
VVR,VIRAVANALLUR
VVV,VAVERA
VWA,VIDURASWATTHA
VXD,VADOD
VXM,VELIPPALAIYAM
VYA,VYARA
VYK,VILAYATKALAN RD
VYN,VYASNAGAR
VYS,VYASANAKERI
VZ,VIJAYAMANGALAM
VZM,VIZIANAGRAM JN
VZPH,VAZEER PUR
VZR,BHANJPUR
WAAD,WAYAD
WAB,BALWA
WADI,WADI
WADO,WADODA
WAIR,WAIR
WANI,WANI
WC,WADHWAN CITY
WCN,WIMCO NAGAR
WDA,WADRENGDISA
WDG,WADEGAON
WDJ,WANDER JATANA
WDL,WANDAL
WDLN,WADWAL NAGNATH
WDM,WYNDHAMGANJ
WDN,VADGAON
WDR,WADIARAM
WDS,WADSINGE
WEL,WELLINGTON
WENA,WENA
WFD,WHITEFIELD
WG,WAGHOLI
WGA,WAGHODA
WGI,WAGHAI
WGJ,WARISGANJ H
WH,WEST HILL
WHM,WASHIM
WIRR,WIRUR
WJ,WALAJABAD
WJR,WALAJAH ROAD JN
WKA,VAKAV
WKI,WADAKANCHERI
WKND,WANABAR H
WKR,WANKANER JN
WKRC,WANKANER CITY
WL,WARANGAL
WLA,VALTOHA
WLGN,WALGAON
WLH,VALHA
WNG,WANEGAON
WOC,WARUD ORANGE CITY
WP,WANGAPALLI
WPR,WANPARTI ROAD
WR,WARDHA JN
WRA,WALAYAR
WRC,W R S COLONY PH
WRGN,WARIGAON NEWADA H
WRI,WARASONI
WRR,WARORA
WRS,WARIS ALEGANJ
WSA,WADSA
WSB,WASHIMBE
WSD,WASUD
WSJ,WANSJALIYA
WST,WASHERMANPET
WTJ,JAM WANTHALI
WTP,WATER PIPE
WTR,WATHAR
WTWI,WETALWADI
WWA,VAVANIYA
WZJ,WAZERGANJ
XBKJ,BIKRAMGANJ
XGN,GOKULNAGAR H
XSAD,SADIPUR H
XSAN,SARVODAYA H
Y,YELIYUR
YA,YERRAGUNTLA
YAD,YEULKHED
YADA,YADAVALLI
YADD,YADADRI
YAG,YAQUTGANJ H
YDD,YADUDIH
YDLP,YADLAPUR
YDM,YEDAMANGALA H
YDP,YEDAPALLI
YDV,YADVENDRANAGAR H
YEAM,YOGENDRA DHAM H
YFP,YUSUFPUR
YG,YADGIR
YGA,YARAGOPPA H
YGD,YERRAGUDIPAD
YGL,YELGUR
YGM,YADUGRAM BH
YJUD,YAMUNANAGAR JAGADHRI
YKA,YAKUTPURA KCG
YL,YEOLA
YLBA,YELBURGA
YLG,YALVIGI
YLK,YELLAKARU
YLM,ELLAMANCHILI
YNG,YENUGONDA
YNK,YELHANKA JN
YNRK,YOGNAGARI RISHIKESH
YP,ERRUPALEM
YPD,YERPEDU
YPR,YESVANTPUR JN
YS,YERMARAS
YSI,YEDSHI
YT,YEVAT
YVP,YAWARPURA
YY,YEDIYURU
ZARP,ZARAP
ZB,ZAHIRABAD
ZBD,ZAFARABAD JN
ZN,JANGAON
ZNA,ZAMANIA
ZNP,ZINDPURA H
ZP,ZERPUR PALI
ZPI,ZAMPINI
ZPL,ZANGALAPALLE
ZPR,ZORAWARPURA
ZRDE,JIRADEI
ZW,ZAWAR
